#
# There is insufficient memory for the Java Runtime Environment to continue.
# Native memory allocation (mmap) failed to map 65536 bytes. Error detail: Failed to commit metaspace.
# Possible reasons:
#   The system is out of physical RAM or swap space
#   This process is running with CompressedOops enabled, and the Java Heap may be blocking the growth of the native heap
# Possible solutions:
#   Reduce memory load on the system
#   Increase physical memory or swap space
#   Check if swap backing store is full
#   Decrease Java heap size (-Xmx/-Xms)
#   Decrease number of Java threads
#   Decrease Java thread stack sizes (-Xss)
#   Set larger code cache with -XX:ReservedCodeCacheSize=
#   JVM is running with Unscaled Compressed Oops mode in which the Java heap is
#     placed in the first 4GB address space. The Java Heap base address is the
#     maximum limit for the native heap growth. Please use -XX:HeapBaseMinAddress
#     to set the Java Heap base and to place the Java Heap above 4GB virtual address.
# This output file may be truncated or incomplete.
#
#  Out of Memory Error (virtualSpaceNode.cpp:113), pid=6624, tid=9832
#
# JRE version: OpenJDK Runtime Environment (21.0.7) (build 21.0.7+-13880790-b1038.58)
# Java VM: OpenJDK 64-Bit Server VM (21.0.7+-13880790-b1038.58, mixed mode, tiered, compressed oops, compressed class ptrs, g1 gc, windows-amd64)
# No core dump will be written. Minidumps are not enabled by default on client versions of Windows
#

---------------  S U M M A R Y ------------

Command Line: --add-opens=java.base/java.lang=ALL-UNNAMED --add-opens=java.base/java.lang.invoke=ALL-UNNAMED --add-opens=java.base/java.util=ALL-UNNAMED --add-opens=java.prefs/java.util.prefs=ALL-UNNAMED --add-exports=jdk.compiler/com.sun.tools.javac.api=ALL-UNNAMED --add-exports=jdk.compiler/com.sun.tools.javac.util=ALL-UNNAMED --add-opens=java.base/java.util=ALL-UNNAMED --add-opens=java.prefs/java.util.prefs=ALL-UNNAMED --add-opens=java.base/java.nio.charset=ALL-UNNAMED --add-opens=java.base/java.net=ALL-UNNAMED --add-opens=java.base/java.util.concurrent.atomic=ALL-UNNAMED --add-opens=java.xml/javax.xml.namespace=ALL-UNNAMED -Xmx2048m -Dfile.encoding=UTF-8 -Duser.country=US -Duser.language=en -Duser.variant -javaagent:C:\Users\USER\.gradle\wrapper\dists\gradle-8.12-bin\cetblhg4pflnnks72fxwobvgv\gradle-8.12\lib\agents\gradle-instrumentation-agent-8.12.jar org.gradle.launcher.daemon.bootstrap.GradleDaemon 8.12

Host: 11th Gen Intel(R) Core(TM) i3-1115G4 @ 3.00GHz, 4 cores, 7G,  Windows 11 , 64 bit Build 22621 (10.0.22621.5415)
Time: Tue Apr 14 18:50:09 2026 SE Asia Standard Time elapsed time: 443.480407 seconds (0d 0h 7m 23s)

---------------  T H R E A D  ---------------

Current thread (0x00000298b2ce5e60):  JavaThread "pool-2-thread-1"        [_thread_in_vm, id=9832, stack(0x000000b103200000,0x000000b103300000) (1024K)]

Stack: [0x000000b103200000,0x000000b103300000]
Native frames: (J=compiled Java code, j=interpreted, Vv=VM code, C=native code)
V  [jvm.dll+0x6d25c9]
V  [jvm.dll+0x860923]
V  [jvm.dll+0x862e7e]
V  [jvm.dll+0x863563]
V  [jvm.dll+0x27f156]
V  [jvm.dll+0x85b7fe]
V  [jvm.dll+0x675fa5]
V  [jvm.dll+0x1e31e1]
V  [jvm.dll+0x1e2fae]
V  [jvm.dll+0x6788f8]
V  [jvm.dll+0x678732]
V  [jvm.dll+0x67699e]
V  [jvm.dll+0x26b080]
V  [jvm.dll+0x215aab]
V  [jvm.dll+0x20aefa]
V  [jvm.dll+0x5b3e95]
V  [jvm.dll+0x7d88d3]
V  [jvm.dll+0x7d8a1b]
V  [jvm.dll+0x46fca7]
V  [jvm.dll+0x4755f8]
C  [java.dll+0x17ec]

Java frames: (J=compiled Java code, j=interpreted, Vv=VM code)
J 812  java.lang.ClassLoader.defineClass1(Ljava/lang/ClassLoader;Ljava/lang/String;[BIILjava/security/ProtectionDomain;Ljava/lang/String;)Ljava/lang/Class; java.base@21.0.7 (0 bytes) @ 0x0000029895c2b009 [0x0000029895c2af40+0x00000000000000c9]
J 18383 c2 java.net.URLClassLoader.defineClass(Ljava/lang/String;Ljdk/internal/loader/Resource;)Ljava/lang/Class; java.base@21.0.7 (224 bytes) @ 0x0000029896445b14 [0x00000298964441a0+0x0000000000001974]
J 18975 c2 java.net.URLClassLoader.findClass(Ljava/lang/String;)Ljava/lang/Class; java.base@21.0.7 (47 bytes) @ 0x00000298964b2364 [0x00000298964b1c60+0x0000000000000704]
J 25688 c2 org.gradle.internal.classloader.VisitableURLClassLoader$InstrumentingVisitableURLClassLoader.findClass(Ljava/lang/String;)Ljava/lang/Class; (36 bytes) @ 0x0000029896951928 [0x00000298969516a0+0x0000000000000288]
J 17370 c2 java.lang.ClassLoader.loadClass(Ljava/lang/String;Z)Ljava/lang/Class; java.base@21.0.7 (121 bytes) @ 0x0000029895f59124 [0x0000029895f58560+0x0000000000000bc4]
J 3388 c2 java.lang.ClassLoader.loadClass(Ljava/lang/String;)Ljava/lang/Class; java.base@21.0.7 (7 bytes) @ 0x0000029895c0476c [0x0000029895c04720+0x000000000000004c]
v  ~StubRoutines::call_stub 0x00000298956310e7
j  com.google.wireless.android.sdk.stats.AndroidStudioEvent.toBuilder()Lcom/google/wireless/android/sdk/stats/AndroidStudioEvent$Builder;+7
j  com.google.wireless.android.sdk.stats.AndroidStudioEvent.newBuilder()Lcom/google/wireless/android/sdk/stats/AndroidStudioEvent$Builder;+3
j  com.android.builder.profile.AnalyticsProfileWriter.writeAnalytics(Lcom/google/wireless/android/sdk/stats/GradleBuildProfile;Ljava/util/List;ZLjava/io/File;)V+16
j  com.android.builder.profile.AnalyticsProfileWriter.access$writeAnalytics(Lcom/android/builder/profile/AnalyticsProfileWriter;Lcom/google/wireless/android/sdk/stats/GradleBuildProfile;Ljava/util/List;ZLjava/io/File;)V+6
j  com.android.builder.profile.AnalyticsProfileWriter$writeAndFinish$1.run()V+20
J 12565 c1 java.util.concurrent.Executors$RunnableAdapter.call()Ljava/lang/Object; java.base@21.0.7 (14 bytes) @ 0x000002988f4ca4cc [0x000002988f4ca3c0+0x000000000000010c]
J 29502 c2 java.util.concurrent.FutureTask.run()V java.base@21.0.7 (123 bytes) @ 0x00000298960ff4d0 [0x00000298960ff400+0x00000000000000d0]
J 24559 c1 java.util.concurrent.ScheduledThreadPoolExecutor$ScheduledFutureTask.run()V java.base@21.0.7 (57 bytes) @ 0x0000029890b8a9f4 [0x0000029890b8a740+0x00000000000002b4]
j  java.util.concurrent.ThreadPoolExecutor.runWorker(Ljava/util/concurrent/ThreadPoolExecutor$Worker;)V+92 java.base@21.0.7
j  java.util.concurrent.ThreadPoolExecutor$Worker.run()V+5 java.base@21.0.7
j  java.lang.Thread.runWith(Ljava/lang/Object;Ljava/lang/Runnable;)V+5 java.base@21.0.7
j  java.lang.Thread.run()V+19 java.base@21.0.7
v  ~StubRoutines::call_stub 0x00000298956310e7

Compiled method (n/a) 443630  812     n 0       java.lang.ClassLoader::defineClass1 (native)
 total in heap  [0x0000029895c2ad90,0x0000029895c2b4e8] = 1880
 relocation     [0x0000029895c2aef0,0x0000029895c2af30] = 64
 main code      [0x0000029895c2af40,0x0000029895c2b4e7] = 1447
 stub code      [0x0000029895c2b4e7,0x0000029895c2b4e8] = 1

[Constant Pool (empty)]

[MachCode]
[Entry Point]
  # {method} {0x00000298a2025018} 'defineClass1' '(Ljava/lang/ClassLoader;Ljava/lang/String;[BIILjava/security/ProtectionDomain;Ljava/lang/String;)Ljava/lang/Class;' in 'java/lang/ClassLoader'
  # parm0:    rdx:rdx   = 'java/lang/ClassLoader'
  # parm1:    r8:r8     = 'java/lang/String'
  # parm2:    r9:r9     = '[B'
  # parm3:    rdi       = int
  # parm4:    rsi       = int
  # parm5:    rcx:rcx   = 'java/security/ProtectionDomain'
  # parm6:    [sp+0xa0]   = 'java/lang/String'  (sp of caller)
  0x0000029895c2af40: 448b 5208 | 49c1 e203 | 493b c20f | 8407 0000 

  0x0000029895c2af50: ;   {runtime_call ic_miss_stub}
  0x0000029895c2af50: 00e9 2a3a | a5ff 6690 
[Verified Entry Point]
  0x0000029895c2af58: 8984 2400 | 80ff ff55 | 488b ec48 | 81ec 9000 | 0000 6690 | 4181 7f20 | 3900 0000 

  0x0000029895c2af74: ;   {runtime_call StubRoutines (final stubs)}
  0x0000029895c2af74: 7405 e885 | 00a4 ff48 | 837d 1000 | 488d 4510 | 480f 4445 | 1048 8944 | 2440 4889 | 4c24 7048 
  0x0000029895c2af94: 83f9 0048 | 8d44 2470 | 480f 4444 | 2470 4889 | 4424 3848 | 8974 2430 | 4889 7c24 | 284c 894c 
  0x0000029895c2afb4: 2458 4983 | f900 488d | 4424 5848 | 0f44 4424 | 5848 8944 | 2420 4c89 | 4424 5049 | 83f8 004c 
  0x0000029895c2afd4: 8d4c 2450 | 4c0f 444c | 2450 4889 | 5424 4848 | 83fa 004c | 8d44 2448 | 4c0f 4444 

  0x0000029895c2aff0: ;   {oop(a 'java/lang/Class'{0x00000000808aee18} = 'java/lang/ClassLoader')}
  0x0000029895c2aff0: 2448 49be | 18ee 8a80 | 0000 0000 | 4c89 7424 | 784c 8d74 | 2478 498b | d6c5 f877 

  0x0000029895c2b00c: ;   {internal_word}
  0x0000029895c2b00c: 49ba 09b0 | c295 9802 | 0000 4d89 | 97a0 0300 | 0049 89a7 | 9803 0000 

  0x0000029895c2b024: ;   {external_word}
  0x0000029895c2b024: 49ba c888 | e305 fd7f | 0000 4180 | 3a00 0f84 | 4e00 0000 | 5241 5041 

  0x0000029895c2b03c: ;   {metadata({method} {0x00000298a2025018} 'defineClass1' '(Ljava/lang/ClassLoader;Ljava/lang/String;[BIILjava/security/ProtectionDomain;Ljava/lang/String;)Ljava/lang/Class;' in 'java/lang/ClassLoader')}
  0x0000029895c2b03c: 5148 ba10 | 5002 a298 | 0200 0049 | 8bcf 4883 | ec20 40f6 | c40f 0f84 | 1900 0000 | 4883 ec08 
  0x0000029895c2b05c: ;   {runtime_call}
  0x0000029895c2b05c: 48b8 7095 | 9d05 fd7f | 0000 ffd0 | 4883 c408 | e90c 0000 

  0x0000029895c2b070: ;   {runtime_call}
  0x0000029895c2b070: 0048 b870 | 959d 05fd | 7f00 00ff | d048 83c4 | 2041 5941 | 585a 498d | 8fb8 0300 | 0041 c787 
  0x0000029895c2b090: 4404 0000 | 0400 0000 

  0x0000029895c2b098: ;   {runtime_call}
  0x0000029895c2b098: 48b8 ac16 | bc96 fd7f | 0000 ffd0 | c5f8 7741 | c787 4404 | 0000 0500 | 0000 f083 | 4424 c000 
  0x0000029895c2b0b8: 493b af48 | 0400 000f | 870e 0000 | 0041 83bf | 4004 0000 | 000f 842b | 0000 00c5 | f877 4889 
  0x0000029895c2b0d8: 45f8 498b | cf4c 8be4 | 4883 ec20 | 4883 e4f0 

  0x0000029895c2b0e8: ;   {runtime_call}
  0x0000029895c2b0e8: 48b8 a0ea | 6805 fd7f | 0000 ffd0 | 498b e44d | 33e4 488b | 45f8 41c7 | 8744 0400 | 0008 0000 
  0x0000029895c2b108: 0041 83bf | c004 0000 | 020f 84a3 

  0x0000029895c2b114: ;   {external_word}
  0x0000029895c2b114: 0300 0049 | bac8 88e3 | 05fd 7f00 | 0041 803a | 000f 844c | 0000 0048 

  0x0000029895c2b12c: ;   {metadata({method} {0x00000298a2025018} 'defineClass1' '(Ljava/lang/ClassLoader;Ljava/lang/String;[BIILjava/security/ProtectionDomain;Ljava/lang/String;)Ljava/lang/Class;' in 'java/lang/ClassLoader')}
  0x0000029895c2b12c: 8945 f848 | ba10 5002 | a298 0200 | 0049 8bcf | 4883 ec20 | 40f6 c40f | 0f84 1900 | 0000 4883 
  0x0000029895c2b14c: ;   {runtime_call}
  0x0000029895c2b14c: ec08 48b8 | 7095 9d05 | fd7f 0000 | ffd0 4883 | c408 e90c 

  0x0000029895c2b160: ;   {runtime_call}
  0x0000029895c2b160: 0000 0048 | b870 959d | 05fd 7f00 | 00ff d048 | 83c4 2048 | 8b45 f849 | c787 9803 | 0000 0000 
  0x0000029895c2b180: 0000 49c7 | 87a0 0300 | 0000 0000 | 00c5 f877 | 4885 c00f | 84fe 0200 | 00a8 030f | 8508 0000 
  0x0000029895c2b1a0: 0048 8b00 | e9ee 0200 | 00a8 010f | 8509 0000 | 0048 8b40 | fee9 dd02 | 0000 488b | 40ff 4180 
  0x0000029895c2b1c0: 7f40 000f | 84ce 0200 | 0048 83f8 | 000f 84c4 | 0200 0049 | 8b4f 2848 | 83f9 000f | 8414 0000 
  0x0000029895c2b1e0: 0048 83e9 | 0849 894f | 2849 034f | 3848 8901 | e9a2 0200 | 0048 81ec | 5001 0000 | 4889 0424 
  0x0000029895c2b200: 4889 4c24 | 0848 8954 | 2410 4889 | 7424 1848 | 897c 2420 | 4c89 4424 | 284c 894c | 2430 4c89 
  0x0000029895c2b220: 5424 384c | 895c 2440 | c5fb 1144 | 2450 c5fb | 114c 2458 | c5fb 1154 | 2460 c5fb | 115c 2468 
  0x0000029895c2b240: c5fb 1164 | 2470 c5fb | 116c 2478 | c5fb 11b4 | 2480 0000 | 00c5 fb11 | bc24 8800 | 0000 c57b 
  0x0000029895c2b260: ;   {no_reloc}
  0x0000029895c2b260: 1184 2490 | 0000 00c5 | 7b11 8c24 | 9800 0000 | c57b 1194 | 24a0 0000 | 00c5 7b11 | 9c24 a800 
  0x0000029895c2b280: 0000 c57b | 11a4 24b0 | 0000 00c5 | 7b11 ac24 | b800 0000 | c57b 11b4 | 24c0 0000 | 00c5 7b11 
  0x0000029895c2b2a0: bc24 c800 | 0000 62e1 | ff08 1144 | 241a 62e1 | ff08 114c | 241b 62e1 | ff08 1154 | 241c 62e1 
  0x0000029895c2b2c0: ff08 115c | 241d 62e1 | ff08 1164 | 241e 62e1 | ff08 116c | 241f 62e1 | ff08 1174 | 2420 62e1 
  0x0000029895c2b2e0: ff08 117c | 2421 6261 | ff08 1144 | 2422 6261 | ff08 114c | 2423 6261 | ff08 1154 | 2424 6261 
  0x0000029895c2b300: ff08 115c | 2425 6261 | ff08 1164 | 2426 6261 | ff08 116c | 2427 6261 | ff08 1174 | 2428 6261 
  0x0000029895c2b320: ff08 117c | 2429 498b | d748 8bc8 | 4883 ec20 | 40f6 c40f | 0f84 1900 | 0000 4883 

  0x0000029895c2b33c: ;   {runtime_call}
  0x0000029895c2b33c: ec08 48b8 | a0f9 5b05 | fd7f 0000 | ffd0 4883 | c408 e90c 

  0x0000029895c2b350: ;   {runtime_call}
  0x0000029895c2b350: 0000 0048 | b8a0 f95b | 05fd 7f00 | 00ff d048 | 83c4 2062 | 61ff 0810 | 7c24 2962 | 61ff 0810 
  0x0000029895c2b370: 7424 2862 | 61ff 0810 | 6c24 2762 | 61ff 0810 | 6424 2662 | 61ff 0810 | 5c24 2562 | 61ff 0810 
  0x0000029895c2b390: 5424 2462 | 61ff 0810 | 4c24 2362 | 61ff 0810 | 4424 2262 | e1ff 0810 | 7c24 2162 | e1ff 0810 
  0x0000029895c2b3b0: 7424 2062 | e1ff 0810 | 6c24 1f62 | e1ff 0810 | 6424 1e62 | e1ff 0810 | 5c24 1d62 | e1ff 0810 
  0x0000029895c2b3d0: 5424 1c62 | e1ff 0810 | 4c24 1b62 | e1ff 0810 | 4424 1ac5 | 7b10 bc24 | c800 0000 | c57b 10b4 
  0x0000029895c2b3f0: 24c0 0000 | 00c5 7b10 | ac24 b800 | 0000 c57b | 10a4 24b0 | 0000 00c5 | 7b10 9c24 | a800 0000 
  0x0000029895c2b410: c57b 1094 | 24a0 0000 | 00c5 7b10 | 8c24 9800 | 0000 c57b | 1084 2490 | 0000 00c5 | fb10 bc24 
  0x0000029895c2b430: 8800 0000 | c5fb 10b4 | 2480 0000 | 00c5 fb10 | 6c24 78c5 | fb10 6424 | 70c5 fb10 | 5c24 68c5 
  0x0000029895c2b450: ;   {no_reloc}
  0x0000029895c2b450: fb10 5424 | 60c5 fb10 | 4c24 58c5 | fb10 4424 | 504c 8b5c | 2440 4c8b | 5424 384c | 8b4c 2430 
  0x0000029895c2b470: 4c8b 4424 | 2848 8b7c | 2420 488b | 7424 1848 | 8b54 2410 | 488b 4c24 | 0848 8b04 | 2448 81c4 
  0x0000029895c2b490: 5001 0000 | c5f8 7749 | 8b8f 2804 | 0000 c781 | 0001 0000 | 0000 0000 | c949 837f | 0800 0f85 
  0x0000029895c2b4b0: 0100 0000 

  0x0000029895c2b4b4: ;   {runtime_call StubRoutines (initial stubs)}
  0x0000029895c2b4b4: c3e9 465a | a0ff c5f8 | 7748 8945 | f84c 8be4 | 4883 ec20 | 4883 e4f0 

  0x0000029895c2b4cc: ;   {runtime_call}
  0x0000029895c2b4cc: 48b8 10cd | 9d05 fd7f | 0000 ffd0 | 498b e44d | 33e4 488b | 45f8 e930 | fcff fff4 
[/MachCode]


Compiled method (c2) 443638 18383   !   4       java.net.URLClassLoader::defineClass (224 bytes)
 total in heap  [0x0000029896443710,0x0000029896452380] = 60528
 relocation     [0x0000029896443870,0x00000298964441a0] = 2352
 main code      [0x00000298964441a0,0x000002989644c538] = 33688
 stub code      [0x000002989644c538,0x000002989644c840] = 776
 oops           [0x000002989644c840,0x000002989644c890] = 80
 metadata       [0x000002989644c890,0x000002989644ce78] = 1512
 scopes data    [0x000002989644ce78,0x00000298964502a8] = 13360
 scopes pcs     [0x00000298964502a8,0x0000029896451598] = 4848
 dependencies   [0x0000029896451598,0x0000029896451748] = 432
 handler table  [0x0000029896451748,0x0000029896452198] = 2640
 nul chk table  [0x0000029896452198,0x0000029896452380] = 488

[Constant Pool (empty)]

[MachCode]
[Entry Point]
  # {method} {0x00000298a20fa550} 'defineClass' '(Ljava/lang/String;Ljdk/internal/loader/Resource;)Ljava/lang/Class;' in 'java/net/URLClassLoader'
  # this:     rdx:rdx   = 'java/net/URLClassLoader'
  # parm0:    r8:r8     = 'java/lang/String'
  # parm1:    r9:r9     = 'jdk/internal/loader/Resource'
  #           [sp+0xf0]  (sp of caller)
  0x00000298964441a0: 448b 5208 | 49c1 e203 

  0x00000298964441a8: ;   {runtime_call ic_miss_stub}
  0x00000298964441a8: 493b c20f | 85cf a723 | ff66 6690 | 0f1f 8400 | 0000 0000 | 6666 6690 
[Verified Entry Point]
  0x00000298964441c0: 8984 2400 | 80ff ff55 | 4881 ece0 | 0000 0090 | 4181 7f20 | 3900 0000 | 0f85 5083 | 0000 4c89 
  0x00000298964441e0: 4c24 3848 | 8954 2428 | 4c89 4424 | 30c5 f877 | 49ba 20d3 | 9605 fd7f | 0000 41ff 

  0x00000298964441fc: ;   {other}
  0x00000298964441fc: d20f 1f84 | 0000 0000 | 0048 8944 | 2440 4c8b | 5424 3041 | 8b6a 1444 | 8b55 0c4c | 8b5c 2430 
  0x000002989644421c: 450f be5b | 10c4 4222 | f7ca 41ff | c94d 8b87 | 8003 0000 | 4d8b 004c | 8944 2420 | 4585 db0f 
  0x000002989644423c: 85f0 4800 | 0045 8d42 | ff45 3bc1 | 450f 4fc1 | 4585 c07c | 324c 8bdd | 0f1f 8400 | 0000 0000 
  0x000002989644425c: 6666 6690 | 453b c20f | 8337 4800 | 0042 807c | 0510 2e74 | 184d 8b8f | 5004 0000 

  0x0000029896444278: ; ImmutableOopMap {r11=Oop rbp=NarrowOop [32]=Oop [40]=Oop [48]=Oop [56]=Oop }
                      ;*goto {reexecute=1 rethrow=0 return_oop=0}
                      ; - (reexecute) java.lang.StringLatin1::lastIndexOf@35
                      ; - java.lang.String::lastIndexOf@13
                      ; - java.lang.String::lastIndexOf@8
                      ; - java.net.URLClassLoader::defineClass@7
                      ;   {poll}
  0x0000029896444278: 41ff c841 | 8501 4585 | c07d dd41 | b8ff ffff | ff4c 8b54 | 2438 458b 

  0x0000029896444290: ;   {metadata('jdk/internal/loader/URLClassPath$JarLoader$2')}
  0x0000029896444290: 5a08 4181 | fb6c 2501 | 200f 85d1 | 2a00 0045 | 8b5a 2045 | 8b73 1c4c | 8b6c 2428 | 4d8b d544 
  0x00000298964442b0: 8954 2428 | 4183 f8ff | 0f84 6a32 | 0000 4c8b | 5424 3045 | 8b52 1441 | 8b52 0c4c | 8b5c 2430 
  0x00000298964442d0: 450f be5b | 10c4 e222 | f7ea 4585 | c00f 8cad | 5400 0044 | 3bc5 0f8f | 3456 0000 | 443b c50f 
  0x00000298964442f0: 848f 2000 | 0045 85db | 0f85 763c | 0000 4585 | c00f 84d8 | 2200 0049 | 8bb7 b801 | 0000 4c8b 
  0x0000029896444310: de49 83c3 | 184d 3b9f | c801 0000 | 0f83 b142 | 0000 4d89 | 9fb8 0100 | 0041 0f0d | 8bc0 0000 
  0x0000029896444330: 0048 c706 | 0100 0000 | 4c8b de49 

  0x000002989644433c: ;   {metadata('java/lang/String')}
  0x000002989644433c: 83c3 10c7 | 4608 f483 | 0020 4489 | 660c c5fd | efc0 c4c1 | 79d6 0349 | 8bea 4d8d | 4a10 443b 
  0x000002989644435c: c20f 85c6 | 0000 004c | 63da 81fa | 0000 1000 | 0f87 ad45 | 0000 498b | 9fb8 0100 | 004d 8d43 
  0x000002989644437c: 1749 83e0 | f848 8bcb | 4903 c849 | 3b8f c801 | 0000 0f83 | 8b45 0000 | 4989 8fb8 | 0100 000f 
  0x000002989644439c: 0d89 c000 | 0000 48c7 | 0301 0000 | 000f 0d89 | 0001 0000 

  0x00000298964443b0: ;   {metadata({type array byte})}
  0x00000298964443b0: c743 084f | 8100 2089 | 530c 0f0d | 8940 0100 | 000f 0d89 | 8001 0000 | 4c89 6c24 | 4844 8974 
  0x00000298964443d0: 242c 4889 | 7424 584c | 894c 2460 | 4c89 5c24 | 6848 8bd3 | 4883 c210 | 4c8b 4424 | 6849 83c0 
  0x00000298964443f0: 0749 c1e8 | 0348 8b4c | 2460 c5f8 | 7749 ba80 | 7066 9598 | 0200 0041 

  0x0000029896444408: ;   {other}
  0x0000029896444408: ffd2 0f1f | 8400 0000 | 0000 4c8b | 6c24 4844 | 8b74 242c | 488b 7424 | 584c 8bdb | e9e9 0000 
  0x0000029896444428: 0041 81f8 | 0000 1000 | 0f87 b251 | 0000 4963 | c848 89ac | 2488 0000 | 0041 3bd0 | 8bea 410f 
  0x0000029896444448: 4fe8 3bd5 | 0f82 8952 | 0000 443b | c50f 8280 | 5200 0048 | 83c1 1748 | 8bd9 4883 | e3f8 4181 
  0x0000029896444468: f800 0010 | 000f 87e6 | 4200 004d | 8b9f b801 | 0000 4d8b | d34c 03d3 | 4d3b 97c8 | 0100 000f 
  0x0000029896444488: 83cc 4200 | 004d 8997 | b801 0000 | 410f 0d8a | c000 0000 | 49c7 0301 | 0000 0041 | 0f0d 8a00 
  0x00000298964444a8: ;   {metadata({type array byte})}
  0x00000298964444a8: 0100 0041 | c743 084f | 8100 2045 | 8943 0c41 | 0f0d 8a40 | 0100 0041 | 0f0d 8a80 | 0100 004d 
  0x00000298964444c8: 8bd3 4983 | c210 48c1 | e903 85ed | 0f84 1651 | 0000 413b | e80f 8cf4 | 2d00 0049 | 8bfb 4883 
  0x00000298964444e8: c3f0 48c1 | eb03 4c8b | c349 8bc9 | 498b d2c5 | f877 49ba | 8070 6695 | 9802 0000 

  0x0000029896444504: ;   {other}
  0x0000029896444504: 41ff d20f | 1f84 0000 | 0000 004c | 8bdf 4180 | 7f40 000f | 854b 2700 | 004c 8bd6 | 4d8b c344 
  0x0000029896444524: 8946 144d | 33da 49c1 | eb14 4d85 | db74 1a49 | c1ea 0948 | b900 0010 | 9d98 0200 | 0049 03ca 
  0x0000029896444544: 8039 020f | 8581 2700 | 0044 8866 | 1048 89b4 | 24b0 0000 | 004c 8b54 | 2438 458b 

  0x0000029896444560: ;   {metadata('jdk/internal/loader/URLClassPath$JarLoader$2')}
  0x0000029896444560: 5a08 4181 | fb6c 2501 | 200f 855f 

  0x000002989644456c: ;   {oop(a 'java/lang/Class'{0x00000000808aee98} = 'jdk/internal/access/SharedSecrets')}
  0x000002989644456c: 2900 0049 | bb98 ee8a | 8000 0000 | 0045 8b83 | d400 0000 

  0x0000029896444580: ; implicit exception: dispatches to 0x000002989644b790
  0x0000029896444580: 418b 4808 | 458b 5a20 

  0x0000029896444588: ; implicit exception: dispatches to 0x000002989644b390
  0x0000029896444588: 458b 5b18 

  0x000002989644458c: ;   {metadata('java/util/jar/JavaUtilJarAccessImpl')}
  0x000002989644458c: 81f9 8e01 | 0120 0f85 | e04c 0000 

  0x0000029896444598: ; implicit exception: dispatches to 0x000002989644b3c8
  0x0000029896444598: 458b 4b08 | 498b cb48 | 8d9c 24c0 | 0000 0048 | 8b01 a802 | 0f85 2300 | 0000 4883 | c801 4889 
  0x00000298964445b8: 03f0 480f | b119 0f84 | 3700 0000 | 482b c448 | 2507 f0ff | ff48 8903 | e924 0000 | 004c 8bc0 
  0x00000298964445d8: 4833 c0f0 | 4d0f b178 | 3e48 c703 | 0300 0000 | 7411 4c3b | f875 1549 | ff80 8600 | 0000 4833 
  0x00000298964445f8: c075 0949 | ff87 4805 | 0000 33c0 | 0f85 ae4c | 0000 453b | 6330 750d | 410f b65b | 1285 db0f 
  0x0000029896444618: 85a4 1d00 | 0045 3b63 | 300f 853a | 3100 0048 | 8d84 24c0 | 0000 0048 | 8338 000f | 8479 0000 
  0x0000029896444638: 004c 8b19 | 41f6 c302 | 0f84 6200 | 0000 4983 | bb86 0000 | 0000 7409 | 49ff 8b86 | 0000 00eb 
  0x0000029896444658: 4b49 8b83 | 9600 0000 | 490b 838e | 0000 0075 | 0a49 c743 | 3e00 0000 | 00eb 3d49 | 83bb 9e00 
  0x0000029896444678: 0000 0074 | 2248 33c0 | 49c7 433e | 0000 0000 

  0x0000029896444688: ;   {no_reloc}
  0x0000029896444688: f083 0424 | 0049 83bb | 9e00 0000 | 0075 0df0 | 4d0f b17b | 3e75 0583 | c801 eb0c | a800 eb08 
  0x00000298964446a8: 4c8b 18f0 | 4c0f b119 | 750a 49ff | 8f48 0500 | 0045 33db | 0f85 a44c | 0000 458b | 5a20 418b 
  0x00000298964446c8: 6b18 448b 

  0x00000298964446cc: ;   {metadata('java/util/jar/JarFile')}
  0x00000298964446cc: 4508 4181 | f8ee 0001 | 200f 85bd | 4c00 004c | 8954 2450 | 4489 7424 | 2c4c 896c | 2448 488b 
  0x00000298964446ec: d566 6690 

  0x00000298964446f0: ;   {optimized virtual_call}
  0x00000298964446f0: c5f8 77e8 

  0x00000298964446f4: ; ImmutableOopMap {[32]=Oop [40]=NarrowOop [44]=NarrowOop [48]=Oop [56]=Oop [72]=Oop [80]=Oop [176]=Oop }
                      ;*invokevirtual getManifest {reexecute=0 rethrow=0 return_oop=1}
                      ; - jdk.internal.loader.URLClassPath$JarLoader$2::getManifest@22
                      ; - java.net.URLClassLoader::defineClass@34
  0x00000298964446f4: 88b0 a8ff 

  0x00000298964446f8: ;   {other}
  0x00000298964446f8: 0f1f 8400 | e80f 0001 | 4c8b 6c24 | 4844 8b74 | 242c 488b | f048 8bbc | 24b0 0000 | 008b 470c 
  0x0000029896444718: 418b 6d38 

  0x000002989644471c: ; implicit exception: dispatches to 0x000002989644b304
  0x000002989644471c: 448b 5508 

  0x0000029896444720: ;   {metadata('java/util/concurrent/ConcurrentHashMap')}
  0x0000029896444720: 4181 fa1d | ac00 200f | 8503 4b00 | 0085 c075 | 6e44 0fb6 | 5711 4585 | d20f 8583 | 3600 0044 
  0x0000029896444740: 8b57 1444 | 0fbe 4710 | 498b d245 | 85c0 0f85 | d13f 0000 | 4889 7424 | 5848 ffb4 | 24b0 0000 
  0x0000029896444760: 0048 8f44 | 2450 4489 | 7424 2c4c | 896c 2448 

  0x0000029896444770: ;   {static_call}
  0x0000029896444770: c5f8 77e8 

  0x0000029896444774: ; ImmutableOopMap {rbp=Oop [32]=Oop [40]=NarrowOop [44]=NarrowOop [48]=Oop [56]=Oop [72]=Oop [80]=Oop [88]=Oop [176]=Oop }
                      ;*invokestatic hashCode {reexecute=0 rethrow=0 return_oop=0}
                      ; - java.lang.String::hashCode@27
                      ; - java.util.concurrent.ConcurrentHashMap::get@1
                      ; - java.lang.ClassLoader::getDefinedPackage@13
                      ; - java.net.URLClassLoader::getAndVerifyPackage@2
                      ; - java.net.URLClassLoader::defineClass@46
  0x0000029896444774: 4856 9fff 

  0x0000029896444778: ;   {other}
  0x0000029896444778: 0f1f 8400 | 6810 0002 | 85c0 0f84 | 5b36 0000 | 488b 7c24 | 5089 470c | 4c8b 6c24 | 4844 8b74 
  0x0000029896444798: 242c 488b | 7424 5844 | 8b55 2845 | 85d2 0f84 | f21b 0000 | 418b 6a0c | 85ed 0f86 | 0053 0000 
  0x00000298964447b8: 448b c041 | c1e8 1044 | 33c0 ffcd | 4181 e0ff | ffff 7f41 | 23e8 4c63 | dd47 8b54 | 9a10 4585 
  0x00000298964447d8: d20f 8425 | 0600 0045 | 8b5a 0c49 | 8bca 453b | d80f 844a | 0100 0045 | 85db 0f8c | 9225 0000 
  0x00000298964447f8: 458b 5a18 | 4585 db75 

  0x0000029896444800: ;   {oop(""{0x00000000808a4ff0})}
  0x0000029896444800: 1949 b9f0 | 4f8a 8000 | 0000 0048 | b900 0010 | 9d98 0200 | 00e9 fe05 

  0x0000029896444818: ;   {oop(""{0x00000000808a4ff0})}
  0x0000029896444818: 0000 49b9 | f04f 8a80 | 0000 0000 | 48b9 0000 | 109d 9802 | 0000 458b | 530c 498b | 9f50 0400 
  0x0000029896444838: ; ImmutableOopMap {r11=Oop r9=Oop rdi=Oop rsi=Oop r13=Oop r14=NarrowOop [32]=Oop [40]=NarrowOop [48]=Oop [56]=Oop }
                      ;*if_icmpne {reexecute=1 rethrow=0 return_oop=0}
                      ; - (reexecute) java.util.concurrent.ConcurrentHashMap::get@127
                      ; - java.lang.ClassLoader::getDefinedPackage@13
                      ; - java.net.URLClassLoader::getAndVerifyPackage@2
                      ; - java.net.URLClassLoader::defineClass@46
                      ;   {poll}
  0x0000029896444838: 0085 0345 | 3bd0 7412 | 458b 5318 | 4585 d20f | 84cb 0500 | 004d 8bda | ebdc 418b | 6b10 4c8b 
  0x0000029896444858: d54c 3bd7 | 0f84 be00 | 0000 85ed | 0f84 3e5b | 0000 4c89 | 9c24 8000 | 0000 4489 | 4424 7848 
  0x0000029896444878: 8974 2470 | 4889 7c24 | 6848 894c | 2460 4c89 | 4c24 5844 | 8b54 2428 | 4489 5424 | 5444 8974 
  0x0000029896444898: 2450 48ff | 7424 2048 | 8f44 2448 | 4c89 6c24 | 284c 8b54 | 2430 4c89 | 5424 204c | 8bc5 488b 
  0x00000298964448b8: d74c 89ac | 2498 0000 | 0066 6690 

  0x00000298964448c4: ;   {optimized virtual_call}
  0x00000298964448c4: c5f8 77e8 

  0x00000298964448c8: ; ImmutableOopMap {[32]=Oop [40]=Oop [56]=Oop [72]=Oop [80]=NarrowOop [84]=NarrowOop [88]=Oop [104]=Oop [112]=Oop [128]=Oop [152]=Oop }
                      ;*invokevirtual equals {reexecute=0 rethrow=0 return_oop=0}
                      ; - java.util.concurrent.ConcurrentHashMap::get@149
                      ; - java.lang.ClassLoader::getDefinedPackage@13
                      ; - java.net.URLClassLoader::getAndVerifyPackage@2
                      ; - java.net.URLClassLoader::defineClass@46
  0x00000298964448c8: 74fd 2900 

  0x00000298964448cc: ;   {other}
  0x00000298964448cc: 0f1f 8400 | bc11 0004 | 85c0 0f84 | 305b 0000 | 4c8b 5424 | 204c 8954 | 2430 4c8b | 6c24 2848 
  0x00000298964448ec: ff74 2448 | 488f 4424 | 2044 8b74 | 2450 448b | 5c24 5444 | 895c 2428 | 4c8b 4c24 | 5848 8b4c 
  0x000002989644490c: 2460 488b | 7c24 6848 | 8b74 2470 | 4c8b 9c24 | 8000 0000 | 418b 6b14 | 85ed 0f84 | ec04 0000 
  0x000002989644492c: 440f b647 | 118b 470c | e992 0000 | 0041 8b6a | 104c 8bdd | 4c3b df74 | 5e85 ed0f | 847f 5800 
  0x000002989644494c: 0048 894c | 2468 4489 | 5424 6444 | 8944 2460 | 4889 7424 | 5844 8974 | 242c 4c89 | 6c24 484c 
  0x000002989644496c: 8bc5 488b | d748 8bef 

  0x0000029896444974: ;   {optimized virtual_call}
  0x0000029896444974: c5f8 77e8 

  0x0000029896444978: ; ImmutableOopMap {rbp=Oop [32]=Oop [40]=NarrowOop [44]=NarrowOop [48]=Oop [56]=Oop [72]=Oop [88]=Oop [100]=NarrowOop [104]=Oop }
                      ;*invokevirtual equals {reexecute=0 rethrow=0 return_oop=0}
                      ; - java.util.concurrent.ConcurrentHashMap::get@73
                      ; - java.lang.ClassLoader::getDefinedPackage@13
                      ; - java.net.URLClassLoader::getAndVerifyPackage@2
                      ; - java.net.URLClassLoader::defineClass@46
  0x0000029896444978: 04c1 dafa 

  0x000002989644497c: ;   {other}
  0x000002989644497c: 0f1f 8400 | 6c12 0005 | 85c0 0f84 | 8c38 0000 | 4c8b 6c24 | 4844 8b74 | 242c 488b | fd48 8b74 
  0x000002989644499c: 2458 448b | 5424 6441 | 8b6a 1485 | ed0f 8460 | 2b00 008b | 470c 440f 

  0x00000298964449b4: ;   {oop(""{0x00000000808a4ff0})}
  0x00000298964449b4: b647 1149 | b9f0 4f8a | 8000 0000 | 0048 b900 | 0010 9d98 | 0200 0044 

  0x00000298964449cc: ;   {metadata('java/lang/Package')}
  0x00000298964449cc: 8b55 0841 | 81fa 0626 | 0120 0f85 | e865 0000 | 448b 5f14 

  0x00000298964449e0: ; implicit exception: dispatches to 0x000002989644b580
  0x00000298964449e0: 458b 530c | 488b dd8b | 5b10 4585 | d20f 8629 | 4b00 0041 | 8b6d 3844 

  0x00000298964449f8: ;   {metadata('java/util/concurrent/ConcurrentHashMap')}
  0x00000298964449f8: 8b55 0841 | 81fa 1dac | 0020 0f85 | 6c4b 0000 | 85c0 7579 | 4585 c00f | 851a 3600 | 0044 0fbe 
  0x0000029896444a18: 5710 498b | d345 85d2 | 0f85 b23f | 0000 895c | 2470 4889 | 7424 6848 | 897c 2460 | 4889 4c24 
  0x0000029896444a38: 584c 894c | 2450 4489 | 7424 2c4c | 896c 2448 

  0x0000029896444a48: ;   {static_call}
  0x0000029896444a48: c5f8 77e8 

  0x0000029896444a4c: ; ImmutableOopMap {rbp=Oop [32]=Oop [40]=NarrowOop [44]=NarrowOop [48]=Oop [56]=Oop [72]=Oop [80]=Oop [96]=Oop [104]=Oop [112]=NarrowOop }
                      ;*invokestatic hashCode {reexecute=0 rethrow=0 return_oop=0}
                      ; - java.lang.String::hashCode@27
                      ; - java.util.concurrent.ConcurrentHashMap::get@1
                      ; - java.lang.ClassLoader::definePackage@47
                      ; - java.lang.ClassLoader::getDefinedPackage@32
                      ; - java.net.URLClassLoader::getAndVerifyPackage@2
                      ; - java.net.URLClassLoader::defineClass@46
  0x0000029896444a4c: 30ae 23ff 

  0x0000029896444a50: ;   {other}
  0x0000029896444a50: 0f1f 8400 | 4013 0006 | 85c0 0f84 | d635 0000 | 488b 7c24 | 6089 470c | 4c8b 6c24 | 4844 8b74 
  0x0000029896444a70: 242c 4c8b | 4c24 5048 | 8b4c 2458 | 488b 7424 | 688b 5c24 | 7044 8b45 | 2845 85c0 | 0f84 1f02 
  0x0000029896444a90: 0000 418b | 680c 85ed | 0f86 1e52 | 0000 448b | d041 c1ea | 1044 33d0 | ffcd 4181 | e2ff ffff 
  0x0000029896444ab0: 7f41 23ea | 4c63 dd47 | 8b44 9810 | 4585 c00f | 84ec 0100 | 0045 8b58 | 0c49 8bd0 | 453b da0f 
  0x0000029896444ad0: 8420 0100 | 0045 85db | 0f8c b92b | 0000 418b | 6818 85ed | 0f84 c701 | 0000 4c8b | dd41 8b6b 
  0x0000029896444af0: 0c4d 8b87 

  0x0000029896444af4: ; ImmutableOopMap {r11=Oop r9=Oop rbx=NarrowOop rdi=Oop rsi=Oop r13=Oop r14=NarrowOop [32]=Oop [40]=NarrowOop [48]=Oop [56]=Oop }
                      ;*if_icmpne {reexecute=1 rethrow=0 return_oop=0}
                      ; - (reexecute) java.util.concurrent.ConcurrentHashMap::get@127
                      ; - java.lang.ClassLoader::definePackage@47
                      ; - java.lang.ClassLoader::getDefinedPackage@32
                      ; - java.net.URLClassLoader::getAndVerifyPackage@2
                      ; - java.net.URLClassLoader::defineClass@46
  0x0000029896444af4: 5004 0000 

  0x0000029896444af8: ;   {poll}
  0x0000029896444af8: 4185 0041 | 3bea 7411 | 418b 6b18 | 85ed 0f84 | a501 0000 | 4c8b ddeb | dc41 8b6b | 104c 8bc5 
  0x0000029896444b18: 4c3b c70f | 84c3 0000 | 0085 ed0f | 84ac 5900 | 004c 899c | 2480 0000 | 0044 8954 | 247c 895c 
  0x0000029896444b38: 2478 4889 | 7424 7048 | 897c 2468 | 4889 4c24 | 604c 894c | 2458 448b | 5424 2844 | 8954 2454 
  0x0000029896444b58: 4489 7424 | 5048 ff74 | 2420 488f | 4424 484c | 896c 2428 | 4c8b 5424 | 304c 8954 | 2420 4c8b 
  0x0000029896444b78: c548 8bd7 | 4c89 ac24 | a000 0000 

  0x0000029896444b84: ;   {optimized virtual_call}
  0x0000029896444b84: c5f8 77e8 

  0x0000029896444b88: ; ImmutableOopMap {[32]=Oop [40]=Oop [56]=Oop [72]=Oop [80]=NarrowOop [84]=NarrowOop [88]=Oop [104]=Oop [112]=Oop [120]=NarrowOop [128]=Oop [160]=Oop }
                      ;*invokevirtual equals {reexecute=0 rethrow=0 return_oop=0}
                      ; - java.util.concurrent.ConcurrentHashMap::get@149
                      ; - java.lang.ClassLoader::definePackage@47
                      ; - java.lang.ClassLoader::getDefinedPackage@32
                      ; - java.net.URLClassLoader::getAndVerifyPackage@2
                      ; - java.net.URLClassLoader::defineClass@46
  0x0000029896444b88: b4fa 2900 

  0x0000029896444b8c: ;   {other}
  0x0000029896444b8c: 0f1f 8400 | 7c14 0008 | 85c0 0f84 | a459 0000 | 4c8b 5424 | 204c 8954 | 2430 4c8b | 6c24 2848 
  0x0000029896444bac: ff74 2448 | 488f 4424 | 2044 8b74 | 2450 448b | 5c24 5444 | 895c 2428 | 4c8b 4c24 | 5848 8b4c 
  0x0000029896444bcc: 2460 488b | 7c24 6848 | 8b74 2470 | 8b5c 2478 | 4c8b 9c24 | 8000 0000 | 418b 6b14 | 85ed 0f85 
  0x0000029896444bec: 9d00 0000 | e9bc 0000 | 0041 8b68 | 104c 8bdd | 4c3b df0f | 8480 0000 | 0085 ed0f | 844e 5600 
  0x0000029896444c0c: 0048 8994 | 2480 0000 | 0044 8944 | 2478 4489 | 5424 7489 | 5c24 7048 | 8974 2468 | 4889 4c24 
  0x0000029896444c2c: 584c 894c | 2450 4489 | 7424 2c4c | 896c 2448 | 4c8b c548 | 8bd7 488b | ef66 6690 

  0x0000029896444c48: ;   {optimized virtual_call}
  0x0000029896444c48: c5f8 77e8 

  0x0000029896444c4c: ; ImmutableOopMap {rbp=Oop [32]=Oop [40]=NarrowOop [44]=NarrowOop [48]=Oop [56]=Oop [72]=Oop [80]=Oop [104]=Oop [112]=NarrowOop [120]=NarrowOop [128]=Oop }
                      ;*invokevirtual equals {reexecute=0 rethrow=0 return_oop=0}
                      ; - java.util.concurrent.ConcurrentHashMap::get@73
                      ; - java.lang.ClassLoader::definePackage@47
                      ; - java.lang.ClassLoader::getDefinedPackage@32
                      ; - java.net.URLClassLoader::getAndVerifyPackage@2
                      ; - java.net.URLClassLoader::defineClass@46
  0x0000029896444c4c: 30be dafa 

  0x0000029896444c50: ;   {other}
  0x0000029896444c50: 0f1f 8400 | 4015 0009 | 85c0 0f84 | 6f3a 0000 | 4c8b 6c24 | 4844 8b74 | 242c 4c8b | 4c24 5048 
  0x0000029896444c70: 8b4c 2458 | 488b fd48 | 8b74 2468 | 8b5c 2470 | 448b 4424 | 7841 8b68 | 1485 ed74 | 248b 5508 
  0x0000029896444c90: ;   {metadata('java/lang/Package')}
  0x0000029896444c90: 81fa 0626 | 0120 0f85 | 2864 0000 | 4c8b c5e9 | d800 0000 

  0x0000029896444ca4: ;   {metadata('java/util/concurrent/ConcurrentHashMap$ReservationNode')}
  0x0000029896444ca4: 4181 fb03 | d500 200f | 857b 6000 | 0041 8b6d | 384d 8b97 | b801 0000 | 4d8b da49 | 83c3 184d 
  0x0000029896444cc4: 3b9f c801 | 0000 0f83 | cb3e 0000 | 4d89 9fb8 | 0100 0041 | 0f0d 8bc0 | 0000 0049 | c702 0100 
  0x0000029896444ce4: 0000 4d8b | da49 83c3 

  0x0000029896444cec: ;   {metadata('java/lang/ClassLoader$$Lambda+0x0000000100156dc0')}
  0x0000029896444cec: 1041 c742 | 08b8 ad02 | 20c5 fdef | c0c4 c179 | d603 8b54 | 2428 4189 | 520c 4189 | 5a10 85ed 
  0x0000029896444d0c: 0f84 d251 | 0000 4889 | 7424 6848 | 897c 2460 | 4889 4c24 | 584c 894c | 2450 4489 | 7424 2c4c 
  0x0000029896444d2c: 896c 2448 | 488b d54c | 8bc7 4d8b | ca41 8bee 

  0x0000029896444d3c: ;   {optimized virtual_call}
  0x0000029896444d3c: c5f8 77e8 

  0x0000029896444d40: ; ImmutableOopMap {rbp=NarrowOop [32]=Oop [40]=NarrowOop [44]=NarrowOop [48]=Oop [56]=Oop [72]=Oop [80]=Oop [96]=Oop [104]=Oop }
                      ;*invokevirtual compute {reexecute=0 rethrow=0 return_oop=1}
                      ; - java.lang.ClassLoader::definePackage@78
                      ; - java.lang.ClassLoader::getDefinedPackage@32
                      ; - java.net.URLClassLoader::getAndVerifyPackage@2
                      ; - java.net.URLClassLoader::defineClass@46
  0x0000029896444d40: 3ca1 23ff 

  0x0000029896444d44: ;   {other}
  0x0000029896444d44: 0f1f 8400 | 3416 000a 

  0x0000029896444d4c: ; implicit exception: dispatches to 0x000002989644b804
  0x0000029896444d4c: 448b 5808 

  0x0000029896444d50: ;   {metadata('java/lang/Package')}
  0x0000029896444d50: 4181 fb06 | 2601 200f | 8513 6300 | 004c 8bc0 | 4c8b 6c24 | 4844 8bf5 | 4c8b 4c24 | 5048 8b4c 
  0x0000029896444d70: 2458 488b | 7c24 6048 | 8b74 2468 | 458b 5010 

  0x0000029896444d80: ; implicit exception: dispatches to 0x000002989644b610
  0x0000029896444d80: 458b 521c | 4585 d20f | 8528 4e00 | 0045 8b58 | 1441 8b6b | 2485 ed0f | 85a3 4e00 | 0048 85f6 
  0x0000029896444da0: 7456 4c89 | 4424 6848 | 8974 2460 | 488b ef48 | 894c 2458 | 4c89 4c24 | 5044 8974 | 242c 4c89 
  0x0000029896444dc0: 6c24 4849 | 8bd5 4c8b | c74c 8bce 

  0x0000029896444dcc: ;   {optimized virtual_call}
  0x0000029896444dcc: c5f8 77e8 

  0x0000029896444dd0: ; ImmutableOopMap {rbp=Oop [32]=Oop [40]=NarrowOop [44]=NarrowOop [48]=Oop [56]=Oop [72]=Oop [80]=Oop [96]=Oop [104]=Oop }
                      ;*invokevirtual isSealed {reexecute=0 rethrow=0 return_oop=0}
                      ; - java.net.URLClassLoader::getAndVerifyPackage@68
                      ; - java.net.URLClassLoader::defineClass@46
  0x0000029896444dd0: cc94 83ff 

  0x0000029896444dd4: ;   {other}
  0x0000029896444dd4: 0f1f 8400 | c416 000b | 85c0 0f85 | a84e 0000 | 4c8b 6c24 | 4844 8b74 | 242c 4c8b | 4c24 5048 
  0x0000029896444df4: 8b4c 2458 | 4c89 4c24 | 5048 894c | 2458 eb76 

  0x0000029896444e04: ;   {oop(""{0x00000000808a4ff0})}
  0x0000029896444e04: 49b9 f04f | 8a80 0000 | 0000 48b9 | 0000 109d | 9802 0000 

  0x0000029896444e18: ;   {metadata('java/lang/IllegalArgumentException')}
  0x0000029896444e18: 4d8b d648 | bdb0 e607 | 0001 0000 | 0048 85f6 | 0f84 5e1d | 0000 4c89 | 5424 7048 | 8974 2468 
  0x0000029896444e38: 4889 7c24 | 6048 894c | 2458 4c89 | 4c24 5044 | 8974 242c | 4c89 6c24 | 4849 8bd5 | 4c8b c74c 
  0x0000029896444e58: 8bce 498b | fa66 6690 

  0x0000029896444e60: ;   {optimized virtual_call}
  0x0000029896444e60: c5f8 77e8 

  0x0000029896444e64: ; ImmutableOopMap {[32]=Oop [40]=NarrowOop [44]=NarrowOop [48]=Oop [56]=Oop [72]=Oop [80]=Oop [96]=Oop [104]=Oop [112]=Oop }
                      ;*invokevirtual definePackage {reexecute=0 rethrow=0 return_oop=1}
                      ; - java.net.URLClassLoader::defineClass@64
  0x0000029896444e64: 1859 7ff8 

  0x0000029896444e68: ;   {other}
  0x0000029896444e68: 0f1f 8400 | 5817 000c | 4c8b 6c24 | 4844 8b74 | 242c 4489 | 7424 2c4c | 896c 2448 | 488b 5424 
  0x0000029896444e88: 3866 6690 

  0x0000029896444e8c: ;   {optimized virtual_call}
  0x0000029896444e8c: c5f8 77e8 

  0x0000029896444e90: ; ImmutableOopMap {[32]=Oop [40]=NarrowOop [44]=NarrowOop [48]=Oop [56]=Oop [72]=Oop [80]=Oop }
                      ;*invokevirtual getByteBuffer {reexecute=0 rethrow=0 return_oop=1}
                      ; - java.net.URLClassLoader::defineClass@132
  0x0000029896444e90: 6ce6 a0ff 

  0x0000029896444e94: ;   {other}
  0x0000029896444e94: 0f1f 8400 | 8417 000d | 4885 c00f | 8587 4900 | 004c 8b44 | 2438 458b 

  0x0000029896444eac: ;   {metadata('jdk/internal/loader/URLClassPath$JarLoader$2')}
  0x0000029896444eac: 5808 4181 | fb6c 2501 | 200f 858a | 1900 004c | 8944 2460 | 498b d049 | 8be8 6690 

  0x0000029896444ec8: ;   {optimized virtual_call}
  0x0000029896444ec8: c5f8 77e8 

  0x0000029896444ecc: ; ImmutableOopMap {rbp=Oop [32]=Oop [40]=NarrowOop [44]=NarrowOop [48]=Oop [56]=Oop [72]=Oop [80]=Oop [96]=Oop }
                      ;*invokevirtual cachedInputStream {reexecute=0 rethrow=0 return_oop=1}
                      ; - jdk.internal.loader.Resource::getBytes@1
                      ; - jdk.internal.loader.URLClassPath$JarLoader$2::getBytes@1
                      ; - java.net.URLClassLoader::defineClass@179
  0x0000029896444ecc: d0db 94ff 

  0x0000029896444ed0: ;   {other}
  0x0000029896444ed0: 0f1f 8400 | c017 000e | 4889 4424 | 6848 8b74 | 2420 0fb6 | 6e3a 85ed | 0f85 964a | 0000 488b 
  0x0000029896444ef0: 6c24 6044 | 8b55 1c4d | 8b52 2049 | 8bbf b801 | 0000 4c8b | df49 83c3 | 1045 8bca | 4d3b 9fc8 
  0x0000029896444f10: 0100 000f | 837b 3600 | 004d 899f | b801 0000 | 410f 0d8b | c000 0000 | 48c7 0701 | 0000 0041 
  0x0000029896444f30: 0f0d 8b00 

  0x0000029896444f34: ;   {metadata({type array byte})}
  0x0000029896444f34: 0100 00c7 | 4708 4f81 | 0020 410f | 0d8b 4001 | 0000 4489 | 670c 410f | 0d8b 8001 | 0000 4183 
  0x0000029896444f54: f9ff 0f84 | 5c4a 0000 | 4585 c97f | 0733 dbe9 | 5602 0000 | 33c9 33db | eb19 6690 | 488b 7424 
  0x0000029896444f74: 2048 8b6c | 2460 488b | 7c24 7044 | 8b4c 2478 | 418b ca44 | 8b47 0c41 | 3bc8 0f8c | e715 0000 
  0x0000029896444f94: 458b d144 | 2bd1 418d | 9000 0400 | 0044 3bd2 | 440f 4fd2 | 4585 d20f | 8c63 4000 | 0048 8bd7 
  0x0000029896444fb4: 4883 c210 | 468d 1c11 | 453b d80f | 845e 1700 | 0041 81fb | 0000 1000 | 0f87 5e3e | 0000 4963 
  0x0000029896444fd4: c348 8994 | 2488 0000 | 0044 8994 | 2484 0000 | 0089 9c24 | 8000 0000 | 894c 247c | 4489 4c24 
  0x0000029896444ff4: 7848 897c | 2470 4889 | 6c24 6048 | 8974 2420 | 418b cb45 | 3bc3 418b | e841 0f4f | eb44 3bc5 
  0x0000029896445014: 0f82 913e | 0000 443b | dd0f 8288 | 3e00 0044 | 899c 2490 | 0000 0048 | 83c0 1748 | 8984 2498 
  0x0000029896445034: ;   {no_reloc}
  0x0000029896445034: 0000 004c | 8bd0 4983 | e2f8 4c89 | 9424 a000 | 0000 4181 | fb00 0010 | 000f 87af | 2d00 004d 
  0x0000029896445054: 8b87 b801 | 0000 4d8b | d04c 8b9c | 24a0 0000 | 004d 03d3 | 4d3b 97c8 | 0100 000f | 838d 2d00 
  0x0000029896445074: 004d 8997 | b801 0000 | 410f 0d8a | c000 0000 | 49c7 0001 | 0000 0041 | 0f0d 8a00 

  0x0000029896445090: ;   {metadata({type array byte})}
  0x0000029896445090: 0100 0041 | c740 084f | 8100 2044 | 8bd9 4589 | 580c 410f | 0d8a 4001 | 0000 410f | 0d8a 8001 
  0x00000298964450b0: 0000 4c89 | 4424 7049 | 8bd8 4883 | c310 4c8b | 9424 9800 | 0000 49c1 | ea03 85ed | 0f84 663d 
  0x00000298964450d0: 0000 3bac | 2490 0000 | 000f 8c62 | 1500 004c | 8b84 24a0 | 0000 0049 | 83c0 f049 | c1e8 0348 
  0x00000298964450f0: 8b8c 2488 | 0000 0048 | 8bd3 c5f8 | 7749 ba80 | 7066 9598 | 0200 0041 

  0x0000029896445108: ;   {other}
  0x0000029896445108: ffd2 0f1f | 8400 0000 | 0000 488b | 7424 2048 | 8b6c 2460 | 448b 4c24 | 788b 4c24 | 7c8b 9c24 
  0x0000029896445128: 8000 0000 | 448b 9424 | 8400 0000 | 488b 5424 | 6844 8b5a 

  0x000002989644513c: ;   {metadata('java/util/zip/ZipFile$ZipFileInflaterInputStream')}
  0x000002989644513c: 0841 81fb | 8920 0120 | 0f85 4114 | 0000 899c | 2480 0000 | 0089 4c24 | 7c44 894c | 2478 4889 
  0x000002989644515c: 6c24 6048 | 8974 2420 | 4c8b 4424 | 7044 8bc9 | 418b fa48 | 8994 2488 | 0000 0090 

  0x0000029896445178: ;   {optimized virtual_call}
  0x0000029896445178: c5f8 77e8 

  0x000002989644517c: ; ImmutableOopMap {rbp=Oop [32]=Oop [40]=NarrowOop [44]=NarrowOop [48]=Oop [56]=Oop [72]=Oop [80]=Oop [96]=Oop [104]=Oop [112]=Oop [136]=Oop }
                      ;*invokevirtual read {reexecute=0 rethrow=0 return_oop=0}
                      ; - jdk.internal.loader.Resource::getBytes@117
                      ; - jdk.internal.loader.URLClassPath$JarLoader$2::getBytes@1
                      ; - java.net.URLClassLoader::defineClass@179
  0x000002989644517c: c0a1 3b00 

  0x0000029896445180: ;   {other}
  0x0000029896445180: 0f1f 8400 | 701a 000f | 85c0 0f8c | 3e3e 0000 | 448b 5424 | 7c44 03d0 | 8b9c 2480 | 0000 004d 
  0x00000298964451a0: 8b9f 5004 

  0x00000298964451a4: ; ImmutableOopMap {[32]=Oop [40]=NarrowOop [44]=NarrowOop [48]=Oop [56]=Oop [72]=Oop [80]=Oop [96]=Oop [104]=Oop [112]=Oop }
                      ;*goto {reexecute=1 rethrow=0 return_oop=0}
                      ; - (reexecute) jdk.internal.loader.Resource::getBytes@179
                      ; - jdk.internal.loader.URLClassPath$JarLoader$2::getBytes@1
                      ; - java.net.URLClassLoader::defineClass@179
                      ;   {poll}
  0x00000298964451a4: 0000 4185 | 0344 3b54 | 2478 0f8c | bcfd ffff | 488b 6c24 | 6048 8b7c | 2470 488b | 5424 6844 
  0x00000298964451c4: ;   {metadata('java/util/zip/ZipFile$ZipFileInflaterInputStream')}
  0x00000298964451c4: 8b5a 0841 | 81fb 8920 | 0120 0f85 | 3814 0000 | 895c 2468 | 4889 7c24 | 6048 896c | 2420 6690 
  0x00000298964451e4: ;   {optimized virtual_call}
  0x00000298964451e4: c5f8 77e8 

  0x00000298964451e8: ; ImmutableOopMap {rbp=Oop [32]=Oop [40]=NarrowOop [44]=NarrowOop [48]=Oop [56]=Oop [72]=Oop [80]=Oop [96]=Oop }
                      ;*invokevirtual close {reexecute=0 rethrow=0 return_oop=0}
                      ; - jdk.internal.loader.Resource::getBytes@183
                      ; - jdk.internal.loader.URLClassPath$JarLoader$2::getBytes@1
                      ; - java.net.URLClassLoader::defineClass@179
  0x00000298964451e8: 9450 9a00 

  0x00000298964451ec: ;   {other}
  0x00000298964451ec: 0f1f 8400 | dc1a 0011 | 448b 5424 | 6845 85d2 | 0f85 3048 | 0000 4c8b | 4424 6045 | 8b50 0c45 
  0x000002989644520c: 85d2 760d | 418d 6aff | 413b ea0f | 83f7 4100 | 0048 8b54 | 2460 4883 | c210 33c9 | 458b c2c5 
  0x000002989644522c: f877 49ba | a014 6395 | 9802 0000 

  0x0000029896445238: ;   {other}
  0x0000029896445238: 41ff d20f | 1f84 0000 | 0000 004c | 8b54 2420 | 458b 521c 

  0x000002989644524c: ; implicit exception: dispatches to 0x000002989644b4d8
  0x000002989644524c: 4d8b 5218 | 448b d84d | 3bda 0f85 | 9c47 0000 | 4c8b 5424 | 3845 8b5a 

  0x0000029896445264: ;   {metadata('jdk/internal/loader/URLClassPath$JarLoader$2')}
  0x0000029896445264: 0841 81fb | 6c25 0120 | 0f85 9b15 | 0000 418b | 6a1c 448b 

  0x0000029896445278: ;   {metadata('java/util/jar/JarFile$JarFileEntry')}
  0x0000029896445278: 5508 4181 | fa6d 1f01 | 200f 8549 | 4100 004c | 8bd5 458b | 5a64 450f | b64b 1245 | 3b63 3075 
  0x0000029896445298: 0945 85c9 | 0f85 5011 | 0000 458b | 5a5c 4585 | db0f 8503 | 2c00 0045 | 8b5a 6441 | 8b6b 3085 
  0x00000298964452b8: ed0f 8569 | 2b00 0045 | 33db 4d8b | 8fb8 0100 | 004d 8bd1 | 4983 c228 | 4d3b 97c8 | 0100 000f 
  0x00000298964452d8: 83fa 3100 | 004d 8997 | b801 0000 | 410f 0d8a | c000 0000 | 49c7 0101 | 0000 004d | 8bd1 4983 
  0x00000298964452f8: ;   {metadata('java/security/CodeSource')}
  0x00000298964452f8: c210 41c7 | 4108 18ab | 0020 4589 | 610c c5fd | efc0 41b8 | 0700 0000 | c4c1 7892 | f862 d1fe 
  0x0000029896445318: 2f7f 0244 | 8b54 242c | 4589 510c | 4585 d20f | 843f 4500 | 0049 8be9 | 4c89 5c24 | 2049 8bd2 
  0x0000029896445338: ;   {static_call}
  0x0000029896445338: c5f8 77e8 

  0x000002989644533c: ; ImmutableOopMap {rbp=Oop [32]=Oop [40]=NarrowOop [48]=Oop [72]=Oop [80]=Oop [96]=Oop }
                      ;*invokestatic urlNoFragString {reexecute=0 rethrow=0 return_oop=1}
                      ; - java.security.CodeSource::<init>@30
                      ; - java.net.URLClassLoader::defineClass@198
  0x000002989644533c: 8012 bbff 

  0x0000029896445340: ;   {other}
  0x0000029896445340: 0f1f 8400 | 301c 0012 | 488b d841 | 807f 4000 | 0f85 8b18 | 0000 488b | fd4c 8bd3 | 4489 5720 
  0x0000029896445360: 4c8b d34c | 8bdf 4d33 | d349 c1ea | 144d 85d2 | 741f 4885 | db74 1a49 | c1eb 0948 | b900 0010 
  0x0000029896445380: 9d98 0200 | 0049 03cb | 8039 020f | 8586 1800 | 004c 8b44 | 2420 4d85 | c00f 85ac | 2100 00c5 
  0x00000298964453a0: f877 49ba | 20d3 9605 | fd7f 0000 

  0x00000298964453ac: ;   {other}
  0x00000298964453ac: 41ff d20f | 1f84 0000 | 0000 004c | 8bc0 4c2b 

  0x00000298964453bc: ;   {oop(a 'jdk/internal/perf/PerfCounter'{0x00000000804ab188})}
  0x00000298964453bc: 4424 4049 | bb88 b14a | 8000 0000 | 0048 8d9c | 24c0 0000 | 0049 8b03 | a802 0f85 | 2300 0000 
  0x00000298964453dc: 4883 c801 | 4889 03f0 | 490f b11b | 0f84 3700 | 0000 482b | c448 2507 | f0ff ff48 | 8903 e924 
  0x00000298964453fc: 0000 004c | 8bd0 4833 | c0f0 4d0f | b17a 3e48 | c703 0300 | 0000 7411 | 4c3b f875 | 1549 ff82 
  0x000002989644541c: 8600 0000 | 4833 c075 | 0949 ff87 | 4805 0000 | 33c0 0f85 | 843c 0000 

  0x0000029896445434: ;   {oop(a 'jdk/internal/perf/PerfCounter'{0x00000000804ab188})}
  0x0000029896445434: 49ba 88b1 | 4a80 0000 | 0000 458b | 4a10 418b | 6924 85ed | 0f85 5e44 | 0000 418b | 691c 85ed 
  0x0000029896445454: 0f8c 973c | 0000 85ed | 0f84 fe3b | 0000 4d8b | 5110 4d01 

  0x0000029896445468: ;   {oop(a 'jdk/internal/perf/PerfCounter'{0x00000000804ab188})}
  0x0000029896445468: 0249 bb88 | b14a 8000 | 0000 0048 | 8d84 24c0 | 0000 0048 | 8338 000f | 8479 0000 | 004d 8b13 
  0x0000029896445488: 41f6 c202 | 0f84 6200 | 0000 4983 | ba86 0000 | 0000 7409 | 49ff 8a86 | 0000 00eb | 4b49 8b82 
  0x00000298964454a8: 9600 0000 | 490b 828e | 0000 0075 | 0a49 c742 | 3e00 0000 | 00eb 3d49 | 83ba 9e00 | 0000 0074 
  0x00000298964454c8: 2248 33c0 | 49c7 423e | 0000 0000 | f083 0424 | 0049 83ba | 9e00 0000 | 0075 0df0 | 4d0f b17a 
  0x00000298964454e8: 3e75 0583 | c801 eb0c | a800 eb08 | 4c8b 10f0 | 4d0f b113 | 750a 49ff | 8f48 0500 | 0045 33d2 
  0x0000029896445508: 0f85 1e3c | 0000 498b | 9fb8 0100 | 004c 8b4c | 2460 458b | 410c 4c8b | d349 83c2 | 104d 3b97 
  0x0000029896445528: c801 0000 | 0f83 cd2f | 0000 4d89 | 97b8 0100 | 0041 0f0d | 8ac0 0000 | 0048 c703 | 0100 0000 
  0x0000029896445548: ;   {metadata('java/security/SecureClassLoader$CodeSourceKey')}
  0x0000029896445548: c743 08cf | 2701 2044 | 8963 0c4c | 8bdf 4489 | 5b0c 498b | bfb8 0100 | 0048 8b4c | 2448 8b69 
  0x0000029896445568: 504c 8bd7 | 4983 c210 | 4d3b 97c8 | 0100 000f | 83ca 2f00 | 004d 8997 | b801 0000 | 410f 0d8a 
  0x0000029896445588: c000 0000 | 48c7 0701 

  0x0000029896445590: ;   {metadata('java/security/SecureClassLoader$1')}
  0x0000029896445590: 0000 00c7 | 4708 1528 | 0120 448b | 5c24 2844 | 895f 0c44 

  0x00000298964455a4: ;   {metadata('java/util/concurrent/ConcurrentHashMap')}
  0x00000298964455a4: 8b5d 0841 | 81fb 1dac | 0020 0f85 | aa3b 0000 | 4489 4424 | 384c 894c | 2428 4889 | 4c24 2048 
  0x00000298964455c4: 8bd5 4c8b | c34c 8bcf 

  0x00000298964455cc: ;   {optimized virtual_call}
  0x00000298964455cc: c5f8 77e8 

  0x00000298964455d0: ; ImmutableOopMap {[32]=Oop [40]=Oop [48]=Oop [80]=Oop }
                      ;*invokeinterface computeIfAbsent {reexecute=0 rethrow=0 return_oop=1}
                      ; - java.security.SecureClassLoader::getProtectionDomain@28
                      ; - java.security.SecureClassLoader::defineClass@9
                      ; - java.net.URLClassLoader::defineClass@220
  0x00000298964455d0: 6ce3 7dff 

  0x00000298964455d4: ;   {other}
  0x00000298964455d4: 0f1f 8400 | c41e 0013 

  0x00000298964455dc: ; implicit exception: dispatches to 0x000002989644b21c
  0x00000298964455dc: 448b 5008 

  0x00000298964455e0: ;   {metadata('java/security/ProtectionDomain')}
  0x00000298964455e0: 4181 fa93 | 8800 200f | 85a3 5900 | 0048 8b74 | 2430 8b6e | 1444 8b45 | 0c48 8944 | 2460 4585 
  0x0000029896445600: c00f 8691 | 3b00 0044 | 0fbe 5e10 | 4585 db0f | 8562 1800 | 00c4 4222 | f7d0 453b | d045 0f4f 
  0x0000029896445620: d045 85d2 | 0f8e ab0f | 0000 453b | c20f 82bd | 3d00 004c | 8bdd 488d | 7d10 418b | d2b8 2f00 
  0x0000029896445640: 0000 488b | df83 fa10 | 0f8c 7900 | 0000 83fa | 200f 8c36 | 0000 00c5 | f96e d0c4 | e27d 78d2 
  0x0000029896445660: c5f5 efc9 | 8bca 83e1 | e083 e21f | c5fe 6f03 | c5fd 74c2 | c4e2 7d17 | c80f 8369 | 0000 0048 
  0x0000029896445680: 83c3 2083 | e920 75e4 | e90d 0000 | 00c5 f96e | d0c5 f1ef | c9c4 e269 | 00d1 83fa | 100f 8c24 
  0x00000298964456a0: 0000 008b | ca83 e1f0 | 83e2 0fc5 | fa6f 03c5 | f974 c2c4 | e279 17c8 | 0f83 2a00 | 0000 4883 
  0x00000298964456c0: c310 83e9 | 1075 e485 | d20f 8412 | 0000 000f | b60b 3bc1 | 741c 4883 | c301 83ea 

  0x00000298964456dc: ;   {no_reloc}
  0x00000298964456dc: 0174 02eb | eebb ffff | ffff eb0d | c5fd d7c8 | 0fbc c148 | 03d8 482b | df83 fbff | 0f85 6e40 
  0x00000298964456fc: 0000 448b | 5e14 807e | 1000 0f85 | a83a 0000 

  0x000002989644570c: ; implicit exception: dispatches to 0x000002989644b258
  0x000002989644570c: 418b 6b0c | 85ed 0f86 | c33a 0000 | 450f b653 | 1041 83fa | 5b0f 84bd | 4100 0044 | 8b56 1441 
  0x000002989644572c: 8b5a 0c44 | 0fbe 4610 | c462 3af7 | cb45 8d59 | fb45 85db | 7c1d 4585 | c00f 85e1 | 0d00 0083 
  0x000002989644574c: fb04 0f86 | f83c 0000 | 4180 7a10 | 6a0f 8491 | 0b00 004c | 8b5c 2460 | 458b 7310 | 41ff c945 
  0x000002989644576c: 85c0 0f85 | f233 0000 | 448d 5bff | 453b d945 | 0f4f d945 | 85db 7c2e | 4d8b ca66 | 0f1f 8400 
  0x000002989644578c: 0000 0000 | 443b db0f | 8323 3300 | 0043 807c | 1a10 2e74 | 1749 8b8f | 5004 0000 

  0x00000298964457a8: ; ImmutableOopMap {r10=NarrowOop r9=Oop rsi=Oop r14=NarrowOop [32]=Oop [40]=Oop [80]=Oop [96]=Oop }
                      ;*goto {reexecute=1 rethrow=0 return_oop=0}
                      ; - (reexecute) java.lang.StringLatin1::lastIndexOf@35
                      ; - java.lang.String::lastIndexOf@13
                      ; - java.lang.String::lastIndexOf@8
                      ; - java.lang.ClassLoader::checkCerts@3
                      ; - java.lang.ClassLoader::preDefineClass@113
                      ; - java.lang.ClassLoader::defineClass@4
                      ; - java.security.SecureClassLoader::defineClass@12
                      ; - java.net.URLClassLoader::defineClass@220
                      ;   {poll}
  0x00000298964457a8: 41ff cb85 | 0145 85db | 7dde 41bb | ffff ffff | 4183 fbff | 0f84 061b | 0000 448b | 4614 418b 
  0x00000298964457c8: 480c 440f | be56 10c4 | e22a f7e9 | 4585 db0f | 8cdf 3f00 | 0044 3bdd | 0f8f 6641 | 0000 443b 
  0x00000298964457e8: dd0f 84a7 | 0b00 0045 | 85d2 0f85 | fd27 0000 | 4585 db0f | 84ed 0d00 | 0049 8b9f | b801 0000 
  0x0000029896445808: 4c8b d349 | 83c2 184d | 3b97 c801 | 0000 0f83 | 4d2e 0000 | 4d89 97b8 | 0100 0041 | 0f0d 8ac0 
  0x0000029896445828: 0000 0048 | c703 0100 | 0000 4c8b | d349 83c2 

  0x0000029896445838: ;   {metadata('java/lang/String')}
  0x0000029896445838: 10c7 4308 | f483 0020 | 4489 630c | c5fd efc0 | c4c1 79d6 | 024d 8bd0 | 4c89 9424 | 9800 0000 
  0x0000029896445858: 4d8d 4810 | 443b d90f | 859a 0000 | 004c 63d9 | 81f9 0000 | 1000 0f87 | f430 0000 | 498b bfb8 
  0x0000029896445878: 0100 004d | 8d53 1749 | 83e2 f848 | 8bd7 4903 | d249 3b97 | c801 0000 | 0f83 d230 | 0000 4989 
  0x0000029896445898: 97b8 0100 | 000f 0d8a | c000 0000 | 48c7 0701 | 0000 000f | 0d8a 0001 

  0x00000298964458b0: ;   {metadata({type array byte})}
  0x00000298964458b0: 0000 c747 | 084f 8100 | 2089 4f0c | 0f0d 8a40 | 0100 000f | 0d8a 8001 | 0000 488b | d748 83c2 
  0x00000298964458d0: 1049 83c3 | 0749 c1eb | 0349 8bc9 | 4d8b c3c5 | f877 49ba | 8070 6695 | 9802 0000 

  0x00000298964458ec: ;   {other}
  0x00000298964458ec: 41ff d20f | 1f84 0000 | 0000 004c | 8bef e9d9 | 0000 0041 | 81fb 0000 | 1000 0f87 | 543d 0000 
  0x000002989644590c: 4d63 d341 | 3bcb 8be9 | 410f 4feb | 3bcd 0f82 | ec3d 0000 | 443b dd0f | 82e3 3d00 | 0049 83c2 
  0x000002989644592c: 1749 8bfa | 4883 e7f8 | 4181 fb00 | 0010 000f | 87bc 2e00 | 004d 8baf | b801 0000 | 4d8b c54c 
  0x000002989644594c: 03c7 4d3b | 87c8 0100 | 000f 83a2 | 2e00 004d | 8987 b801 | 0000 410f | 0d88 c000 | 0000 49c7 
  0x000002989644596c: 4500 0100 | 0000 410f | 0d88 0001 

  0x0000029896445978: ;   {metadata({type array byte})}
  0x0000029896445978: 0000 41c7 | 4508 4f81 | 0020 4589 | 5d0c 410f | 0d88 4001 | 0000 410f | 0d88 8001 | 0000 498b 
  0x0000029896445998: d548 83c2 | 1049 c1ea | 0385 ed0f | 84bf 3c00 | 0041 3beb | 0f8c 091a | 0000 4883 | c7f0 48c1 
  0x00000298964459b8: ef03 498b | c94c 8bc7 | c5f8 7749 | ba80 7066 | 9598 0200 | 0041 ffd2 

  0x00000298964459d0: ;   {other}
  0x00000298964459d0: 0f1f 8400 | 0000 0000 | 4180 7f40 | 000f 85b8 | 1200 004c | 8bd3 4d8b | dd44 895b | 144d 8bdd 
  0x00000298964459f0: 4d33 da49 | c1eb 144d | 85db 741a | 49c1 ea09 | 48b9 0000 | 109d 9802 | 0000 4903 | ca80 3902 
  0x0000029896445a10: 0f85 0913 | 0000 4488 | 6310 458b | 4e14 4585 | c90f 8544 | 1500 0045 | 8b46 1045 | 85c0 0f85 
  0x0000029896445a30: da15 0000 

  0x0000029896445a34: ;   {oop(a 'java/security/cert/Certificate'[0] {0x00000000808d1418})}
  0x0000029896445a34: 49b8 1814 | 8d80 0000 | 0000 4c8b | 5c24 2045 | 8b53 2c45 | 85d2 0f84 | 4836 0000 | 4c89 4424 
  0x0000029896445a54: 404c 895c | 2430 4889 | 7424 2049 | 8bd2 4c8b | c34c 8b4c | 2440 bf01 | 0000 0048 | 8bee 6690 
  0x0000029896445a74: ;   {optimized virtual_call}
  0x0000029896445a74: c5f8 77e8 

  0x0000029896445a78: ; ImmutableOopMap {rbp=Oop [32]=Oop [40]=Oop [48]=Oop [64]=Oop [80]=Oop [96]=Oop }
                      ;*invokevirtual putVal {reexecute=0 rethrow=0 return_oop=1}
                      ; - java.util.concurrent.ConcurrentHashMap::putIfAbsent@4
                      ; - java.lang.ClassLoader::checkCerts@62
                      ; - java.lang.ClassLoader::preDefineClass@113
                      ; - java.lang.ClassLoader::defineClass@4
                      ; - java.security.SecureClassLoader::defineClass@12
                      ; - java.net.URLClassLoader::defineClass@220
  0x0000029896445a78: c47b 5300 

  0x0000029896445a7c: ;   {other}
  0x0000029896445a7c: 0f1f 8400 | 6c23 0015 | 4885 c074 | 3144 8b50 

  0x0000029896445a8c: ;   {metadata('java/security/cert/Certificate'[])}
  0x0000029896445a8c: 0841 81fa | a95d 0020 | 0f85 7e55 | 0000 4c8b | c848 8b4c | 2440 8b79 | 0c45 8b41 | 0c85 ff0f 
  0x0000029896445aac: 87b2 2500 | 0045 85c0 | 0f87 a23f | 0000 4c8b | 5424 6045 | 8b5a 1041 | 8b6b 0c85 | ed0f 8439 
  0x0000029896445acc: 3e00 0048 | ff74 2460 | 488f 4424 | 4048 8bd5 

  0x0000029896445adc: ;   {optimized virtual_call}
  0x0000029896445adc: c5f8 77e8 

  0x0000029896445ae0: ; ImmutableOopMap {[32]=Oop [40]=Oop [48]=Oop [64]=Oop [80]=Oop [96]=Oop }
                      ;*invokevirtual toString {reexecute=0 rethrow=0 return_oop=1}
                      ; - java.lang.ClassLoader::defineClassSourceLocation@22
                      ; - java.lang.ClassLoader::defineClass@12
                      ; - java.security.SecureClassLoader::defineClass@12
                      ; - java.net.URLClassLoader::defineClass@220
  0x0000029896445ae0: 7ca1 94ff 

  0x0000029896445ae4: ;   {other}
  0x0000029896445ae4: 0f1f 8400 | d423 0016 | 488b 5424 | 304c 8b44 | 2420 4c8b | 4c24 2833 | ff8b 7424 | 3848 8b4c 
  0x0000029896445b04: 2460 4889 | 0424 6690 

  0x0000029896445b0c: ;   {static_call}
  0x0000029896445b0c: c5f8 77e8 

  0x0000029896445b10: ; ImmutableOopMap {[48]=Oop [64]=Oop [80]=Oop [96]=Oop }
                      ;*invokestatic defineClass1 {reexecute=0 rethrow=0 return_oop=1}
                      ; - java.lang.ClassLoader::defineClass@27
                      ; - java.security.SecureClassLoader::defineClass@12
                      ; - java.net.URLClassLoader::defineClass@220
  0x0000029896445b10: 4454 7eff 

  0x0000029896445b14: ;   {other}
  0x0000029896445b14: 0f1f 8400 | 0424 0017 | 4889 4424 | 2044 8b50 | 3c45 85d2 | 7408 498b | dae9 5a03 | 0000 4c8b 
  0x0000029896445b34: 5010 458b | 5a08 4585 | db0f 8c89 | 3a00 0044 | 8b50 2c45 | 85d2 0f84 | fc07 0000 | 4c89 5424 
  0x0000029896445b54: 284c 8b54 | 2428 418b | 6a14 448b | 550c 4c8b | 5c24 2845 | 0fbe 5b10 | c442 22f7 | ca41 ffc9 
  0x0000029896445b74: 4585 db0f | 8533 3100 | 0041 8d4a | ff41 3bc9 | 410f 4fc9 | 85c9 7c29 | 4c8b c590 | 413b ca0f 
  0x0000029896445b94: 83fb 3000 | 0080 7c0d | 102e 741a | 4d8b 8f50 | 0400 00ff | c94c 8b5c 

  0x0000029896445bac: ; ImmutableOopMap {r11=Oop r8=Oop rbp=NarrowOop [32]=Oop [40]=Oop [48]=Oop [64]=Oop [80]=Oop }
                      ;*goto {reexecute=1 rethrow=0 return_oop=0}
                      ; - (reexecute) java.lang.StringLatin1::lastIndexOf@35
                      ; - java.lang.String::lastIndexOf@13
                      ; - java.lang.String::lastIndexOf@8
                      ; - java.lang.Class::getPackageName@47
                      ; - java.lang.ClassLoader::postDefineClass@2
                      ; - java.lang.ClassLoader::defineClass@37
                      ; - java.security.SecureClassLoader::defineClass@12
                      ; - java.net.URLClassLoader::defineClass@220
                      ;   {poll}
  0x0000029896445bac: 2420 4185 | 0185 c97d | dbb9 ffff | ffff 83f9 | ff0f 847a | 0200 004c | 8b54 2428 | 458b 5a14 
  0x0000029896445bcc: ; implicit exception: dispatches to 0x000002989644b6d8
  0x0000029896445bcc: 458b 530c | 4c8b 4424 | 2845 0fbe | 4010 c4c2 | 3af7 ea85 | c90f 8cf5 | 4100 003b | cd0f 8f0d 
  0x0000029896445bec: 4200 003b | cd0f 84c0 | 0700 0045 | 85c0 0f85 | 3926 0000 | 85c9 0f84 | f509 0000 | 498b 9fb8 
  0x0000029896445c0c: 0100 004c | 8bc3 4983 | c018 4d3b | 87c8 0100 | 000f 8364 | 2c00 004d | 8987 b801 | 0000 410f 
  0x0000029896445c2c: 0d88 c000 | 0000 48c7 | 0301 0000 | 004c 8bc3 | 4983 c010 

  0x0000029896445c40: ;   {metadata('java/lang/String')}
  0x0000029896445c40: c743 08f4 | 8300 2044 | 8963 0cc5 | fdef c0c4 | c179 d600 | 4d8b c34c | 8984 2488 | 0000 004d 
  0x0000029896445c60: 8d4b 1041 | 3bca 0f85 | 9c00 0000 | 4963 f241 | 81fa 0000 | 1000 0f87 | c42f 0000 | 498b bfb8 
  0x0000029896445c80: 0100 004c | 8d46 1749 | 83e0 f848 | 8bcf 4903 | c849 3b8f | c801 0000 | 0f83 a22f | 0000 4989 
  0x0000029896445ca0: 8fb8 0100 | 000f 0d89 | c000 0000 | 48c7 0701 | 0000 000f | 0d89 0001 

  0x0000029896445cb8: ;   {metadata({type array byte})}
  0x0000029896445cb8: 0000 c747 | 084f 8100 | 2044 8957 | 0c0f 0d89 | 4001 0000 | 0f0d 8980 | 0100 0048 | 8bd7 4883 
  0x0000029896445cd8: c210 4883 | c607 48c1 | ee03 498b | c94c 8bc6 | c5f8 7749 | ba80 7066 | 9598 0200 | 0041 ffd2 
  0x0000029896445cf8: ;   {other}
  0x0000029896445cf8: 0f1f 8400 | 0000 0000 | 488b f7e9 | d300 0000 | 81f9 0000 | 1000 0f87 | 0040 0000 | 4863 d144 
  0x0000029896445d18: 3bd1 418b | ea0f 4fe9 | 443b d50f | 8266 4000 | 003b cd0f | 825e 4000 | 0048 83c2 | 174c 8bc2 
  0x0000029896445d38: 4983 e0f8 | 81f9 0000 | 1000 0f87 | 022d 0000 | 498b b7b8 | 0100 004c | 8bd6 4d03 | d04d 3b97 
  0x0000029896445d58: c801 0000 | 0f83 e82c | 0000 4d89 | 97b8 0100 | 0041 0f0d | 8ac0 0000 | 0048 c706 | 0100 0000 
  0x0000029896445d78: 410f 0d8a | 0001 0000 

  0x0000029896445d80: ;   {metadata({type array byte})}
  0x0000029896445d80: c746 084f | 8100 2089 | 4e0c 410f | 0d8a 4001 | 0000 410f | 0d8a 8001 | 0000 4c8b | d649 83c2 
  0x0000029896445da0: 1048 c1ea | 0385 ed0f | 846f 3f00 | 003b e90f | 8c33 1f00 | 0049 83c0 | f049 c1e8 | 0349 8bc9 
  0x0000029896445dc0: 498b d2c5 | f877 49ba | 8070 6695 | 9802 0000 

  0x0000029896445dd0: ;   {other}
  0x0000029896445dd0: 41ff d20f | 1f84 0000 | 0000 0041 | 807f 4000 | 0f85 a516 | 0000 4c8b | d34c 8bde | 4489 5b14 
  0x0000029896445df0: 4c8b de4d | 33da 49c1 | eb14 4d85 | db74 1a49 | c1ea 0948 | b900 0010 | 9d98 0200 | 0049 03ca 
  0x0000029896445e10: 8039 020f | 85a5 1600 | 0044 8863 | 1048 8bd3 | 488b 6c24 | 3066 6690 

  0x0000029896445e28: ;   {optimized virtual_call}
  0x0000029896445e28: c5f8 77e8 

  0x0000029896445e2c: ; ImmutableOopMap {rbp=Oop [32]=Oop [48]=Oop [64]=Oop }
                      ;*invokevirtual intern {reexecute=0 rethrow=0 return_oop=1}
                      ; - java.lang.Class::getPackageName@65
                      ; - java.lang.ClassLoader::postDefineClass@2
                      ; - java.lang.ClassLoader::defineClass@37
                      ; - java.security.SecureClassLoader::defineClass@12
                      ; - java.net.URLClassLoader::defineClass@220
  0x0000029896445e2c: 280e 7aff 

  0x0000029896445e30: ;   {other}
  0x0000029896445e30: 0f1f 8400 | 2027 0019 | 4889 4424 | 5041 807f | 4000 0f85 | 9a10 0000 | 4c8b 5424 | 2048 8b5c 
  0x0000029896445e50: 2450 4c8b | db4c 8b44 | 2420 4589 | 583c 4c8b | db4d 33da | 49c1 eb14 | 4d85 db74 | 1f48 85db 
  0x0000029896445e70: 741a 49c1 | ea09 48b9 | 0000 109d | 9802 0000 | 4903 ca80 | 3902 0f85 | 8e10 0000 | 488b 4c24 
  0x0000029896445e90: 3044 8b51 | 3845 8b42 | 084c 8b5c | 2420 458b 

  0x0000029896445ea0: ;   {metadata('java/util/concurrent/ConcurrentHashMap')}
  0x0000029896445ea0: 4b30 4181 | f81d ac00 | 200f 854d | 3300 008b | 430c 498b | ea85 c075 | 5944 0fb6 | 5b11 4585 
  0x0000029896445ec0: db0f 85f4 | 1e00 0044 | 8b5b 1449 | 8bd3 807b | 1000 0f85 | 2628 0000 | 4489 4c24 | 3848 895c 
  0x0000029896445ee0: 2430 4889 | 4c24 2890 

  0x0000029896445ee8: ;   {static_call}
  0x0000029896445ee8: c5f8 77e8 

  0x0000029896445eec: ; ImmutableOopMap {rbp=Oop [32]=Oop [40]=Oop [48]=Oop [56]=NarrowOop [64]=Oop }
                      ;*invokestatic hashCode {reexecute=0 rethrow=0 return_oop=0}
                      ; - java.lang.String::hashCode@27
                      ; - java.util.concurrent.ConcurrentHashMap::get@1
                      ; - java.lang.ClassLoader::getNamedPackage@5
                      ; - java.lang.ClassLoader::postDefineClass@9
                      ; - java.lang.ClassLoader::defineClass@37
                      ; - java.security.SecureClassLoader::defineClass@12
                      ; - java.net.URLClassLoader::defineClass@220
  0x0000029896445eec: 9099 23ff 

  0x0000029896445ef0: ;   {other}
  0x0000029896445ef0: 0f1f 8400 | e027 001a | 85c0 0f84 | c91e 0000 | 488b 5c24 | 3089 430c | 488b 4c24 | 2844 8b4c 
  0x0000029896445f10: 2438 448b | 4528 4585 | c00f 84de | 0100 0041 | 8b68 0c85 | ed0f 865d | 3b00 0044 | 8bd0 41c1 
  0x0000029896445f30: ea10 4433 | d0ff cd41 | 81e2 ffff | ff7f 4123 | ea4c 63dd | 478b 4498 | 1045 85c0 | 0f84 ab01 
  0x0000029896445f50: 0000 458b | 580c 498b | f845 3bda | 0f84 b300 | 0000 4585 | db0f 8c76 | 0100 0045 | 8b40 1845 
  0x0000029896445f70: 85c0 0f84 | 8501 0000 | 498b f08b | 7e0c 498b | 8750 0400 

  0x0000029896445f84: ; ImmutableOopMap {r9=NarrowOop rcx=Oop rbx=Oop rsi=Oop [32]=Oop [64]=Oop }
                      ;*if_icmpne {reexecute=1 rethrow=0 return_oop=0}
                      ; - (reexecute) java.util.concurrent.ConcurrentHashMap::get@127
                      ; - java.lang.ClassLoader::getNamedPackage@5
                      ; - java.lang.ClassLoader::postDefineClass@9
                      ; - java.lang.ClassLoader::defineClass@37
                      ; - java.security.SecureClassLoader::defineClass@12
                      ; - java.net.URLClassLoader::defineClass@220
                      ;   {poll}
  0x0000029896445f84: 0085 0041 | 3bfa 7412 | 448b 5e18 | 4585 db0f | 8464 0100 | 0049 8bf3 | ebdd 8b6e | 104c 8bdd 
  0x0000029896445fa4: 4c3b db74 | 6085 ed0f | 84a3 4300 | 0048 8974 | 2448 4489 | 5424 3c44 | 894c 2438 | 4889 5c24 
  0x0000029896445fc4: 304c 8b54 | 2420 4889 | 4c24 204c | 8bc5 488b | d349 8bea 

  0x0000029896445fd8: ;   {optimized virtual_call}
  0x0000029896445fd8: c5f8 77e8 

  0x0000029896445fdc: ; ImmutableOopMap {rbp=Oop [32]=Oop [48]=Oop [56]=NarrowOop [64]=Oop [72]=Oop }
                      ;*invokevirtual equals {reexecute=0 rethrow=0 return_oop=0}
                      ; - java.util.concurrent.ConcurrentHashMap::get@149
                      ; - java.lang.ClassLoader::getNamedPackage@5
                      ; - java.lang.ClassLoader::postDefineClass@9
                      ; - java.lang.ClassLoader::defineClass@37
                      ; - java.security.SecureClassLoader::defineClass@12
                      ; - java.net.URLClassLoader::defineClass@220
  0x0000029896445fdc: 60e6 2900 

  0x0000029896445fe0: ;   {other}
  0x0000029896445fe0: 0f1f 8400 | d028 001c | 85c0 0f84 | 9c43 0000 | 488b 4c24 | 2048 896c | 2420 488b | 5c24 3044 
  0x0000029896446000: 8b4c 2438 | 488b 7424 | 488b 6e14 | 85ed 756e | e9e8 0000 | 0041 8b68 | 104c 8bdd | 4c3b db74 
  0x0000029896446020: 5585 ed0f | 8468 4100 | 0044 8944 | 2448 4489 | 5424 3c44 | 894c 2438 | 4889 4c24 | 284c 8bc5 
  0x0000029896446040: 488b d348 | 8beb 4889 | 7c24 6090 

  0x000002989644604c: ;   {optimized virtual_call}
  0x000002989644604c: c5f8 77e8 

  0x0000029896446050: ; ImmutableOopMap {rbp=Oop [32]=Oop [40]=Oop [56]=NarrowOop [64]=Oop [72]=NarrowOop [96]=Oop }
                      ;*invokevirtual equals {reexecute=0 rethrow=0 return_oop=0}
                      ; - java.util.concurrent.ConcurrentHashMap::get@73
                      ; - java.lang.ClassLoader::getNamedPackage@5
                      ; - java.lang.ClassLoader::postDefineClass@9
                      ; - java.lang.ClassLoader::defineClass@37
                      ; - java.security.SecureClassLoader::defineClass@12
                      ; - java.net.URLClassLoader::defineClass@220
  0x0000029896446050: ece5 2900 

  0x0000029896446054: ;   {other}
  0x0000029896446054: 0f1f 8400 | 4429 001d | 85c0 0f84 | 9821 0000 | 488b 4c24 | 2848 8bdd | 448b 4c24 | 3844 8b44 
  0x0000029896446074: 2448 418b | 6814 85ed | 747f 448b | 5508 4d33 | db4f 8d1c | d34d 8b53 

  0x000002989644608c: ;   {metadata('java/lang/NamedPackage')}
  0x000002989644608c: 3849 bbe8 | 2d09 0001 | 0000 004d | 3bd3 0f85 | 6634 0000 | 4c8b 5424 | 4045 8b4a | 1045 8b41 
  0x00000298964460ac: 1445 85c0 | 0f85 de17 | 0000 458b | 4110 4585 | c00f 8578 | 1800 0048 | 8b44 2420 | c5f8 7748 
  0x00000298964460cc: 81c4 e000 

  0x00000298964460d0: ;   {poll_return}
  0x00000298964460d0: 0000 5d49 | 3ba7 4804 | 0000 0f87 | 3864 0000 | c341 8b50 

  0x00000298964460e4: ;   {metadata('java/util/concurrent/ConcurrentHashMap$ForwardingNode')}
  0x00000298964460e4: 0881 fa5f | 3001 200f | 849f 0100 

  0x00000298964460f0: ;   {metadata('java/util/concurrent/ConcurrentHashMap$ReservationNode')}
  0x00000298964460f0: 0081 fa03 | d500 200f | 853f 4b00 | 0049 8b87 | b801 0000 | 4c8b d049 | 83c2 184d | 3b97 c801 
  0x0000029896446110: 0000 0f83 | f928 0000 | 4d89 97b8 | 0100 0041 | 0f0d 8ac0 | 0000 0048 | c700 0100 

  0x000002989644612c: ;   {metadata('java/lang/NamedPackage')}
  0x000002989644612c: 0000 c740 | 08bd 2501 | 2044 8960 | 0c4c 8bd0 | 4983 c210 | c5fd efc0 | c4c1 79d6 | 0244 8b53 
  0x000002989644614c: 1445 8b5a | 0c45 85db | 0f86 fa16 | 0000 4889 | 4c24 2848 | 895c 2430 | 4889 4424 | 3849 8be9 
  0x000002989644616c: 4489 4c24 | 4848 8b54 | 2430 6690 

  0x0000029896446178: ;   {optimized virtual_call}
  0x0000029896446178: c5f8 77e8 

  0x000002989644617c: ; ImmutableOopMap {rbp=Oop [32]=Oop [40]=Oop [48]=Oop [56]=Oop [64]=Oop [72]=NarrowOop }
                      ;*invokevirtual intern {reexecute=0 rethrow=0 return_oop=1}
                      ; - java.lang.NamedPackage::<init>@47
                      ; - java.lang.ClassLoader::getNamedPackage@22
                      ; - java.lang.ClassLoader::postDefineClass@9
                      ; - java.lang.ClassLoader::defineClass@37
                      ; - java.security.SecureClassLoader::defineClass@12
                      ; - java.net.URLClassLoader::defineClass@220
  0x000002989644617c: 008d 23ff 

  0x0000029896446180: ;   {other}
  0x0000029896446180: 0f1f 8400 | 702a 001e | 488b d841 | 807f 4000 | 0f85 3b1a | 0000 488b | 7c24 384c | 8bd3 4489 
  0x00000298964461a0: 570c 4c8b | d74c 8bdb | 4d33 da49 | c1eb 144d | 85db 741f | 4885 db74 | 1a49 c1ea | 0948 b900 
  0x00000298964461c0: 0010 9d98 | 0200 0049 | 03ca 8039 | 020f 8573 | 1a00 0041 | 807f 4000 | 0f85 2b1a | 0000 8b5c 
  0x00000298964461e0: 2448 895f | 104c 8bd5 | 4c8b df4d | 33d3 49c1 | ea14 4d85 | d274 1e85 | db74 1a49 | c1eb 0948 
  0x0000029896446200: b900 0010 | 9d98 0200 | 0049 03cb | 8039 020f | 8582 1a00 | 004c 8b5c | 2428 458b | 5338 4585 
  0x0000029896446220: d20f 84e5 | 3900 0048 | 897c 2448 | 895c 2438 | 498b d24c | 8b44 2430 | 4c8b cf90 

  0x000002989644623c: ;   {optimized virtual_call}
  0x000002989644623c: c5f8 77e8 

  0x0000029896446240: ; ImmutableOopMap {[32]=Oop [40]=Oop [56]=NarrowOop [64]=Oop [72]=Oop }
                      ;*invokevirtual putIfAbsent {reexecute=0 rethrow=0 return_oop=1}
                      ; - java.lang.ClassLoader::getNamedPackage@32
                      ; - java.lang.ClassLoader::postDefineClass@9
                      ; - java.lang.ClassLoader::defineClass@37
                      ; - java.security.SecureClassLoader::defineClass@12
                      ; - java.net.URLClassLoader::defineClass@220
  0x0000029896446240: 3c8c 23ff 

  0x0000029896446244: ;   {other}
  0x0000029896446244: 0f1f 8400 | 342b 001f | 4885 c00f | 84e7 1900 | 0044 8b50 | 084d 33db | 4f8d 1cd3 | 4d8b 5338 
  0x0000029896446264: ;   {metadata('java/lang/NamedPackage')}
  0x0000029896446264: 49bb e82d | 0900 0100 | 0000 4d3b | d30f 84b1 | 3900 00ba | deff ffff | 488b e890 

  0x0000029896446280: ;   {runtime_call UncommonTrapBlob}
  0x0000029896446280: c5f8 77e8 

  0x0000029896446284: ; ImmutableOopMap {rbp=Oop }
                      ;*checkcast {reexecute=0 rethrow=0 return_oop=0}
                      ; - java.lang.ClassLoader::getNamedPackage@35
                      ; - java.lang.ClassLoader::postDefineClass@9
                      ; - java.lang.ClassLoader::defineClass@37
                      ; - java.security.SecureClassLoader::defineClass@12
                      ; - java.net.URLClassLoader::defineClass@220
  0x0000029896446284: 781a 24ff 

  0x0000029896446288: ;   {other}
  0x0000029896446288: 0f1f 8400 | 782b 0020 | 4489 4c24 | 3848 895c | 2430 4c8b | 5c24 204c | 895c 2428 | 4889 4c24 
  0x00000298964462a8: 2048 8bd7 | 458b c24c | 8bcb 498b | eb66 6690 

  0x00000298964462b8: ;   {optimized virtual_call}
  0x00000298964462b8: c5f8 77e8 

  0x00000298964462bc: ; ImmutableOopMap {rbp=Oop [32]=Oop [40]=Oop [48]=Oop [56]=NarrowOop [64]=Oop }
                      ;*invokevirtual find {reexecute=0 rethrow=0 return_oop=1}
                      ; - java.util.concurrent.ConcurrentHashMap::get@93
                      ; - java.lang.ClassLoader::getNamedPackage@5
                      ; - java.lang.ClassLoader::postDefineClass@9
                      ; - java.lang.ClassLoader::defineClass@37
                      ; - java.security.SecureClassLoader::defineClass@12
                      ; - java.net.URLClassLoader::defineClass@220
  0x00000298964462bc: c08b 23ff 

  0x00000298964462c0: ;   {other}
  0x00000298964462c0: 0f1f 8400 | b02b 0021 | 4885 c00f | 84fe 2500 | 008b 6814 | 85ed 0f84 | 8438 0000 | 488b 4c24 
  0x00000298964462e0: 204c 8b54 | 2428 4c89 | 5424 20e9 | 8efd ffff | 4180 7a11 | 610f 8564 | f4ff ff41 | 807a 1276 
  0x0000029896446300: 0f85 59f4 | ffff 4180 | 7a13 610f | 854e f4ff | ff45 0fbe | 5a14 4183 | fb2e 0f85 | 3ff4 ffff 
  0x0000029896446320: ba37 0100 | 0048 8b6c | 2420 448b | 5c24 3844 | 895c 2430 | 4889 7424 | 3866 6690 

  0x000002989644633c: ;   {runtime_call UncommonTrapBlob}
  0x000002989644633c: c5f8 77e8 

  0x0000029896446340: ; ImmutableOopMap {rbp=Oop [40]=Oop [56]=Oop }
                      ;*new {reexecute=0 rethrow=0 return_oop=0}
                      ; - java.lang.ClassLoader::preDefineClass@56
                      ; - java.lang.ClassLoader::defineClass@4
                      ; - java.security.SecureClassLoader::defineClass@12
                      ; - java.net.URLClassLoader::defineClass@220
  0x0000029896446340: bc19 24ff 

  0x0000029896446344: ;   {other}
  0x0000029896446344: 0f1f 8400 | 342c 0022 | 488b d090 

  0x0000029896446350: ;   {optimized virtual_call}
  0x0000029896446350: c5f8 77e8 

  0x0000029896446354: ; ImmutableOopMap {[32]=Oop [48]=Oop [64]=Oop [80]=Oop [96]=Oop }
                      ;*invokevirtual initClassName {reexecute=0 rethrow=0 return_oop=1}
                      ; - java.lang.Class::getName@14
                      ; - java.lang.Class::getPackageName@40
                      ; - java.lang.ClassLoader::postDefineClass@2
                      ; - java.lang.ClassLoader::defineClass@37
                      ; - java.security.SecureClassLoader::defineClass@12
                      ; - java.net.URLClassLoader::defineClass@220
  0x0000029896446354: 8066 7aff 

  0x0000029896446358: ;   {other}
  0x0000029896446358: 0f1f 8400 | 482c 0023 | 4889 4424 | 2848 85c0 | 0f85 e7f7 | ffff baf6 | ffff ff90 

  0x0000029896446374: ;   {runtime_call UncommonTrapBlob}
  0x0000029896446374: c5f8 77e8 

  0x0000029896446378: ; ImmutableOopMap {}
                      ;*invokevirtual lastIndexOf {reexecute=0 rethrow=0 return_oop=0}
                      ; - java.lang.Class::getPackageName@47
                      ; - java.lang.ClassLoader::postDefineClass@2
                      ; - java.lang.ClassLoader::defineClass@37
                      ; - java.security.SecureClassLoader::defineClass@12
                      ; - java.net.URLClassLoader::defineClass@220
  0x0000029896446378: 8419 24ff 

  0x000002989644637c: ;   {other}
  0x000002989644637c: 0f1f 8400 | 6c2c 0024 | 4c8b 5424 | 304c 8994 | 24b0 0000 | 00e9 c3e1 | ffff 488b | dee9 7cf6 
  0x000002989644639c: ;   {oop(""{0x00000000808a4ff0})}
  0x000002989644639c: ffff 49b9 | f04f 8a80 | 0000 0000 | 48b9 0000 | 109d 9802 | 0000 e961 | eaff ff48 | 8b5c 2428 
  0x00000298964463bc: e95c faff | ff41 0fb6 | 6b10 85ed | 0f85 ab43 | 0000 458b | 4318 418b | 6818 448b | 4518 4585 
  0x00000298964463dc: c07c 0a44 | 3b65 400f | 8580 1e00 | 0045 8863 | 12e9 2be2 | ffff 498b | cb48 8d9c | 24c0 0000 
  0x00000298964463fc: 0048 8b01 | a802 0f85 | 2300 0000 | 4883 c801 | 4889 03f0 | 480f b119 | 0f84 3700 | 0000 482b 
  0x000002989644641c: c448 2507 | f0ff ff48 | 8903 e924 | 0000 004c | 8bc0 4833 | c0f0 4d0f | b178 3e48 | c703 0300 
  0x000002989644643c: 0000 7411 | 4c3b f875 | 1549 ff80 | 8600 0000 | 4833 c075 | 0949 ff87 | 4805 0000 | 33c0 0f85 
  0x000002989644645c: 2c41 0000 | 410f b66b | 1085 ed0f | 854f 4300 | 0045 8b4b | 1841 8b69 | 1844 8b4d | 1845 85c9 
  0x000002989644647c: 7c0a 443b | 6540 0f85 | f71e 0000 | 488d 8424 | c000 0000 | 4883 3800 | 0f84 7900 | 0000 4c8b 
  0x000002989644649c: ;   {no_reloc}
  0x000002989644649c: 0141 f6c0 | 020f 8462 | 0000 0049 | 83b8 8600 | 0000 0074 | 0949 ff88 | 8600 0000 | eb4b 498b 
  0x00000298964464bc: 8096 0000 | 0049 0b80 | 8e00 0000 | 750a 49c7 | 403e 0000 | 0000 eb3d | 4983 b89e | 0000 0000 
  0x00000298964464dc: 7422 4833 | c049 c740 | 3e00 0000 | 00f0 8304 | 2400 4983 | b89e 0000 | 0000 750d | f04d 0fb1 
  0x00000298964464fc: 783e 7505 | 83c8 01eb | 0ca8 00eb | 084c 8b00 | f04c 0fb1 | 0175 0a49 | ff8f 4805 | 0000 4533 
  0x000002989644651c: c00f 85a3 | 4000 0045 | 8863 12e9 | 76ed ffff | 450f b75a | 1041 83fb | 6a0f 8524 | f2ff ff45 
  0x000002989644653c: 0fb7 5a12 | 4183 fb61 | 0f85 15f2 | ffff 450f | b75a 1441 | 83fb 760f | 8506 f2ff | ff45 0fb7 
  0x000002989644655c: 5a16 4183 | fb61 0f85 | f7f1 ffff | 410f b74a | 1883 f92e | 0f85 e9f1 | ffff e9a5 | fdff ff45 
  0x000002989644657c: 8bd0 442b | d148 897c | 2470 e9a9 | ebff ff89 | 9c24 8000 | 0000 894c | 247c 4489 | 4c24 7848 
  0x000002989644659c: ;   {no_reloc}
  0x000002989644659c: 896c 2460 | 4889 7424 | 204c 8b44 | 2470 448b | c941 8bfa | 488b 6c24 | 4890 c5f8 | 7748 b8ff 
  0x00000298964465bc: ffff ffff 

  0x00000298964465c0: ;   {virtual_call}
  0x00000298964465c0: ffff ffe8 

  0x00000298964465c4: ; ImmutableOopMap {rbp=Oop [32]=Oop [40]=NarrowOop [44]=NarrowOop [48]=Oop [56]=Oop [72]=Oop [80]=Oop [96]=Oop [104]=Oop [112]=Oop }
                      ;*invokevirtual read {reexecute=0 rethrow=0 return_oop=0}
                      ; - jdk.internal.loader.Resource::getBytes@117
                      ; - jdk.internal.loader.URLClassPath$JarLoader$2::getBytes@1
                      ; - java.net.URLClassLoader::defineClass@179
  0x00000298964465c4: b88d 23ff 

  0x00000298964465c8: ;   {other}
  0x00000298964465c8: 0f1f 8400 | b82e 0025 | e9b3 ebff | ffbb ffff | ffff e916 

  0x00000298964465dc: ;   {oop(""{0x00000000808a4ff0})}
  0x00000298964465dc: f1ff ff48 | bef0 4f8a | 8000 0000 | 00e9 63df 

  0x00000298964465ec: ;   {oop(""{0x00000000808a4ff0})}
  0x00000298964465ec: ffff 48bb | f04f 8a80 | 0000 0000 | e91d f4ff 

  0x00000298964465fc: ;   {oop(""{0x00000000808a4ff0})}
  0x00000298964465fc: ff48 bbf0 | 4f8a 8000 | 0000 00e9 | 11f8 ffff | 895c 2468 | 4889 7c24 | 6048 896c | 2420 488b 
  0x000002989644661c: 6c24 4866 | 6690 c5f8 | 7748 b8ff | ffff ffff 

  0x000002989644662c: ;   {virtual_call}
  0x000002989644662c: ffff ffe8 

  0x0000029896446630: ; ImmutableOopMap {rbp=Oop [32]=Oop [40]=NarrowOop [44]=NarrowOop [48]=Oop [56]=Oop [72]=Oop [80]=Oop [96]=Oop }
                      ;*invokevirtual close {reexecute=0 rethrow=0 return_oop=0}
                      ; - jdk.internal.loader.Resource::getBytes@183
                      ; - jdk.internal.loader.URLClassPath$JarLoader$2::getBytes@1
                      ; - java.net.URLClassLoader::defineClass@179
  0x0000029896446630: 4c8d 23ff 

  0x0000029896446634: ;   {other}
  0x0000029896446634: 0f1f 8400 | 242f 0026 | e9b3 ebff | ff4c 63c5 | 4d8d 5810 | 4d8b cb49 | 83e1 f848 | 8b7c 2470 
  0x0000029896446654: 4903 f949 | c1eb 034d | 2bd3 498b | ca48 33c0 | 4883 f908 | 7f10 48ff | c978 5648 | 8904 cf48 
  0x0000029896446674: ffc9 7df7 | eb4b c5fd | efc0 e90d | 0000 00c5 | fe7f 07c5 | fe7f 4720 | 4883 c740 | 4883 e908 
  0x0000029896446694: 7ded 4883 | c104 7c0c | c5fe 7f07 | 4883 c720 | 4883 e904 | 4883 c104 | 7e17 48c7 | c0ff ffff 
  0x00000298964466b4: ffc4 e2f0 | f5c0 c4e1 | fb92 f862 | f1fe 2f7f | 0749 83f8 | 2077 304c | 63d5 49bb | ffff ffff 
  0x00000298964466d4: ffff ffff | c442 a8f5 | dbc4 c1fb | 92fb 4c8b | 9424 8800 | 0000 62d1 | 7faf 6f02 | 62f1 7f2f 
  0x00000298964466f4: 7f03 e917 | eaff ff48 | 8b8c 2488 | 0000 0048 | 8bd3 c5f8 | 7749 bac0 | 4d66 9598 | 0200 0041 
  0x0000029896446714: ;   {other}
  0x0000029896446714: ffd2 0f1f | 8400 0000 | 0000 e9ef | e9ff ff4d | 63d8 4181 | f800 0010 | 000f 876b | 3900 004c 
  0x0000029896446734: 899c 2490 | 0000 0048 | 8994 2488 | 0000 0044 | 8994 2484 | 0000 0089 | 9c24 8000 | 0000 894c 
  0x0000029896446754: 247c 4489 | 4c24 7848 | 897c 2470 | 4889 6c24 | 6048 8974 | 2420 4d8b | 97b8 0100 | 0049 83c3 
  0x0000029896446774: 1749 83e3 | f84d 8bca | 4d03 cb4d | 3b8f c801 | 0000 0f83 | 4939 0000 | 4d89 8fb8 | 0100 0041 
  0x0000029896446794: 0f0d 89c0 | 0000 0049 | c702 0100 | 0000 410f | 0d89 0001 

  0x00000298964467a8: ;   {metadata({type array byte})}
  0x00000298964467a8: 0000 41c7 | 4208 4f81 | 0020 4589 | 420c 410f | 0d89 4001 | 0000 410f | 0d89 8001 | 0000 498b 
  0x00000298964467c8: d248 83c2 | 1049 8bda | 4c8b 9424 | 9000 0000 | 4983 c207 | 49c1 ea03 | 488b 8c24 | 8800 0000 
  0x00000298964467e8: 4d8b c2c5 | f877 49ba | 8070 6695 | 9802 0000 

  0x00000298964467f8: ;   {other}
  0x00000298964467f8: 41ff d20f | 1f84 0000 | 0000 0048 | 895c 2470 | e905 e9ff 

  0x000002989644680c: ;   {metadata('jdk/internal/loader/URLClassPath$FileLoader$1')}
  0x000002989644680c: ff41 81fb | 10c4 0420 | 0f85 1642 | 0000 4533 | dbe9 a0ea | ffff 6666 | 0f1f 8400 | 0000 0000 
  0x000002989644682c: 6666 6690 | 4c8b 5c24 | 7844 8954 | 2470 448b | d545 8bc1 | e9f6 0000 

  0x0000029896446844: ;   {metadata('jdk/internal/loader/URLClassPath$FileLoader$1')}
  0x0000029896446844: 0041 81fb | 10c4 0420 | 0f85 1242 | 0000 4c8b | 5424 384c | 8954 2460 | 498b d248 | 8b6c 2448 
  0x0000029896446864: ;   {optimized virtual_call}
  0x0000029896446864: c5f8 77e8 

  0x0000029896446868: ; ImmutableOopMap {rbp=Oop [32]=Oop [40]=NarrowOop [44]=NarrowOop [48]=Oop [56]=Oop [72]=Oop [80]=Oop [96]=Oop }
                      ;*invokevirtual cachedInputStream {reexecute=0 rethrow=0 return_oop=1}
                      ; - jdk.internal.loader.Resource::getBytes@1
                      ; - java.net.URLClassLoader::defineClass@179
  0x0000029896446868: 34c2 94ff 

  0x000002989644686c: ;   {other}
  0x000002989644686c: 0f1f 8400 | 5c31 0027 | 4889 4424 | 684c 8b5c | 2420 410f | b66b 3a85 | ed0f 85e1 | 4200 0045 
  0x000002989644688c: 33d2 4c8b | 4c24 6045 | 8b41 1845 | 85c0 0f84 | 5041 0000 | 4489 5424 | 704c 895c | 2420 498b 
  0x00000298964468ac: d048 8b6c | 2448 6690 

  0x00000298964468b4: ;   {optimized virtual_call}
  0x00000298964468b4: c5f8 77e8 

  0x00000298964468b8: ; ImmutableOopMap {rbp=Oop [32]=Oop [40]=NarrowOop [44]=NarrowOop [48]=Oop [56]=Oop [72]=Oop [80]=Oop [96]=Oop [104]=Oop }
                      ;*invokevirtual length {reexecute=0 rethrow=0 return_oop=0}
                      ; - jdk.internal.loader.URLClassPath$FileLoader$1::getContentLength@4
                      ; - jdk.internal.loader.Resource::getBytes@10
                      ; - java.net.URLClassLoader::defineClass@179
  0x00000298964468b8: f45c 0000 

  0x00000298964468bc: ;   {other}
  0x00000298964468bc: 0f1f 8400 | ac31 0028 | 4d8b 9fb8 | 0100 004d | 8bc3 4983 | c010 448b | d04d 3b87 | c801 0000 
  0x00000298964468dc: 0f83 4e39 | 0000 4d89 | 87b8 0100 | 0041 0f0d | 88c0 0000 | 0049 c703 | 0100 0000 | 410f 0d88 
  0x00000298964468fc: 0001 0000 

  0x0000029896446900: ;   {metadata({type array byte})}
  0x0000029896446900: 41c7 4308 | 4f81 0020 | 410f 0d88 | 4001 0000 | 4589 630c | 410f 0d88 | 8001 0000 | 4183 faff 
  0x0000029896446920: 0f84 7642 | 0000 4585 | d27f 0d49 | 8beb 448b | 5424 70e9 | 0c02 0000 | 4533 c045 | 8b4b 0c45 
  0x0000029896446940: 3bc1 0f8c | 8f23 0000 | 418b da41 | 2bd8 418d | 8900 0400 | 003b d90f | 4fd9 85db | 0f8c 4240 
  0x0000029896446960: 0000 498b | d348 83c2 | 1041 8d3c | 1841 3bf9 | 0f84 8625 | 0000 81ff | 0000 1000 | 0f87 7e3e 
  0x0000029896446980: 0000 4863 | cf44 3bcf | 418b e90f | 4fef 443b | cd0f 82e4 | 3e00 003b | fd0f 82dc | 3e00 0048 
  0x00000298964469a0: 83c1 174c | 8bc9 4983 | e1f8 81ff | 0000 1000 | 0f87 cb34 | 0000 4c89 | 8c24 a000 | 0000 4889 
  0x00000298964469c0: 8c24 9800 | 0000 89bc | 2490 0000 | 0048 8994 | 2488 0000 | 0089 9c24 | 8400 0000 | 4489 8424 
  0x00000298964469e0: 8000 0000 | 4489 5424 | 744c 895c | 2478 4d8b | 97b8 0100 | 004d 8bc2 | 4d8b da4d 

  0x00000298964469fc: ;   {no_reloc}
  0x00000298964469fc: 03d9 4d3b | 9fc8 0100 | 000f 83ae | 3400 004d | 899f b801 | 0000 410f | 0d8b c000 | 0000 4d8b 
  0x0000029896446a1c: d049 c702 | 0100 0000 | 410f 0d8b | 0001 0000 

  0x0000029896446a2c: ;   {metadata({type array byte})}
  0x0000029896446a2c: 41c7 4208 | 4f81 0020 | 4189 780c | 410f 0d8b | 4001 0000 | 410f 0d8b | 8001 0000 | 4d8b d049 
  0x0000029896446a4c: 8bda 4983 | c210 4c8b | 9c24 9800 | 0000 49c1 | eb03 498b | cb85 ed0f | 849f 3d00 | 003b ac24 
  0x0000029896446a6c: 9000 0000 | 0f8c d722 | 0000 4c8b | 9c24 a000 | 0000 4983 | c3f0 49c1 | eb03 488b | 8c24 8800 
  0x0000029896446a8c: 0000 498b | d24d 8bc3 | c5f8 7749 | ba80 7066 | 9598 0200 | 0041 ffd2 

  0x0000029896446aa4: ;   {other}
  0x0000029896446aa4: 0f1f 8400 | 0000 0000 | 4889 5c24 | 7844 8b54 | 2474 448b | 8424 8000 | 0000 8b8c | 2484 0000 
  0x0000029896446ac4: 0048 8b5c | 2468 448b 

  0x0000029896446acc: ;   {metadata('java/util/zip/ZipFile$ZipFileInflaterInputStream')}
  0x0000029896446acc: 4b08 4181 | f989 2001 | 200f 850c | 2200 0044 | 8944 2474 | 418b ea4c | 8b54 2468 | 498b d24c 
  0x0000029896446aec: 8b44 2478 | 448b 4c24 | 748b f94c | 8994 2480 | 0000 0090 

  0x0000029896446b00: ;   {optimized virtual_call}
  0x0000029896446b00: c5f8 77e8 

  0x0000029896446b04: ; ImmutableOopMap {[32]=Oop [40]=NarrowOop [44]=NarrowOop [48]=Oop [56]=Oop [72]=Oop [80]=Oop [96]=Oop [104]=Oop [120]=Oop [128]=Oop }
                      ;*invokevirtual read {reexecute=0 rethrow=0 return_oop=0}
                      ; - jdk.internal.loader.Resource::getBytes@117
                      ; - java.net.URLClassLoader::defineClass@179
  0x0000029896446b04: 7883 23ff 

  0x0000029896446b08: ;   {other}
  0x0000029896446b08: 0f1f 8400 | f833 0029 | 448b d845 | 8bc3 4585 | db0f 8c55 | 3e00 0044 | 8b4c 2474 | 4503 cb44 
  0x0000029896446b28: 8b54 2470 | 4d8b 8750 

  0x0000029896446b30: ; ImmutableOopMap {[32]=Oop [40]=NarrowOop [44]=NarrowOop [48]=Oop [56]=Oop [72]=Oop [80]=Oop [96]=Oop [104]=Oop [120]=Oop }
                      ;*goto {reexecute=1 rethrow=0 return_oop=0}
                      ; - (reexecute) jdk.internal.loader.Resource::getBytes@179
                      ; - java.net.URLClassLoader::defineClass@179
                      ;   {poll}
  0x0000029896446b30: 0400 0041 | 8500 443b | cd0f 8cf1 | fcff ff48 | 8b6c 2478 | 4c8b 5c24 | 6845 8b43 

  0x0000029896446b4c: ;   {metadata('java/util/zip/ZipFile$ZipFileInflaterInputStream')}
  0x0000029896446b4c: 0841 81f8 | 8920 0120 | 0f85 ca21 | 0000 4489 | 5424 2048 | 8b54 2468 

  0x0000029896446b64: ;   {optimized virtual_call}
  0x0000029896446b64: c5f8 77e8 

  0x0000029896446b68: ; ImmutableOopMap {rbp=Oop [40]=NarrowOop [44]=NarrowOop [48]=Oop [56]=Oop [72]=Oop [80]=Oop [96]=Oop }
                      ;*invokevirtual close {reexecute=0 rethrow=0 return_oop=0}
                      ; - jdk.internal.loader.Resource::getBytes@183
                      ; - java.net.URLClassLoader::defineClass@179
  0x0000029896446b68: 1483 23ff 

  0x0000029896446b6c: ;   {other}
  0x0000029896446b6c: 0f1f 8400 | 5c34 002b | 448b 5c24 | 2045 85db | 0f85 6440 | 0000 4889 | 6c24 60e9 | d0e6 ffff 
  0x0000029896446b8c: 4c89 5424 | 7048 897c | 2460 4889 | 4c24 584c | 894c 2450 | 4489 7424 | 2c4c 896c | 2448 498b 
  0x0000029896446bac: d54c 8bc7 | 4533 c933 | ff33 f633 | c945 33d2 | 4c89 1424 | 4c89 5424 | 084c 8954 | 2410 6690 
  0x0000029896446bcc: ;   {optimized virtual_call}
  0x0000029896446bcc: c5f8 77e8 

  0x0000029896446bd0: ; ImmutableOopMap {[32]=Oop [40]=NarrowOop [44]=NarrowOop [48]=Oop [56]=Oop [72]=Oop [80]=Oop [96]=Oop [112]=Oop }
                      ;*invokevirtual definePackage {reexecute=0 rethrow=0 return_oop=1}
                      ; - java.net.URLClassLoader::defineClass@81
  0x0000029896446bd0: ac82 23ff 

  0x0000029896446bd4: ;   {other}
  0x0000029896446bd4: 0f1f 8400 | c434 002c | e98f e2ff | ff48 8bfd | 448b 5f20 | 4585 db0f | 8468 e7ff | ff4d 8b57 
  0x0000029896446bf4: 2849 8bcb | 4d85 d20f | 844b 2b00 | 004d 8b5f | 384b 894c | 13f8 4983 | c2f8 4d89 | 5728 e942 
  0x0000029896446c14: e7ff ff4d | 8b57 584d | 8b5f 48f0 | 8344 24c0 | 0080 3900 | 0f84 63e7 | ffff 4488 | 214d 85db 
  0x0000029896446c34: 7520 498b | d7c5 f877 | 49ba 80f9 | 5b05 fd7f | 0000 41ff 

  0x0000029896446c48: ;   {other}
  0x0000029896446c48: d20f 1f84 | 0000 0000 | 00e9 3be7 | ffff 4b89 | 4c1a f849 | 83c3 f84d | 895f 48e9 | 29e7 ffff 
  0x0000029896446c68: 448b 4614 | 4585 c00f | 84a8 d8ff | ff4d 8b57 | 2849 8bc8 | 4d85 d20f | 8487 2e00 | 004d 8b47 
  0x0000029896446c88: 384b 894c | 10f8 4983 | c2f8 4d89 | 5728 e982 | d8ff ff44 | 8b5b 1445 | 85db 0f84 | 3bed ffff 
  0x0000029896446ca8: 4d8b 5728 | 498b cb4d | 85d2 0f84 | 882e 0000 | 4d8b 5f38 | 4b89 4c13 | f849 83c2 | f84d 8957 
  0x0000029896446cc8: 28e9 15ed | ffff 4d8b | 5748 4d8b | 5f58 f083 | 4424 c000 | 8039 000f | 8468 d8ff | ff44 8821 
  0x0000029896446ce8: 4d85 d275 | 2049 8bd7 | c5f8 7749 | ba80 f95b | 05fd 7f00 | 0041 ffd2 

  0x0000029896446d00: ;   {other}
  0x0000029896446d00: 0f1f 8400 | 0000 0000 | e940 d8ff | ff4b 894c | 13f8 4983 | c2f8 4d89 | 5748 e92e | d8ff ff4d 
  0x0000029896446d20: 8b57 484d | 8b5f 58f0 | 8344 24c0 | 0080 3900 | 0f84 e0ec | ffff 4488 | 214d 85d2 | 7520 498b 
  0x0000029896446d40: d7c5 f877 | 49ba 80f9 | 5b05 fd7f | 0000 41ff 

  0x0000029896446d50: ;   {other}
  0x0000029896446d50: d20f 1f84 | 0000 0000 | 00e9 b8ec | ffff 4b89 | 4c13 f849 | 83c2 f84d | 8957 48e9 | a6ec ffff 
  0x0000029896446d70: ;   {metadata('jdk/internal/loader/URLClassPath$FileLoader$1')}
  0x0000029896446d70: 4181 fb10 | c404 200f | 855f 3d00 | 0045 8b5a | 1c45 8b73 | 0ce9 1dd5 | ffff 458b 

  0x0000029896446d8c: ;   {metadata('java/util/concurrent/ConcurrentHashMap$ForwardingNode')}
  0x0000029896446d8c: 4a08 4181 | f95f 3001 

  0x0000029896446d94: ;   {metadata('java/util/concurrent/ConcurrentHashMap$ReservationNode')}
  0x0000029896446d94: 2074 2641 | 81f9 03d5 | 0020 0f85 | d03e 0000 

  0x0000029896446da4: ;   {oop(""{0x00000000808a4ff0})}
  0x0000029896446da4: 49b9 f04f | 8a80 0000 | 0000 48b9 | 0000 109d | 9802 0000 | e95b e0ff | ff48 8974 | 2460 4889 
  0x0000029896446dc4: 7c24 5844 | 8b54 2428 | 4489 5424 | 5444 8974 | 2450 48ff | 7424 2048 | 8f44 2448 | 4c89 6c24 
  0x0000029896446de4: 284c 8b54 | 2430 4c89 | 5424 2048 | 8bd1 4c8b | cf4c 89ac | 2480 0000 | 0066 6690 

  0x0000029896446e00: ;   {optimized virtual_call}
  0x0000029896446e00: c5f8 77e8 

  0x0000029896446e04: ; ImmutableOopMap {[32]=Oop [40]=Oop [56]=Oop [72]=Oop [80]=NarrowOop [84]=NarrowOop [88]=Oop [96]=Oop [128]=Oop }
                      ;*invokevirtual find {reexecute=0 rethrow=0 return_oop=1}
                      ; - java.util.concurrent.ConcurrentHashMap::get@93
                      ; - java.lang.ClassLoader::getDefinedPackage@13
                      ; - java.net.URLClassLoader::getAndVerifyPackage@2
                      ; - java.net.URLClassLoader::defineClass@46
  0x0000029896446e04: 7880 23ff 

  0x0000029896446e08: ;   {other}
  0x0000029896446e08: 0f1f 8400 | f836 002d | 4885 c00f | 84cf 1a00 | 008b 6814 | 85ed 0f84 | 5a2d 0000 | 488b 7c24 
  0x0000029896446e28: 588b 470c | 440f b647 

  0x0000029896446e30: ;   {oop(""{0x00000000808a4ff0})}
  0x0000029896446e30: 1149 b9f0 | 4f8a 8000 | 0000 0048 | b900 0010 | 9d98 0200 | 004c 8b54 | 2420 4c89 | 5424 304c 
  0x0000029896446e50: 8b6c 2428 | 48ff 7424 | 4848 8f44 | 2420 448b | 7424 5044 | 8b5c 2454 | 4489 5c24 | 2848 8b74 
  0x0000029896446e70: 2460 e954 | dbff ff48 | 8944 2440 | 488b 5424 | 3066 6690 

  0x0000029896446e84: ;   {optimized virtual_call}
  0x0000029896446e84: c5f8 77e8 

  0x0000029896446e88: ; ImmutableOopMap {rbp=NarrowOop [32]=Oop [40]=Oop [48]=Oop [64]=Oop [80]=Oop }
                      ;*invokevirtual length {reexecute=0 rethrow=0 return_oop=0}
                      ; - java.lang.String::indexOf@30
                      ; - java.lang.String::indexOf@3
                      ; - java.lang.ClassLoader::checkName@16
                      ; - java.lang.ClassLoader::preDefineClass@1
                      ; - java.lang.ClassLoader::defineClass@4
                      ; - java.security.SecureClassLoader::defineClass@12
                      ; - java.net.URLClassLoader::defineClass@220
  0x0000029896446e88: f47f 23ff 

  0x0000029896446e8c: ;   {other}
  0x0000029896446e8c: 0f1f 8400 | 7c37 002e | 488b d541 | b82f 0000 | 0045 33c9 | 8bf8 488b | 6c24 2090 

  0x0000029896446ea8: ;   {static_call}
  0x0000029896446ea8: c5f8 77e8 

  0x0000029896446eac: ; ImmutableOopMap {rbp=Oop [32]=Oop [40]=Oop [48]=Oop [64]=Oop [80]=Oop }
                      ;*invokestatic indexOf {reexecute=0 rethrow=0 return_oop=0}
                      ; - java.lang.String::indexOf@33
                      ; - java.lang.String::indexOf@3
                      ; - java.lang.ClassLoader::checkName@16
                      ; - java.lang.ClassLoader::preDefineClass@1
                      ; - java.lang.ClassLoader::defineClass@4
                      ; - java.security.SecureClassLoader::defineClass@12
                      ; - java.net.URLClassLoader::defineClass@220
  0x0000029896446eac: d089 23ff 

  0x0000029896446eb0: ;   {other}
  0x0000029896446eb0: 0f1f 8400 | a037 002f | 488b 7424 | 304c 8b5c | 2440 4c89 | 5c24 608b | d8e9 27e8 

  0x0000029896446ecc: ;   {metadata('jdk/internal/loader/URLClassPath$FileLoader$1')}
  0x0000029896446ecc: ffff 4181 | fb10 c404 | 200f 855d | 3c00 0033 | f6e9 2bd8 | ffff 4c8b | 5424 2045 | 8b5a 3c45 
  0x0000029896446eec: 85db 0f84 | 54ef ffff | 4d8b 5728 | 498b cb4d | 85d2 0f84 | b82e 0000 | 4d8b 5f38 | 4b89 4c13 
  0x0000029896446f0c: f849 83c2 | f84d 8957 | 28e9 2eef | ffff 4d8b | 5748 4d8b | 5f58 f083 | 4424 c000 | 8039 000f 
  0x0000029896446f2c: 845b efff | ff44 8821 | 4d85 d275 | 2049 8bd7 | c5f8 7749 | ba80 f95b | 05fd 7f00 | 0041 ffd2 
  0x0000029896446f4c: ;   {other}
  0x0000029896446f4c: 0f1f 8400 | 0000 0000 | e933 efff | ff4b 894c | 13f8 4983 | c2f8 4d89 | 5748 e921 | efff ff45 
  0x0000029896446f6c: 8b59 0c45 | 8b51 084d | 63c3 498b | e949 c1e0 | 0241 81fb | 0000 0400 | 0f87 3a33 | 0000 498b 
  0x0000029896446f8c: bfb8 0100 | 0049 8d48 | 1748 83e1 | f848 8bd7 | 4803 d149 | 3b97 c801 | 0000 0f83 | 1833 0000 
  0x0000029896446fac: 4989 97b8 | 0100 000f | 0d8a c000 | 0000 48c7 | 0701 0000 | 0044 8957 | 0844 895f | 0c0f 0d8a 
  0x0000029896446fcc: 0001 0000 | 0f0d 8a40 | 0100 000f | 0d8a 8001 | 0000 498d | 4910 488b | d748 83c2 | 1049 83c0 
  0x0000029896446fec: 0749 c1e8 | 03c5 f877 | 49ba 8070 | 6695 9802 | 0000 41ff 

  0x0000029896447000: ;   {other}
  0x0000029896447000: d20f 1f84 | 0000 0000 | 00e9 b202 | 0000 498b | 87b8 0100 | 004c 8bd0 | 4983 c218 | 498b ce4d 
  0x0000029896447020: 3b97 c801 | 0000 0f83 | ce35 0000 | 4d89 97b8 | 0100 0041 | 0f0d 8ac0 | 0000 0048 | c700 0100 
  0x0000029896447040: ;   {metadata('java/util/ArrayList')}
  0x0000029896447040: 0000 c740 | 0861 af00 | 2044 8960 | 0c44 8960 | 1045 8b48 

  0x0000029896447054: ;   {oop(a 'java/lang/Object'[0] {0x0000000080730bd0})}
  0x0000029896447054: 0cc7 4014 | d00b 7380 | 4c8b d845 | 85c9 0f86 | c000 0000 | 4533 c9eb | 1f66 6690 | 488b f54c 
  0x0000029896447074: 8b54 2430 | 4c89 5424 | 6048 8b5c | 2440 488b | 4c24 484c | 8b5c 2468 

  0x000002989644708c: ; implicit exception: dispatches to 0x000002989644b9cc
  0x000002989644708c: 458b 500c | 453b ca0f | 83ff 3900 | 0047 8b54 | 8810 458b | 4210 458b | 5010 4489 | 4c24 704c 
  0x00000298964470ac: 895c 2468 | 4889 4c24 | 4848 895c | 2440 4489 | 7424 3c4c | 8b5c 2460 | 4c89 5c24 | 3048 8bee 
  0x00000298964470cc: 4d8b c248 | 8b54 2468 

  0x00000298964470d4: ;   {optimized virtual_call}
  0x00000298964470d4: c5f8 77e8 

  0x00000298964470d8: ; ImmutableOopMap {rbp=Oop [32]=Oop [40]=Oop [48]=Oop [60]=NarrowOop [64]=Oop [72]=Oop [80]=Oop [104]=Oop }
                      ;*invokevirtual addAll {reexecute=0 rethrow=0 return_oop=0}
                      ; - java.security.CodeSource::getCertificates@57
                      ; - java.lang.ClassLoader::checkCerts@34
                      ; - java.lang.ClassLoader::preDefineClass@113
                      ; - java.lang.ClassLoader::defineClass@4
                      ; - java.security.SecureClassLoader::defineClass@12
                      ; - java.net.URLClassLoader::defineClass@220
  0x00000298964470d8: a47d 23ff 

  0x00000298964470dc: ;   {other}
  0x00000298964470dc: 0f1f 8400 | cc39 0030 | 4d8b 9750 | 0400 0044 | 8b74 243c | 458b 4610 | 448b 4c24 

  0x00000298964470f8: ; ImmutableOopMap {r8=NarrowOop rbp=Oop r14=NarrowOop [32]=Oop [40]=Oop [48]=Oop [64]=Oop [72]=Oop [80]=Oop [104]=Oop }
                      ;*goto {reexecute=1 rethrow=0 return_oop=0}
                      ; - (reexecute) java.security.CodeSource::getCertificates@64
                      ; - java.lang.ClassLoader::checkCerts@34
                      ; - java.lang.ClassLoader::preDefineClass@113
                      ; - java.lang.ClassLoader::defineClass@4
                      ; - java.security.SecureClassLoader::defineClass@12
                      ; - java.net.URLClassLoader::defineClass@220
  0x00000298964470f8: 7041 ffc1 

  0x00000298964470fc: ;   {poll}
  0x00000298964470fc: 4185 0245 | 8b58 0c45 | 3bcb 0f8c | 64ff ffff | 488b f54c | 8b54 2430 | 4c89 5424 | 6048 8b5c 
  0x000002989644711c: 2440 488b | 4c24 484c | 8b5c 2468 | 498b 87b8 | 0100 004c | 8bd0 4983 | c210 4d3b | 97c8 0100 
  0x000002989644713c: 000f 831e | 3500 004d | 8997 b801 | 0000 410f | 0d8a c000 | 0000 48c7 | 0001 0000 | 0041 0f0d 
  0x000002989644715c: 8a00 0100 

  0x0000029896447160: ;   {metadata('java/security/cert/Certificate'[])}
  0x0000029896447160: 00c7 4008 | a95d 0020 | 410f 0d8a | 4001 0000 | 4489 600c | 410f 0d8a | 8001 0000 | 488b ee4c 
  0x0000029896447180: 8b54 2460 | 4c89 5424 | 3044 8974 | 243c 4889 | 5c24 4048 | 894c 2448 | 4c89 5c24 | 684c 8bc0 
  0x00000298964471a0: 488b 5424 | 6866 6690 

  0x00000298964471a8: ;   {optimized virtual_call}
  0x00000298964471a8: c5f8 77e8 

  0x00000298964471ac: ; ImmutableOopMap {rbp=Oop [32]=Oop [40]=Oop [48]=Oop [60]=NarrowOop [64]=Oop [72]=Oop [80]=Oop }
                      ;*invokevirtual toArray {reexecute=0 rethrow=0 return_oop=1}
                      ; - java.security.CodeSource::getCertificates@73
                      ; - java.lang.ClassLoader::checkCerts@34
                      ; - java.lang.ClassLoader::preDefineClass@113
                      ; - java.lang.ClassLoader::defineClass@4
                      ; - java.security.SecureClassLoader::defineClass@12
                      ; - java.net.URLClassLoader::defineClass@220
  0x00000298964471ac: d07c 23ff 

  0x00000298964471b0: ;   {other}
  0x00000298964471b0: 0f1f 8400 | a03a 0032 | 488b d844 

  0x00000298964471bc: ;   {metadata('java/security/cert/Certificate'[])}
  0x00000298964471bc: 8b58 0841 | 81fb a95d | 0020 0f85 | 6c3e 0000 | 4180 7f40 | 000f 85f6 | 2d00 008b | 7424 3c4c 
  0x00000298964471dc: 8b54 2448 | 4c8b db44 | 895e 144c | 8bdb 4d33 | da49 c1eb | 144d 85db | 741a 49c1 | ea09 48b9 
  0x00000298964471fc: 0000 109d | 9802 0000 | 4903 ca80 | 3902 0f85 | f42d 0000 | 448b 5b0c | 448b 5308 | 4d63 c349 
  0x000002989644721c: c1e0 0241 | 81fb 0000 | 0400 0f87 | 7934 0000 | 498b bfb8 | 0100 004d | 8d48 1749 | 83e1 f848 
  0x000002989644723c: 8bcf 4903 | c949 3b8f | c801 0000 | 0f83 5734 | 0000 4989 | 8fb8 0100 | 000f 0d89 | c000 0000 
  0x000002989644725c: 48c7 0701 | 0000 0044 | 8957 0844 | 895f 0c0f | 0d89 0001 | 0000 0f0d | 8940 0100 | 000f 0d89 
  0x000002989644727c: 8001 0000 | 488b cb48 | 83c1 1048 | 8bd7 4883 | c210 4983 | c007 49c1 | e803 c5f8 | 7749 ba80 
  0x000002989644729c: 7066 9598 | 0200 0041 

  0x00000298964472a4: ;   {other}
  0x00000298964472a4: ffd2 0f1f | 8400 0000 | 0000 488b | f54c 8b54 | 2430 4c89 | 5424 6048 | 8b5c 2440 | 4c8b c7e9 
  0x00000298964472c4: 76e7 ffff 

  0x00000298964472c8: ;   {oop(""{0x00000000808a4ff0})}
  0x00000298964472c8: 48bb f04f | 8a80 0000 | 0000 e943 | e7ff ff4c | 63c5 498d | 5810 488b | d348 83e2 | f849 8bfb 
  0x00000298964472e8: 4803 fa48 | c1eb 0348 | 2bcb 4833 | c048 83f9 | 087f 1048 | ffc9 7856 | 4889 04cf | 48ff c97d 
  0x0000029896447308: f7eb 4bc5 | fdef c0e9 | 0d00 0000 | c5fe 7f07 | c5fe 7f47 | 2048 83c7 | 4048 83e9 | 087d ed48 
  0x0000029896447328: 83c1 047c | 0cc5 fe7f | 0748 83c7 | 2048 83e9 | 0448 83c1 | 047e 1748 | c7c0 ffff | ffff c4e2 
  0x0000029896447348: f0f5 c0c4 | e1fb 92f8 | 62f1 fe2f | 7f07 4983 | f820 7728 | 4c63 c548 | b9ff ffff | ffff ffff 
  0x0000029896447368: ffc4 e2b8 | f5c9 c4e1 | fb92 f962 | d17f af6f | 0162 d17f | 2f7f 02e9 | 8ed1 ffff | 498b d24c 
  0x0000029896447388: 895c 2450 | 4889 7424 | 4849 8bc9 | c5f8 7749 | bac0 4d66 | 9598 0200 | 0041 ffd2 

  0x00000298964473a4: ;   {other}
  0x00000298964473a4: 0f1f 8400 | 0000 0000 | 488b 7424 | 484c 8b5c | 2450 e957 | d1ff ff4c | 63c5 4d8d | 5810 498b 
  0x00000298964473c4: cb48 83e1 | f849 8bfd | 4803 f949 | c1eb 034d | 2bd3 498b | ca48 33c0 | 4883 f908 | 7f10 48ff 
  0x00000298964473e4: c978 5648 | 8904 cf48 | ffc9 7df7 | eb4b c5fd | efc0 e90d | 0000 00c5 | fe7f 07c5 | fe7f 4720 
  0x0000029896447404: 4883 c740 | 4883 e908 | 7ded 4883 | c104 7c0c | c5fe 7f07 | 4883 c720 | 4883 e904 | 4883 c104 
  0x0000029896447424: 7e17 48c7 | c0ff ffff | ffc4 e2f0 | f5c0 c4e1 | fb92 f862 | f1fe 2f7f | 0749 83f8 | 2077 284c 
  0x0000029896447444: 63d5 49bb | ffff ffff | ffff ffff | c442 a8f5 | dbc4 c1fb | 92fb 62d1 | 7faf 6f01 | 62f1 7f2f 
  0x0000029896447464: 7f02 e96d | e5ff ff49 | 8bc9 c5f8 | 7749 bac0 | 4d66 9598 | 0200 0041 

  0x000002989644747c: ;   {other}
  0x000002989644747c: ffd2 0f1f | 8400 0000 | 0000 e94d | e5ff ff44 | 8b5b 1445 | 85db 0f84 | 4ee9 ffff | 4d8b 5728 
  0x000002989644749c: 498b cb4d | 85d2 0f84 | 7429 0000 | 4d8b 5f38 | 4b89 4c13 | f849 83c2 | f84d 8957 | 28e9 28e9 
  0x00000298964474bc: ffff 4d8b | 5748 4d8b | 5f58 f083 | 4424 c000 | 8039 000f | 8444 e9ff | ff44 8821 | 4d85 d275 
  0x00000298964474dc: 2049 8bd7 | c5f8 7749 | ba80 f95b | 05fd 7f00 | 0041 ffd2 

  0x00000298964474f0: ;   {other}
  0x00000298964474f0: 0f1f 8400 | 0000 0000 | e91c e9ff | ff4b 894c | 13f8 4983 | c2f8 4d89 | 5748 e90a 

  0x000002989644750c: ;   {oop(""{0x00000000808a4ff0})}
  0x000002989644750c: e9ff ff49 | b9f0 4f8a | 8000 0000 | 0048 b900 | 0010 9d98 | 0200 00e9 | f0d8 ffff 

  0x0000029896447528: ;   {oop(""{0x00000000808a4ff0})}
  0x0000029896447528: 49ba f04f | 8a80 0000 | 0000 49bb | 0000 109d | 9802 0000 | 4c89 5424 | 504c 895c | 2458 e92f 
  0x0000029896447548: d9ff ff41 | 8b48 0c4c | 63c9 49c1 | e102 81f9 | 0000 0400 | 0f87 c02d | 0000 498b | 9fb8 0100 
  0x0000029896447568: 004d 8d51 | 1749 83e2 | f84c 8bdb | 4d03 da4d | 3b9f c801 | 0000 0f83 | 9e2d 0000 | 4d89 9fb8 
  0x0000029896447588: 0100 0041 | 0f0d 8bc0 | 0000 0048 | c703 0100 | 0000 410f | 0d8b 0001 

  0x00000298964475a0: ;   {metadata('java/security/CodeSigner'[])}
  0x00000298964475a0: 0000 c743 | 08fa d80b | 2089 4b0c | 410f 0d8b | 4001 0000 | 410f 0d8b | 8001 0000 | 498b e848 
  0x00000298964475c0: 897c 2420 | 4c89 4c24 | 3848 8bcd | 4883 c110 | 488b d348 | 83c2 104c | 8b54 2438 | 4983 c207 
  0x00000298964475e0: 49c1 ea03 | 4d8b c2c5 | f877 49ba | 8070 6695 | 9802 0000 

  0x00000298964475f4: ;   {other}
  0x00000298964475f4: 41ff d20f | 1f84 0000 | 0000 0041 | 807f 4000 | 0f85 ea21 | 0000 488b | 7c24 204c | 8bd7 4c8b 
  0x0000029896447614: db44 895f | 104c 8bdb | 4d33 da49 | c1eb 144d | 85db 0f84 | 73dd ffff | 49c1 ea09 | 48b9 0000 
  0x0000029896447634: 109d 9802 | 0000 4903 | ca80 3902 | 0f84 59dd | ffff 4d8b | 5748 4d8b | 5f58 f083 | 4424 c000 
  0x0000029896447654: 8039 000f | 8442 ddff | ff44 8821 | 4d85 d275 | 2049 8bd7 | c5f8 7749 | ba80 f95b | 05fd 7f00 
  0x0000029896447674: 0041 ffd2 

  0x0000029896447678: ;   {other}
  0x0000029896447678: 0f1f 8400 | 0000 0000 | e91a ddff | ff4b 894c | 13f8 4983 | c2f8 4d89 | 5748 e908 | ddff ff45 
  0x0000029896447698: ;   {metadata('java/util/concurrent/ConcurrentHashMap$ForwardingNode')}
  0x0000029896447698: 8b58 0841 | 81fb 5f30 | 0120 0f85 | fcd5 ffff | 458b c289 | 5c24 7848 | 8974 2470 | 4889 7c24 
  0x00000298964476b8: 6848 894c | 2460 4c89 | 4c24 5844 | 8b54 2428 | 4489 5424 | 5444 8974 | 2450 48ff | 7424 2048 
  0x00000298964476d8: 8f44 2448 | 4c89 6c24 | 284c 8b54 | 2430 4c89 | 5424 204c | 8bcf 4c89 | ac24 9000 | 0000 6690 
  0x00000298964476f8: ;   {optimized virtual_call}
  0x00000298964476f8: c5f8 77e8 

  0x00000298964476fc: ; ImmutableOopMap {[32]=Oop [40]=Oop [56]=Oop [72]=Oop [80]=NarrowOop [84]=NarrowOop [88]=Oop [104]=Oop [112]=Oop [120]=NarrowOop [144]=Oop }
                      ;*invokevirtual find {reexecute=0 rethrow=0 return_oop=1}
                      ; - java.util.concurrent.ConcurrentHashMap::get@93
                      ; - java.lang.ClassLoader::definePackage@47
                      ; - java.lang.ClassLoader::getDefinedPackage@32
                      ; - java.net.URLClassLoader::getAndVerifyPackage@2
                      ; - java.net.URLClassLoader::defineClass@46
  0x00000298964476fc: 8077 23ff 

  0x0000029896447700: ;   {other}
  0x0000029896447700: 0f1f 8400 | f03f 0033 | 4885 c00f | 84db 1300 | 008b 6814 | 85ed 0f84 | 2027 0000 | 4c8b 5424 
  0x0000029896447720: 204c 8954 | 2430 4c8b | 6c24 2848 | ff74 2448 | 488f 4424 | 2044 8b74 | 2450 448b | 5424 5444 
  0x0000029896447740: 8954 2428 | 4c8b 4c24 | 5848 8b4c | 2460 488b | 7c24 6848 | 8b74 2470 | 8b5c 2478 | e92c d5ff 
  0x0000029896447760: ff45 0fb6 | 4b11 4585 | c90f 85b8 | ceff ff48 | 894c 2468 | 4489 5c24 | 604c 8954 | 2458 448b 
  0x0000029896447780: 5424 2844 | 8954 2454 | 4489 7424 | 5048 ff74 | 2420 488f | 4424 484c | 8b54 2438 | 4c89 5424 
  0x00000298964477a0: 284c 896c | 2420 488b | 6c24 304c | 8b54 2458 | 4c89 5424 | 3066 6690 

  0x00000298964477b8: ;   {static_call}
  0x00000298964477b8: c5f8 77e8 

  0x00000298964477bc: ; ImmutableOopMap {rbp=Oop [32]=Oop [40]=Oop [48]=Oop [72]=Oop [80]=NarrowOop [84]=NarrowOop [88]=Oop [96]=NarrowOop [104]=Oop [176]=Oop }
                      ;*invokestatic beginInit {reexecute=0 rethrow=0 return_oop=1}
                      ; - java.util.jar.JarFile::ensureInitialization@31
                      ; - java.util.jar.JavaUtilJarAccessImpl::ensureInitialization@1
                      ; - jdk.internal.loader.URLClassPath$JarLoader$2::getManifest@10
                      ; - java.net.URLClassLoader::defineClass@34
  0x00000298964477bc: 854f 0000 

  0x00000298964477c0: ;   {other}
  0x00000298964477c0: 0f1f 8400 | b040 0034 | 4889 4424 | 3048 8b54 | 2468 4c8b | 5424 584c | 8954 2438 

  0x00000298964477dc: ;   {optimized virtual_call}
  0x00000298964477dc: c5f8 77e8 

  0x00000298964477e0: ; ImmutableOopMap {rbp=Oop [32]=Oop [40]=Oop [48]=Oop [56]=Oop [72]=Oop [80]=NarrowOop [84]=NarrowOop [88]=Oop [96]=NarrowOop [104]=Oop [176]=Oop }
                      ;*invokevirtual initializeVerifier {reexecute=0 rethrow=0 return_oop=0}
                      ; - java.util.jar.JarFile::ensureInitialization@36
                      ; - java.util.jar.JavaUtilJarAccessImpl::ensureInitialization@1
                      ; - jdk.internal.loader.URLClassPath$JarLoader$2::getManifest@10
                      ; - java.net.URLClassLoader::defineClass@34
  0x00000298964477e0: 704f 0000 

  0x00000298964477e4: ;   {other}
  0x00000298964477e4: 0f1f 8400 | d440 0035 | 448b 5c24 | 6041 c643 | 1101 488b | 5424 304c | 8b54 2438 | 4c89 5424 
  0x0000029896447804: 3066 6690 

  0x0000029896447808: ;   {static_call}
  0x0000029896447808: c5f8 77e8 

  0x000002989644780c: ; ImmutableOopMap {rbp=Oop [32]=Oop [40]=Oop [48]=Oop [72]=Oop [80]=NarrowOop [84]=NarrowOop [88]=Oop [104]=Oop [176]=Oop }
                      ;*invokestatic endInit {reexecute=0 rethrow=0 return_oop=0}
                      ; - java.util.jar.JarFile::ensureInitialization@45
                      ; - java.util.jar.JavaUtilJarAccessImpl::ensureInitialization@1
                      ; - jdk.internal.loader.URLClassPath$JarLoader$2::getManifest@10
                      ; - java.net.URLClassLoader::defineClass@34
  0x000002989644780c: 534f 0000 

  0x0000029896447810: ;   {other}
  0x0000029896447810: 0f1f 8400 | 0041 0036 | 4889 6c24 | 304c 8b6c | 2420 4c8b | 5424 284c | 8954 2438 | 448b 7424 
  0x0000029896447830: 5044 8b44 | 2454 4489 | 4424 284c | 8b54 2458 | 488b 4c24 | 6848 ff74 | 2448 488f | 4424 20e9 
  0x0000029896447850: d3cd ffff | 4585 c90f | 84af 3300 | 0048 8944 | 2438 4889 | 5c24 3048 | 894c 2428 | 498b d141 
  0x0000029896447870: 8be9 6690 

  0x0000029896447874: ;   {optimized virtual_call}
  0x0000029896447874: c5f8 77e8 

  0x0000029896447878: ; ImmutableOopMap {rbp=NarrowOop [32]=Oop [40]=Oop [48]=Oop [56]=Oop [64]=Oop }
                      ;*invokevirtual isNamed {reexecute=0 rethrow=0 return_oop=0}
                      ; - java.lang.NamedPackage::<init>@12
                      ; - java.lang.ClassLoader::getNamedPackage@22
                      ; - java.lang.ClassLoader::postDefineClass@9
                      ; - java.lang.ClassLoader::defineClass@37
                      ; - java.security.SecureClassLoader::defineClass@12
                      ; - java.net.URLClassLoader::defineClass@220
  0x0000029896447878: 0476 23ff 

  0x000002989644787c: ;   {other}
  0x000002989644787c: 0f1f 8400 | 6c41 0037 | 85c0 0f85 | 9833 0000 | 448b cde9 | d5e8 ffff | 418b 500c | 458b 5808 
  0x000002989644789c: 498b e84c | 63ca 49c1 | e102 81fa | 0000 0400 | 0f87 d32b | 0000 498b | 87b8 0100 | 004d 8d51 
  0x00000298964478bc: 1749 83e2 | f848 8bd8 | 4903 da49 | 3b9f c801 | 0000 0f83 | b12b 0000 | 4989 9fb8 | 0100 000f 
  0x00000298964478dc: 0d8b c000 | 0000 48c7 | 0001 0000 | 0044 8958 | 0889 500c | 0f0d 8b00 | 0100 000f | 0d8b 4001 
  0x00000298964478fc: 0000 0f0d | 8b80 0100 | 0048 8bd8 | 498d 4810 | 488b d348 | 83c2 1049 | 83c1 0749 | c1e9 034d 
  0x000002989644791c: 8bc1 c5f8 | 7749 ba80 | 7066 9598 | 0200 0041 

  0x000002989644792c: ;   {other}
  0x000002989644792c: ffd2 0f1f | 8400 0000 | 0000 e976 | 0200 0049 | 8b87 b801 | 0000 4c8b | d049 83c2 | 1849 8bf9 
  0x000002989644794c: 4d3b 97c8 | 0100 000f | 8385 2d00 | 004d 8997 | b801 0000 | 410f 0d8a | c000 0000 | 48c7 0001 
  0x000002989644796c: ;   {metadata('java/util/ArrayList')}
  0x000002989644796c: 0000 00c7 | 4008 61af | 0020 4489 | 600c 4489 | 6010 458b 

  0x0000029896447980: ;   {oop(a 'java/lang/Object'[0] {0x0000000080730bd0})}
  0x0000029896447980: 580c c740 | 14d0 0b73 | 8048 8bd8 | 4585 db0f | 868f 0000 | 0045 33db | eb13 660f | 1f44 0000 
  0x00000298964479a0: 488b cd48 | 8b7c 2430 | 488b 5c24 | 3845 8b50 | 0c45 3bda | 0f83 4e31 | 0000 478b | 5498 1045 
  0x00000298964479c0: 8b42 1045 | 8b50 1044 | 895c 242c | 4889 5c24 | 3848 897c | 2430 4489 | 4c24 2848 | 8be9 4d8b 
  0x00000298964479e0: c248 8bd3 

  0x00000298964479e4: ;   {optimized virtual_call}
  0x00000298964479e4: c5f8 77e8 

  0x00000298964479e8: ; ImmutableOopMap {rbp=Oop [32]=Oop [40]=NarrowOop [48]=Oop [56]=Oop }
                      ;*invokevirtual addAll {reexecute=0 rethrow=0 return_oop=0}
                      ; - java.security.CodeSource::getCertificates@57
                      ; - java.lang.ClassLoader::postDefineClass@24
                      ; - java.lang.ClassLoader::defineClass@37
                      ; - java.security.SecureClassLoader::defineClass@12
                      ; - java.net.URLClassLoader::defineClass@220
  0x00000298964479e8: 9474 23ff 

  0x00000298964479ec: ;   {other}
  0x00000298964479ec: 0f1f 8400 | dc42 0038 | 498b 8f50 | 0400 0044 | 8b4c 2428 | 458b 4110 | 448b 5c24 

  0x0000029896447a08: ; ImmutableOopMap {r8=NarrowOop r9=NarrowOop rbp=Oop [32]=Oop [48]=Oop [56]=Oop }
                      ;*goto {reexecute=1 rethrow=0 return_oop=0}
                      ; - (reexecute) java.security.CodeSource::getCertificates@64
                      ; - java.lang.ClassLoader::postDefineClass@24
                      ; - java.lang.ClassLoader::defineClass@37
                      ; - java.security.SecureClassLoader::defineClass@12
                      ; - java.net.URLClassLoader::defineClass@220
  0x0000029896447a08: 2c41 ffc3 

  0x0000029896447a0c: ;   {poll}
  0x0000029896447a0c: 8501 418b | 480c 443b | d97c 8948 | 8bcd 488b | 7c24 3048 | 8b5c 2438 | 498b 87b8 | 0100 004c 
  0x0000029896447a2c: 8bd0 4983 | c210 4d3b | 97c8 0100 | 000f 83e4 | 2c00 004d | 8997 b801 | 0000 410f | 0d8a c000 
  0x0000029896447a4c: 0000 48c7 | 0001 0000 | 0041 0f0d | 8a00 0100 

  0x0000029896447a5c: ;   {metadata('java/security/cert/Certificate'[])}
  0x0000029896447a5c: 00c7 4008 | a95d 0020 | 410f 0d8a | 4001 0000 | 4489 600c | 410f 0d8a | 8001 0000 | 4889 4c24 
  0x0000029896447a7c: 2841 8be9 | 4889 7c24 | 3048 895c | 2438 4c8b | c048 8b54 | 2438 6690 

  0x0000029896447a94: ;   {optimized virtual_call}
  0x0000029896447a94: c5f8 77e8 

  0x0000029896447a98: ; ImmutableOopMap {rbp=NarrowOop [32]=Oop [40]=Oop [48]=Oop }
                      ;*invokevirtual toArray {reexecute=0 rethrow=0 return_oop=1}
                      ; - java.security.CodeSource::getCertificates@73
                      ; - java.lang.ClassLoader::postDefineClass@24
                      ; - java.lang.ClassLoader::defineClass@37
                      ; - java.security.SecureClassLoader::defineClass@12
                      ; - java.net.URLClassLoader::defineClass@220
  0x0000029896447a98: e473 23ff 

  0x0000029896447a9c: ;   {other}
  0x0000029896447a9c: 0f1f 8400 | 8c43 003a | 488b d844 

  0x0000029896447aa8: ;   {metadata('java/security/cert/Certificate'[])}
  0x0000029896447aa8: 8b50 0841 | 81fa a95d | 0020 0f85 | 9c35 0000 | 4180 7f40 | 000f 8539 | 2600 008b | fd4c 8bd3 
  0x0000029896447ac8: 4c89 5424 | 384c 8b54 | 2430 4c8b | 5c24 3844 | 895f 144c | 8b5c 2438 | 4d33 da49 | c1eb 144d 
  0x0000029896447ae8: 85db 7416 | 49c1 ea09 | 4c8b 4424 | 584d 03c2 | 4180 3802 | 0f85 2f26 | 0000 4c8b | 5424 3845 
  0x0000029896447b08: 8b5a 0c45 | 8b52 0849 | 63eb 48c1 | e502 4181 | fb00 0004 | 000f 8736 | 2c00 0049 | 8b87 b801 
  0x0000029896447b28: 0000 4c8d | 4517 4983 | e0f8 4c8b | c84d 03c8 | 4d3b 8fc8 | 0100 000f | 8314 2c00 | 004d 898f 
  0x0000029896447b48: b801 0000 | 410f 0d89 | c000 0000 | 48c7 0001 | 0000 0044 | 8950 0844 | 8958 0c41 | 0f0d 8900 
  0x0000029896447b68: 0100 0041 | 0f0d 8940 | 0100 0041 | 0f0d 8980 | 0100 0048 | 8bd8 488b | 4c24 3848 | 83c1 1048 
  0x0000029896447b88: 8bd3 4883 | c210 4883 | c507 48c1 | ed03 4c8b | c5c5 f877 | 49ba 8070 | 6695 9802 | 0000 41ff 
  0x0000029896447ba8: ;   {other}
  0x0000029896447ba8: d20f 1f84 | 0000 0000 | 0048 8b54 | 2420 4c8b | c366 6690 

  0x0000029896447bbc: ;   {optimized virtual_call}
  0x0000029896447bbc: c5f8 77e8 

  0x0000029896447bc0: ; ImmutableOopMap {[32]=Oop }
                      ;*invokevirtual setSigners {reexecute=0 rethrow=0 return_oop=0}
                      ; - java.lang.ClassLoader::setSigners@2
                      ; - java.lang.ClassLoader::postDefineClass@35
                      ; - java.lang.ClassLoader::defineClass@37
                      ; - java.security.SecureClassLoader::defineClass@12
                      ; - java.net.URLClassLoader::defineClass@220
  0x0000029896447bc0: bc72 23ff 

  0x0000029896447bc4: ;   {other}
  0x0000029896447bc4: 0f1f 8400 | b444 003b | e9f2 e4ff | ff48 8b7c | 2438 448b | 5f0c 4585 | db0f 84b8 | e5ff ff4d 
  0x0000029896447be4: 8b57 2849 | 8bcb 4d85 | d20f 848b | 2400 004d | 8b5f 384b | 894c 13f8 | 4983 c2f8 | 4d89 5728 
  0x0000029896447c04: e992 e5ff | ff44 8b57 | 1045 85d2 | 0f84 c8e5 | ffff 4d8b | 5f28 498b | ca4d 85db | 0f84 3824 
  0x0000029896447c24: 0000 4d8b | 5738 4b89 | 4c1a f849 | 83c3 f84d | 895f 28e9 | a2e5 ffff | 488b 4c24 | 28e9 5ae4 
  0x0000029896447c44: ffff 4d8b | 5758 4d8b | 5f48 f083 | 4424 c000 | 8039 000f | 8476 e5ff | ff44 8821 | 4d85 db75 
  0x0000029896447c64: 2049 8bd7 | c5f8 7749 | ba80 f95b | 05fd 7f00 | 0041 ffd2 

  0x0000029896447c78: ;   {other}
  0x0000029896447c78: 0f1f 8400 | 0000 0000 | e94e e5ff | ff4b 894c | 1af8 4983 | c3f8 4d89 | 5f48 e93c | e5ff ff4d 
  0x0000029896447c98: 8b57 484d | 8b5f 58f0 | 8344 24c0 | 0080 3900 | 0f84 67e5 | ffff 4488 | 214d 85d2 | 7520 498b 
  0x0000029896447cb8: d7c5 f877 | 49ba 80f9 | 5b05 fd7f | 0000 41ff 

  0x0000029896447cc8: ;   {other}
  0x0000029896447cc8: d20f 1f84 | 0000 0000 | 00e9 3fe5 | ffff 4b89 | 4c13 f849 | 83c2 f84d | 8957 48e9 | 2de5 ffff 
  0x0000029896447ce8: 4c63 c54d | 8d58 1049 | 8bcb 4883 | e1f8 488b | fe48 03f9 | 49c1 eb03 | 492b d348 | 8bca 4833 
  0x0000029896447d08: c048 83f9 | 087f 1048 | ffc9 7856 | 4889 04cf | 48ff c97d | f7eb 4bc5 | fdef c0e9 | 0d00 0000 
  0x0000029896447d28: c5fe 7f07 | c5fe 7f47 | 2048 83c7 | 4048 83e9 | 087d ed48 | 83c1 047c | 0cc5 fe7f | 0748 83c7 
  0x0000029896447d48: 2048 83e9 | 0448 83c1 | 047e 1748 | c7c0 ffff | ffff c4e2 | f0f5 c0c4 | e1fb 92f8 | 62f1 fe2f 
  0x0000029896447d68: 7f07 4983 | f820 7728 | 4c63 dd49 | b8ff ffff | ffff ffff | ffc4 42a0 | f5c0 c4c1 | fb92 f862 
  0x0000029896447d88: d17f af6f | 0162 d17f | 2f7f 02e9 | 43e0 ffff | 498b c949 | 8bd2 c5f8 | 7749 bac0 | 4d66 9598 
  0x0000029896447da8: 0200 0041 

  0x0000029896447dac: ;   {other}
  0x0000029896447dac: ffd2 0f1f | 8400 0000 | 0000 e920 | e0ff ff33 | c0e9 50e1 | ffff 33c0 | e9d6 c9ff | ff48 8b5c 
  0x0000029896447dcc: 2430 c643 | 1101 33c0 | 488b 4c24 | 2844 8b4c | 2438 e92f | e1ff ff48 | 8b7c 2450 | c647 1101 
  0x0000029896447dec: 33c0 4c8b | 6c24 4844 | 8b74 242c | 488b 7424 | 58e9 9dc9 

  0x0000029896447e00: ;   {metadata({type array byte})}
  0x0000029896447e00: ffff 48ba | 780a 0400 | 0100 0000 | 448b c190 

  0x0000029896447e10: ;   {runtime_call _new_array_nozero_Java}
  0x0000029896447e10: c5f8 77e8 

  0x0000029896447e14: ; ImmutableOopMap {[32]=Oop [40]=NarrowOop [44]=NarrowOop [48]=Oop [56]=Oop [72]=Oop [80]=Oop [96]=Oop [104]=Oop [112]=Oop [136]=Derived_oop_[112] }
                      ;*newarray {reexecute=0 rethrow=0 return_oop=1}
                      ; - java.util.Arrays::copyOf@15
                      ; - jdk.internal.loader.Resource::getBytes@94
                      ; - jdk.internal.loader.URLClassPath$JarLoader$2::getBytes@1
                      ; - java.net.URLClassLoader::defineClass@179
  0x0000029896447e14: 68c3 30ff 

  0x0000029896447e18: ;   {other}
  0x0000029896447e18: 0f1f 8400 | 0847 003c | 4c8b c0e9 | 8ad2 ffff | 4c89 5424 | 2049 8bd2 

  0x0000029896447e30: ;   {optimized virtual_call}
  0x0000029896447e30: c5f8 77e8 

  0x0000029896447e34: ; ImmutableOopMap {rbp=NarrowOop [32]=Oop [40]=NarrowOop [44]=NarrowOop [48]=Oop [72]=Oop [80]=Oop [96]=Oop }
                      ;*invokevirtual realEntry {reexecute=0 rethrow=0 return_oop=1}
                      ; - java.util.jar.JarFile$JarFileEntry::getCodeSigners@46
                      ; - jdk.internal.loader.URLClassPath$JarLoader$2::getCodeSigners@4
                      ; - java.net.URLClassLoader::defineClass@185
  0x0000029896447e34: 4870 23ff 

  0x0000029896447e38: ;   {other}
  0x0000029896447e38: 0f1f 8400 | 2847 003d | 488b d54c | 8bc0 488b | 6c24 4890 

  0x0000029896447e4c: ;   {optimized virtual_call}
  0x0000029896447e4c: c5f8 77e8 

  0x0000029896447e50: ; ImmutableOopMap {rbp=Oop [32]=Oop [40]=NarrowOop [44]=NarrowOop [48]=Oop [72]=Oop [80]=Oop [96]=Oop }
                      ;*invokevirtual getCodeSigners {reexecute=0 rethrow=0 return_oop=1}
                      ; - java.util.jar.JarFile$JarFileEntry::getCodeSigners@49
                      ; - jdk.internal.loader.URLClassPath$JarLoader$2::getCodeSigners@4
                      ; - java.net.URLClassLoader::defineClass@185
  0x0000029896447e50: 2c70 23ff 

  0x0000029896447e54: ;   {other}
  0x0000029896447e54: 0f1f 8400 | 4447 003e | 488b d841 | 807f 4000 | 0f85 d420 | 0000 488b | 7c24 204c | 8bcb 4d8b 
  0x0000029896447e74: d944 895f | 5c4c 8bd7 | 4d8b c14d | 33c2 49c1 | e814 4d85 | c00f 84a1 | 2000 004d | 85c9 0f84 
  0x0000029896447e94: 27d4 ffff | 49c1 ea09 | 48b9 0000 | 109d 9802 | 0000 4903 | ca80 3902 | 0f85 c420 | 0000 418b 
  0x0000029896447eb4: 5b0c 4d8b | cb48 63cb | 48c1 e102 | 81fb 0000 | 0400 0f87 | 8825 0000 | 498b 87b8 | 0100 004c 
  0x0000029896447ed4: 8d51 1749 | 83e2 f84c | 8bc0 4d03 | c24d 3b87 | c801 0000 | 0f83 6625 | 0000 4d89 | 87b8 0100 
  0x0000029896447ef4: 0041 0f0d | 88c0 0000 | 0048 c700 | 0100 0000 | 410f 0d88 | 0001 0000 

  0x0000029896447f0c: ;   {metadata('java/security/CodeSigner'[])}
  0x0000029896447f0c: c740 08fa | d80b 2089 | 580c 410f | 0d88 4001 | 0000 410f | 0d88 8001 | 0000 418b | eb4c 894c 
  0x0000029896447f2c: 2420 4889 | 4c24 384c | 8bd0 488d | 4d10 498b | d248 83c2 | 1049 8bda | 4c8b 5424 | 3849 83c2 
  0x0000029896447f4c: 0749 c1ea | 034d 8bc2 | c5f8 7749 | ba80 7066 | 9598 0200 | 0041 ffd2 

  0x0000029896447f64: ;   {other}
  0x0000029896447f64: 0f1f 8400 | 0000 0000 | 4c8b dbe9 | 4ed3 ffff | 448b 5c24 | 2844 895c | 2454 4489 | 7424 5045 
  0x0000029896447f84: 8bd8 48ff | 7424 2048 | 8f44 2448 | 4c8b 4424 | 384c 8944 | 2428 4c89 | 6c24 2048 | 8b6c 2430 
  0x0000029896447fa4: 498b d245 | 33c0 458b | cb66 6690 

  0x0000029896447fb0: ;   {static_call}
  0x0000029896447fb0: c5f8 77e8 

  0x0000029896447fb4: ; ImmutableOopMap {rbp=Oop [32]=Oop [40]=Oop [72]=Oop [80]=NarrowOop [84]=NarrowOop }
                      ;*invokestatic newString {reexecute=0 rethrow=0 return_oop=1}
                      ; - java.lang.String::substring@54
                      ; - java.net.URLClassLoader::defineClass@28
  0x0000029896447fb4: c878 23ff 

  0x0000029896447fb8: ;   {other}
  0x0000029896447fb8: 0f1f 8400 | a848 003f | 4889 6c24 | 304c 8b6c | 2420 4c8b | 5c24 284c | 895c 2438 | 448b 7424 
  0x0000029896447fd8: 5044 8b4c | 2454 4489 | 4c24 2848 | 8bf0 48ff | 7424 4848 | 8f44 2420 | e95c c5ff | ff45 8bd3 
  0x0000029896447ff8: 4489 7424 | 3c48 8bee | 498b d045 | 33c0 458b | ca66 6690 

  0x000002989644800c: ;   {static_call}
  0x000002989644800c: c5f8 77e8 

  0x0000029896448010: ; ImmutableOopMap {rbp=Oop [32]=Oop [40]=Oop [60]=NarrowOop [80]=Oop [96]=Oop }
                      ;*invokestatic newString {reexecute=0 rethrow=0 return_oop=1}
                      ; - java.lang.String::substring@54
                      ; - java.lang.ClassLoader::checkCerts@21
                      ; - java.lang.ClassLoader::preDefineClass@113
                      ; - java.lang.ClassLoader::defineClass@4
                      ; - java.security.SecureClassLoader::defineClass@12
                      ; - java.net.URLClassLoader::defineClass@220
  0x0000029896448010: 6c78 23ff 

  0x0000029896448014: ;   {other}
  0x0000029896448014: 0f1f 8400 | 0449 0040 | 488b f544 | 8b5c 243c | 458b f348 | 8bd8 e9eb | d9ff ff33 | c0e9 4fca 
  0x0000029896448034: ffff 488b | 7c24 60c6 | 4711 0133 | c04c 8b6c | 2448 448b | 7424 2c4c | 8b4c 2450 | 488b 4c24 
  0x0000029896448054: 5848 8b74 | 2468 8b5c | 2470 e922 | caff ff41 | 3bf8 0f85 | e300 0000 | 8d5f ff3b | df0f 8379 
  0x0000029896448074: 2c00 0045 | 85c0 0f86 | 702c 0000 | 418d 50ff | 4533 d2eb | 3944 8b94 | 2480 0000 | 0041 ffc2 
  0x0000029896448094: 443b 9424 | 9400 0000 | 0f8d d200 | 0000 488b | 4c24 704c | 8b4c 2440 | 8bbc 2494 | 0000 0044 
  0x00000298964480b4: 8b84 2490 | 0000 008b | 9424 9800 | 0000 428b | 7491 1041 | 3bd0 0f83 | 0428 0000 | 85f6 0f84 
  0x00000298964480d4: fc27 0000 | 4c8b de33 | ed48 894c | 2470 89bc | 2494 0000 | 0044 8984 | 2490 0000 | 0089 9424 
  0x00000298964480f4: 9800 0000 | 4489 9424 | 8000 0000 | 89b4 2484 | 0000 004c | 899c 24a0 | 0000 00eb 

  0x0000029896448110: ;   {no_reloc}
  0x0000029896448110: 054c 8b4c | 2440 458b | 5ca9 104c | 894c 2440 | 4d8b c348 | 8b94 24a0 | 0000 0090 

  0x000002989644812c: ;   {optimized virtual_call}
  0x000002989644812c: c5f8 77e8 

  0x0000029896448130: ; ImmutableOopMap {[32]=Oop [40]=Oop [48]=Oop [64]=Oop [80]=Oop [96]=Oop [112]=Oop [132]=NarrowOop [160]=Oop }
                      ;*invokevirtual equals {reexecute=0 rethrow=0 return_oop=0}
                      ; - java.lang.ClassLoader::compareCerts@81
                      ; - java.lang.ClassLoader::checkCerts@80
                      ; - java.lang.ClassLoader::preDefineClass@113
                      ; - java.lang.ClassLoader::defineClass@4
                      ; - java.security.SecureClassLoader::defineClass@12
                      ; - java.net.URLClassLoader::defineClass@220
  0x0000029896448130: 4c6d 23ff 

  0x0000029896448134: ;   {other}
  0x0000029896448134: 0f1f 8400 | 244a 0041 | 85c0 0f85 | 45ff ffff | ffc5 3bac | 2490 0000 | 007c c2ba | 45ff ffff 
  0x0000029896448154: 488b 6c24 | 3044 8b5c | 2438 4489 | 5c24 3090 

  0x0000029896448164: ;   {runtime_call UncommonTrapBlob}
  0x0000029896448164: c5f8 77e8 

  0x0000029896448168: ; ImmutableOopMap {rbp=Oop [32]=Oop [40]=Oop [96]=Oop }
                      ;*ifne {reexecute=1 rethrow=0 return_oop=0}
                      ; - (reexecute) java.lang.ClassLoader::checkCerts@83
                      ; - java.lang.ClassLoader::preDefineClass@113
                      ; - java.lang.ClassLoader::defineClass@4
                      ; - java.security.SecureClassLoader::defineClass@12
                      ; - java.net.URLClassLoader::defineClass@220
  0x0000029896448168: 94fb 23ff 

  0x000002989644816c: ;   {other}
  0x000002989644816c: 0f1f 8400 | 5c4a 0042 | 4533 dbeb | 1644 8b5c | 2478 41ff | c344 3b9c | 2490 0000 | 000f 8d2b 
  0x000002989644818c: d9ff ff4c | 8b4c 2440 | 478b 5499 | 1045 85d2 | 0f84 7e27 | 0000 4d8b | c233 ed44 | 895c 2478 
  0x00000298964481ac: 4489 5424 | 7c4c 8984 | 2498 0000 | 000f 1f80 | 0000 0000 | 4c8b 5424 | 7045 8b54 | aa10 4d8b 
  0x00000298964481cc: c248 8b94 | 2498 0000 | 0066 6690 

  0x00000298964481d8: ;   {optimized virtual_call}
  0x00000298964481d8: c5f8 77e8 

  0x00000298964481dc: ; ImmutableOopMap {[32]=Oop [40]=Oop [48]=Oop [64]=Oop [80]=Oop [96]=Oop [112]=Oop [124]=NarrowOop [152]=Oop }
                      ;*invokevirtual equals {reexecute=0 rethrow=0 return_oop=0}
                      ; - java.lang.ClassLoader::compareCerts@166
                      ; - java.lang.ClassLoader::checkCerts@80
                      ; - java.lang.ClassLoader::preDefineClass@113
                      ; - java.lang.ClassLoader::defineClass@4
                      ; - java.security.SecureClassLoader::defineClass@12
                      ; - java.net.URLClassLoader::defineClass@220
  0x00000298964481dc: a06c 23ff 

  0x00000298964481e0: ;   {other}
  0x00000298964481e0: 0f1f 8400 | d04a 0043 | 85c0 758d | ffc5 3bac | 2494 0000 | 007c c9e9 | 53ff ffff | 488b 4c24 
  0x0000029896448200: 2848 8bdd | 448b 4c24 | 3844 8b54 | 243c 448b | 4424 48e9 | 53dd ffff | 4c8b 6c24 | 4844 8b74 
  0x0000029896448220: 242c 488b | fd48 8b74 | 2458 448b | 4424 6044 | 8b54 2464 | e9bf c5ff | ff49 8bd3 | 4533 c044 
  0x0000029896448240: 8bc9 488b | 6c24 2090 

  0x0000029896448248: ;   {static_call}
  0x0000029896448248: c5f8 77e8 

  0x000002989644824c: ; ImmutableOopMap {rbp=Oop [32]=Oop [48]=Oop [64]=Oop }
                      ;*invokestatic newString {reexecute=0 rethrow=0 return_oop=1}
                      ; - java.lang.String::substring@54
                      ; - java.lang.Class::getPackageName@62
                      ; - java.lang.ClassLoader::postDefineClass@2
                      ; - java.lang.ClassLoader::defineClass@37
                      ; - java.security.SecureClassLoader::defineClass@12
                      ; - java.net.URLClassLoader::defineClass@220
  0x000002989644824c: 3076 23ff 

  0x0000029896448250: ;   {other}
  0x0000029896448250: 0f1f 8400 | 404b 0044 | 4885 c00f | 847b 2b00 | 0048 8bd8 | e9b4 dbff | ff44 8944 | 2470 4889 
  0x0000029896448270: 4c24 6844 | 894c 2464 | 4489 5c24 | 604c 8954 | 2458 448b | 5c24 2844 | 895c 2454 | 4489 7424 
  0x0000029896448290: 5048 ff74 | 2420 488f | 4424 484c | 896c 2428 | 4c8b 5424 | 304c 8954 | 2420 8b6d | 384c 8bd5 
  0x00000298964482b0: 4c89 5424 | 3049 8bd2 

  0x00000298964482b8: ;   {static_call}
  0x00000298964482b8: c5f8 77e8 

  0x00000298964482bc: ; ImmutableOopMap {rbp=NarrowOop [32]=Oop [40]=Oop [48]=Oop [56]=Oop [72]=Oop [80]=NarrowOop [84]=NarrowOop [88]=Oop [96]=NarrowOop [104]=Oop [176]=Oop }
                      ;*invokestatic CENNAM {reexecute=0 rethrow=0 return_oop=0}
                      ; - java.util.zip.ZipFile::getEntryName@13
                      ; - java.util.zip.ZipFile::getManifestName@41
                      ; - java.util.zip.ZipFile$1::getManifestName@2
                      ; - java.util.jar.JarFile::maybeInstantiateVerifier@20
                      ; - java.util.jar.JarFile::ensureInitialization@1
                      ; - java.util.jar.JavaUtilJarAccessImpl::ensureInitialization@1
                      ; - jdk.internal.loader.URLClassPath$JarLoader$2::getManifest@10
                      ; - java.net.URLClassLoader::defineClass@34
  0x00000298964482bc: c075 23ff 

  0x00000298964482c0: ;   {other}
  0x00000298964482c0: 0f1f 8400 | b04b 0045 | 8944 2474 | 448b 5c24 | 6045 8b53 | 1845 8b42 | 1845 85c0 | 0f84 122b 
  0x00000298964482e0: 0000 498b | d044 8b44 | 2470 6690 

  0x00000298964482ec: ;   {optimized virtual_call}
  0x00000298964482ec: c5f8 77e8 

  0x00000298964482f0: ; ImmutableOopMap {rbp=NarrowOop [32]=Oop [40]=Oop [48]=Oop [56]=Oop [72]=Oop [80]=NarrowOop [84]=NarrowOop [88]=Oop [96]=NarrowOop [104]=Oop [176]=Oop }
                      ;*invokevirtual zipCoderForPos {reexecute=0 rethrow=0 return_oop=1}
                      ; - java.util.zip.ZipFile::getEntryName@25
                      ; - java.util.zip.ZipFile::getManifestName@41
                      ; - java.util.zip.ZipFile$1::getManifestName@2
                      ; - java.util.jar.JarFile::maybeInstantiateVerifier@20
                      ; - java.util.jar.JarFile::ensureInitialization@1
                      ; - java.util.jar.JavaUtilJarAccessImpl::ensureInitialization@1
                      ; - jdk.internal.loader.URLClassPath$JarLoader$2::getManifest@10
                      ; - java.net.URLClassLoader::defineClass@34
  0x00000298964482f0: 8c6b 23ff 

  0x00000298964482f4: ;   {other}
  0x00000298964482f4: 0f1f 8400 | e44b 0046 | 448b 4c24 | 7041 83c1 | 2e48 8bd0 | 4c8b 4424 | 308b 7c24 | 7448 8b6c 
  0x0000029896448314: 2428 4c8b | 5424 584c | 8954 2430 | 6690 c5f8 | 7748 b8ff | ffff ffff 

  0x000002989644832c: ;   {virtual_call}
  0x000002989644832c: ffff ffe8 

  0x0000029896448330: ; ImmutableOopMap {rbp=Oop [32]=Oop [40]=Oop [48]=Oop [56]=Oop [72]=Oop [80]=NarrowOop [84]=NarrowOop [88]=Oop [96]=NarrowOop [104]=Oop [176]=Oop }
                      ;*invokevirtual toString {reexecute=0 rethrow=0 return_oop=1}
                      ; - java.util.zip.ZipFile::getEntryName@38
                      ; - java.util.zip.ZipFile::getManifestName@41
                      ; - java.util.zip.ZipFile$1::getManifestName@2
                      ; - java.util.jar.JarFile::maybeInstantiateVerifier@20
                      ; - java.util.jar.JarFile::ensureInitialization@1
                      ; - java.util.jar.JavaUtilJarAccessImpl::ensureInitialization@1
                      ; - jdk.internal.loader.URLClassPath$JarLoader$2::getManifest@10
                      ; - java.net.URLClassLoader::defineClass@34
  0x0000029896448330: 4c70 23ff 

  0x0000029896448334: ;   {other}
  0x0000029896448334: 0f1f 8400 | 244c 0047 | 4885 c00f | 852b 1100 | 004c 8b54 | 2420 4c89 | 5424 304c | 8bed 4c8b 
  0x0000029896448354: 4424 4844 | 8b74 2450 | 448b 5424 | 5444 8954 | 2428 4c8b | 5424 5844 | 8b5c 2460 | 488b 4c24 
  0x0000029896448374: 684c 8944 | 2420 e96a | e0ff ff44 | 894c 243c | 4889 4c24 | 6844 895c | 2438 4c89 | 5424 208b 
  0x0000029896448394: 6d38 4c8b | d54c 8954 | 2470 498b | d245 8bc1 

  0x00000298964483a4: ;   {static_call}
  0x00000298964483a4: c5f8 77e8 

  0x00000298964483a8: ; ImmutableOopMap {rbp=NarrowOop [32]=Oop [40]=NarrowOop [44]=NarrowOop [48]=Oop [56]=NarrowOop [72]=Oop [80]=Oop [96]=Oop [104]=Oop [112]=Oop }
                      ;*invokestatic CENNAM {reexecute=0 rethrow=0 return_oop=0}
                      ; - java.util.zip.ZipFile::getEntryName@13
                      ; - java.util.zip.ZipFile::getManifestName@41
                      ; - java.util.zip.ZipFile$1::getManifestName@2
                      ; - java.util.jar.JarFile::maybeInstantiateVerifier@20
                      ; - java.util.jar.JarFile$JarFileEntry::getCodeSigners@4
                      ; - jdk.internal.loader.URLClassPath$JarLoader$2::getCodeSigners@4
                      ; - java.net.URLClassLoader::defineClass@185
  0x00000298964483a8: d474 23ff 

  0x00000298964483ac: ;   {other}
  0x00000298964483ac: 0f1f 8400 | 9c4c 0048 | 8944 2478 | 448b 5c24 | 3845 8b43 | 1845 8b50 | 1845 85d2 | 0f84 6a2a 
  0x00000298964483cc: 0000 498b | d244 8b44 | 243c 6690 

  0x00000298964483d8: ;   {optimized virtual_call}
  0x00000298964483d8: c5f8 77e8 

  0x00000298964483dc: ; ImmutableOopMap {rbp=NarrowOop [32]=Oop [40]=NarrowOop [44]=NarrowOop [48]=Oop [56]=NarrowOop [72]=Oop [80]=Oop [96]=Oop [104]=Oop [112]=Oop }
                      ;*invokevirtual zipCoderForPos {reexecute=0 rethrow=0 return_oop=1}
                      ; - java.util.zip.ZipFile::getEntryName@25
                      ; - java.util.zip.ZipFile::getManifestName@41
                      ; - java.util.zip.ZipFile$1::getManifestName@2
                      ; - java.util.jar.JarFile::maybeInstantiateVerifier@20
                      ; - java.util.jar.JarFile$JarFileEntry::getCodeSigners@4
                      ; - jdk.internal.loader.URLClassPath$JarLoader$2::getCodeSigners@4
                      ; - java.net.URLClassLoader::defineClass@185
  0x00000298964483dc: a06a 23ff 

  0x00000298964483e0: ;   {other}
  0x00000298964483e0: 0f1f 8400 | d04c 0049 | 448b 4c24 | 3c41 83c1 | 2e48 8bd0 | 4c8b 4424 | 708b 7c24 | 7848 8b6c 
  0x0000029896448400: 2448 c5f8 | 7748 b8ff | ffff ffff 

  0x000002989644840c: ;   {virtual_call}
  0x000002989644840c: ffff ffe8 

  0x0000029896448410: ; ImmutableOopMap {rbp=Oop [32]=Oop [40]=NarrowOop [44]=NarrowOop [48]=Oop [56]=NarrowOop [72]=Oop [80]=Oop [96]=Oop [104]=Oop }
                      ;*invokevirtual toString {reexecute=0 rethrow=0 return_oop=1}
                      ; - java.util.zip.ZipFile::getEntryName@38
                      ; - java.util.zip.ZipFile::getManifestName@41
                      ; - java.util.zip.ZipFile$1::getManifestName@2
                      ; - java.util.jar.JarFile::maybeInstantiateVerifier@20
                      ; - java.util.jar.JarFile$JarFileEntry::getCodeSigners@4
                      ; - jdk.internal.loader.URLClassPath$JarLoader$2::getCodeSigners@4
                      ; - java.net.URLClassLoader::defineClass@185
  0x0000029896448410: 6c6f 23ff 

  0x0000029896448414: ;   {other}
  0x0000029896448414: 0f1f 8400 | 044d 004a | 488b d84c | 8b44 2468 | 488d 8424 | c000 0000 | 4883 3800 | 0f84 7900 
  0x0000029896448434: 0000 4d8b | 1041 f6c2 | 020f 8462 | 0000 0049 | 83ba 8600 | 0000 0074 | 0949 ff8a | 8600 0000 
  0x0000029896448454: eb4b 498b | 8296 0000 | 0049 0b82 | 8e00 0000 | 750a 49c7 | 423e 0000 | 0000 eb3d | 4983 ba9e 
  0x0000029896448474: 0000 0000 | 7422 4833 | c049 c742 | 3e00 0000 | 00f0 8304 | 2400 4983 | ba9e 0000 | 0000 750d 
  0x0000029896448494: f04d 0fb1 | 7a3e 7505 | 83c8 01eb | 0ca8 00eb | 084c 8b10 | f04d 0fb1 | 1075 0a49 | ff8f 4805 
  0x00000298964484b4: 0000 4533 | d20f 859d | 2900 0048 | 85db 0f85 | 0a10 0000 | 4c8b 5424 | 2044 8b5c | 2438 e94c 
  0x00000298964484d4: e0ff ff49 

  0x00000298964484d8: ;   {metadata('java/security/CodeSource')}
  0x00000298964484d8: 8beb 48ba | c058 0500 | 0100 0000 

  0x00000298964484e4: ;   {runtime_call _new_instance_Java}
  0x00000298964484e4: c5f8 77e8 

  0x00000298964484e8: ; ImmutableOopMap {rbp=Oop [40]=NarrowOop [44]=NarrowOop [48]=Oop [72]=Oop [80]=Oop [96]=Oop }
                      ;*new {reexecute=0 rethrow=0 return_oop=1}
                      ; - java.net.URLClassLoader::defineClass@190
  0x00000298964484e8: 14c3 30ff 

  0x00000298964484ec: ;   {other}
  0x00000298964484ec: 0f1f 8400 | dc4d 004b | 4c8b dd4c | 8bc8 e91c | ceff ff44 | 8944 242c | 4889 7c24 

  0x0000029896448508: ;   {metadata('java/security/SecureClassLoader$CodeSourceKey')}
  0x0000029896448508: 2048 ba78 | 3e09 0001 | 0000 0048 | ff74 2448 | 488f 4424 | 3866 6690 

  0x0000029896448520: ;   {runtime_call _new_instance_Java}
  0x0000029896448520: c5f8 77e8 

  0x0000029896448524: ; ImmutableOopMap {[32]=Oop [40]=NarrowOop [48]=Oop [56]=Oop [72]=Oop [80]=Oop [96]=Oop }
                      ;*new {reexecute=0 rethrow=0 return_oop=1}
                      ; - java.security.SecureClassLoader::getProtectionDomain@6
                      ; - java.security.SecureClassLoader::defineClass@9
                      ; - java.net.URLClassLoader::defineClass@220
  0x0000029896448524: d8c2 30ff 

  0x0000029896448528: ;   {other}
  0x0000029896448528: 0f1f 8400 | 184e 004c | 4c8b 4c24 | 6048 8b7c | 2420 488b | d844 8b44 | 242c e90c | d0ff ff44 
  0x0000029896448548: 8944 242c | 4889 5c24 | 404c 894c | 2438 4889 

  0x0000029896448558: ;   {metadata('java/security/SecureClassLoader$1')}
  0x0000029896448558: 4c24 2048 | baa8 4009 | 0001 0000 | 0066 6690 

  0x0000029896448568: ;   {runtime_call _new_instance_Java}
  0x0000029896448568: c5f8 77e8 

  0x000002989644856c: ; ImmutableOopMap {rbp=NarrowOop [32]=Oop [40]=NarrowOop [48]=Oop [56]=Oop [64]=Oop [80]=Oop }
                      ;*new {reexecute=0 rethrow=0 return_oop=1}
                      ; - java.security.SecureClassLoader::getProtectionDomain@20
                      ; - java.security.SecureClassLoader::defineClass@9
                      ; - java.net.URLClassLoader::defineClass@220
  0x000002989644856c: 90c2 30ff 

  0x0000029896448570: ;   {other}
  0x0000029896448570: 0f1f 8400 | 604e 004d | 488b 4c24 | 204c 8b4c | 2438 488b | 5c24 4044 | 8b44 242c | 488b f8e9 
  0x0000029896448590: 06d0 ffff | 4489 4c24 

  0x0000029896448598: ;   {metadata({type array byte})}
  0x0000029896448598: 7048 ba78 | 0a04 0001 | 0000 0045 | 33c0 488b | 6c24 4890 

  0x00000298964485ac: ;   {runtime_call _new_array_Java}
  0x00000298964485ac: c5f8 77e8 

  0x00000298964485b0: ; ImmutableOopMap {rbp=Oop [32]=Oop [40]=NarrowOop [44]=NarrowOop [48]=Oop [56]=Oop [72]=Oop [80]=Oop [96]=Oop [104]=Oop }
                      ;*newarray {reexecute=0 rethrow=0 return_oop=1}
                      ; - jdk.internal.loader.Resource::getBytes@30
                      ; - jdk.internal.loader.URLClassPath$JarLoader$2::getBytes@1
                      ; - java.net.URLClassLoader::defineClass@179
  0x00000298964485b0: 4cbf 30ff 

  0x00000298964485b4: ;   {other}
  0x00000298964485b4: 0f1f 8400 | a44e 004e | 488b 7424 | 2048 8b6c | 2460 488b | f844 8b4c | 2470 e97f | c9ff ff89 
  0x00000298964485d4: 5424 6044 | 8954 245c | 448b 5424 | 2844 8954 | 2458 4489 | 7424 5444 | 8944 2450 | 48ff 7424 
  0x00000298964485f4: 2048 8f44 | 2448 4c8b | 5424 384c | 8954 2428 | 4c89 6c24 | 2048 8b6c 

  0x000002989644860c: ;   {metadata('java/lang/String')}
  0x000002989644860c: 2430 48ba | a01f 0400 | 0100 0000 

  0x0000029896448618: ;   {runtime_call _new_instance_Java}
  0x0000029896448618: c5f8 77e8 

  0x000002989644861c: ; ImmutableOopMap {rbp=Oop [32]=Oop [40]=Oop [72]=Oop [84]=NarrowOop [88]=NarrowOop [92]=NarrowOop }
                      ;*new {reexecute=0 rethrow=0 return_oop=1}
                      ; - java.lang.StringLatin1::newString@7
                      ; - java.lang.String::substring@41
                      ; - java.net.URLClassLoader::defineClass@28
  0x000002989644861c: e0c1 30ff 

  0x0000029896448620: ;   {other}
  0x0000029896448620: 0f1f 8400 | 104f 004f | 4889 6c24 | 304c 8b6c | 2420 4c8b | 5424 284c | 8954 2438 | 448b 4424 
  0x0000029896448640: 5044 8b74 | 2454 8b4c | 2458 894c | 2428 448b | 5424 5c8b | 5424 6048 | 8bf0 48ff | 7424 4848 
  0x0000029896448660: 8f44 2420 | e9ea bcff | ff89 4c24 | 4844 8944 | 2444 4489 | 5c24 4044 | 8974 243c | 4c8b 5424 
  0x0000029896448680: 604c 8954 | 2430 488b 

  0x0000029896448688: ;   {metadata('java/lang/String')}
  0x0000029896448688: ee48 baa0 | 1f04 0001 | 0000 0090 

  0x0000029896448694: ;   {runtime_call _new_instance_Java}
  0x0000029896448694: c5f8 77e8 

  0x0000029896448698: ; ImmutableOopMap {rbp=Oop [32]=Oop [40]=Oop [48]=Oop [60]=NarrowOop [68]=NarrowOop [80]=Oop }
                      ;*new {reexecute=0 rethrow=0 return_oop=1}
                      ; - java.lang.StringLatin1::newString@7
                      ; - java.lang.String::substring@41
                      ; - java.lang.ClassLoader::checkCerts@21
                      ; - java.lang.ClassLoader::preDefineClass@113
                      ; - java.lang.ClassLoader::defineClass@4
                      ; - java.security.SecureClassLoader::defineClass@12
                      ; - java.net.URLClassLoader::defineClass@220
  0x0000029896448698: 64c1 30ff 

  0x000002989644869c: ;   {other}
  0x000002989644869c: 0f1f 8400 | 8c4f 0050 | 488b f54c | 8b5c 2430 | 4c89 5c24 | 6044 8b5c | 243c 458b | f344 8b5c 
  0x00000298964486bc: 2440 448b | 4424 448b | 4c24 4848 | 8bd8 e97e | d1ff ff4c | 8b6c 2448 | 448b 7424 | 2c4c 8b4c 
  0x00000298964486dc: 2450 488b | 4c24 5848 | 8bfd 488b | 7424 688b | 5c24 7044 | 8b54 2474 | 448b 4424 | 78e9 e0c3 
  0x00000298964486fc: ffff 4489 | 4c24 3848 | 895c 2430 | 4889 4c24 | 2866 6690 

  0x0000029896448710: ;   {static_call}
  0x0000029896448710: c5f8 77e8 

  0x0000029896448714: ; ImmutableOopMap {rbp=Oop [32]=Oop [40]=Oop [48]=Oop [56]=NarrowOop [64]=Oop }
                      ;*invokestatic hashCode {reexecute=0 rethrow=0 return_oop=0}
                      ; - java.lang.String::hashCode@37
                      ; - java.util.concurrent.ConcurrentHashMap::get@1
                      ; - java.lang.ClassLoader::getNamedPackage@5
                      ; - java.lang.ClassLoader::postDefineClass@9
                      ; - java.lang.ClassLoader::defineClass@37
                      ; - java.security.SecureClassLoader::defineClass@12
                      ; - java.net.URLClassLoader::defineClass@220
  0x0000029896448714: 6871 23ff 

  0x0000029896448718: ;   {other}
  0x0000029896448718: 0f1f 8400 | 0850 0051 | e9d3 d7ff | ff48 8974 | 2458 48ff | b424 b000 | 0000 488f | 4424 5044 
  0x0000029896448738: 8974 242c | 4c89 6c24 | 4866 6690 

  0x0000029896448744: ;   {static_call}
  0x0000029896448744: c5f8 77e8 

  0x0000029896448748: ; ImmutableOopMap {rbp=Oop [32]=Oop [40]=NarrowOop [44]=NarrowOop [48]=Oop [56]=Oop [72]=Oop [80]=Oop [88]=Oop [176]=Oop }
                      ;*invokestatic hashCode {reexecute=0 rethrow=0 return_oop=0}
                      ; - java.lang.String::hashCode@37
                      ; - java.util.concurrent.ConcurrentHashMap::get@1
                      ; - java.lang.ClassLoader::getDefinedPackage@13
                      ; - java.net.URLClassLoader::getAndVerifyPackage@2
                      ; - java.net.URLClassLoader::defineClass@46
  0x0000029896448748: 3471 23ff 

  0x000002989644874c: ;   {other}
  0x000002989644874c: 0f1f 8400 | 3c50 0052 | e927 c0ff | ff48 895c | 2478 4889 | 4c24 704c | 894c 2468 | 4889 7424 
  0x000002989644876c: 6044 8b54 | 2428 4489 | 5424 5844 | 8974 2454 | 4489 4424 | 504c 8b54 | 2420 4c89 | 5424 484c 
  0x000002989644878c: 896c 2428 | 4c8b 5424 | 304c 8954 

  0x0000029896448798: ;   {metadata({type array byte})}
  0x0000029896448798: 2420 48ba | 780a 0400 | 0100 0000 

  0x00000298964487a4: ;   {runtime_call _new_array_nozero_Java}
  0x00000298964487a4: c5f8 77e8 

  0x00000298964487a8: ; ImmutableOopMap {[32]=Oop [40]=Oop [56]=Oop [72]=Oop [84]=NarrowOop [88]=NarrowOop [96]=Oop [136]=Oop [104]=Derived_oop_[136] }
                      ;*newarray {reexecute=0 rethrow=0 return_oop=1}
                      ; - java.util.Arrays::copyOfRangeByte@10
                      ; - java.util.Arrays::copyOfRange@13
                      ; - java.lang.StringLatin1::newString@16
                      ; - java.lang.String::substring@41
                      ; - java.net.URLClassLoader::defineClass@28
  0x00000298964487a8: d4b9 30ff 

  0x00000298964487ac: ;   {other}
  0x00000298964487ac: 0f1f 8400 | 9c50 0053 | 4c8b 5c24 | 204c 895c | 2430 4c8b | 6c24 284c | 8b5c 2448 | 4c89 5c24 
  0x00000298964487cc: 2044 8b44 | 2450 448b | 7424 5444 | 8b5c 2458 | 4489 5c24 | 2848 8b74 | 2460 4c8b | 4c24 6848 
  0x00000298964487ec: 8b4c 2470 | 488b 5c24 | 784c 8bd8 | e9ca bcff | ff48 89bc | 2480 0000 | 004c 8954 | 2478 4c89 
  0x000002989644880c: 4c24 7048 | 895c 2468 | 4489 5c24 | 4844 8974 | 243c 4c8b | 5424 604c | 8954 2440 | 4889 7424 
  0x000002989644882c: ;   {metadata({type array byte})}
  0x000002989644882c: 3048 ba78 | 0a04 0001 | 0000 0044 | 8b44 2448 

  0x000002989644883c: ;   {runtime_call _new_array_nozero_Java}
  0x000002989644883c: c5f8 77e8 

  0x0000029896448840: ; ImmutableOopMap {[32]=Oop [40]=Oop [48]=Oop [60]=NarrowOop [64]=Oop [80]=Oop [104]=Oop [152]=Oop [112]=Derived_oop_[152] }
                      ;*newarray {reexecute=0 rethrow=0 return_oop=1}
                      ; - java.util.Arrays::copyOfRangeByte@10
                      ; - java.util.Arrays::copyOfRange@13
                      ; - java.lang.StringLatin1::newString@16
                      ; - java.lang.String::substring@41
                      ; - java.lang.ClassLoader::checkCerts@21
                      ; - java.lang.ClassLoader::preDefineClass@113
                      ; - java.lang.ClassLoader::defineClass@4
                      ; - java.security.SecureClassLoader::defineClass@12
                      ; - java.net.URLClassLoader::defineClass@220
  0x0000029896448840: 3cb9 30ff 

  0x0000029896448844: ;   {other}
  0x0000029896448844: 0f1f 8400 | 3451 0054 | 488b 7424 | 304c 8b54 | 2440 4c89 | 5424 6044 | 8b54 243c | 458b f244 
  0x0000029896448864: 8b5c 2448 | 488b 5c24 | 684c 8b4c | 2470 4c8b | 5424 7848 | 8bbc 2480 | 0000 004c | 8be8 e90f 
  0x0000029896448884: d1ff ff44 | 8954 2438 | 4489 5c24 | 2c89 4c24 | 2848 8b6c 

  0x0000029896448898: ;   {metadata('java/lang/String')}
  0x0000029896448898: 2420 48ba | a01f 0400 | 0100 0000 

  0x00000298964488a4: ;   {runtime_call _new_instance_Java}
  0x00000298964488a4: c5f8 77e8 

  0x00000298964488a8: ; ImmutableOopMap {rbp=Oop [44]=NarrowOop [48]=Oop [64]=Oop }
                      ;*new {reexecute=0 rethrow=0 return_oop=1}
                      ; - java.lang.StringLatin1::newString@7
                      ; - java.lang.String::substring@41
                      ; - java.lang.Class::getPackageName@62
                      ; - java.lang.ClassLoader::postDefineClass@2
                      ; - java.lang.ClassLoader::defineClass@37
                      ; - java.security.SecureClassLoader::defineClass@12
                      ; - java.net.URLClassLoader::defineClass@220
  0x00000298964488a8: 54bf 30ff 

  0x00000298964488ac: ;   {other}
  0x00000298964488ac: 0f1f 8400 | 9c51 0055 | 4889 6c24 | 208b 4c24 | 2844 8b5c | 242c 448b | 5424 3848 | 8bd8 e985 
  0x00000298964488cc: d3ff ff48 | 8b4c 2420 | 4889 6c24 | 2048 8b5c | 2430 448b | 4c24 38e9 | 15d8 ffff | 4c8b 5424 
  0x00000298964488ec: 204c 8954 | 2430 4c8b | 6c24 284c | 8b54 2448 | 448b 7424 | 5044 8b5c | 2454 4489 | 5c24 2848 
  0x000002989644890c: 8b7c 2458 | 488b 7424 | 604c 8954 | 2420 e985 | e4ff ff4c | 895c 2468 | 4c89 4c24 | 6048 8974 
  0x000002989644892c: 2458 448b | da44 8954 | 2450 4489 | 7424 2c4c | 896c 2448 

  0x0000029896448940: ;   {metadata({type array byte})}
  0x0000029896448940: 48ba 780a | 0400 0100 | 0000 458b | c366 6690 

  0x0000029896448950: ;   {runtime_call _new_array_nozero_Java}
  0x0000029896448950: c5f8 77e8 

  0x0000029896448954: ; ImmutableOopMap {rbp=Oop [96]=Derived_oop_rbp [32]=Oop [40]=NarrowOop [44]=NarrowOop [48]=Oop [56]=Oop [72]=Oop [80]=NarrowOop [88]=Oop }
                      ;*invokevirtual clone {reexecute=1 rethrow=0 return_oop=1}
                      ; - (reexecute) java.util.Arrays::copyOfRange@18
                      ; - java.lang.StringLatin1::newString@16
                      ; - java.lang.String::substring@41
                      ; - java.net.URLClassLoader::defineClass@28
  0x0000029896448954: 28b8 30ff 

  0x0000029896448958: ;   {other}
  0x0000029896448958: 0f1f 8400 | 4852 0056 | 488b d8e9 | 79ba ffff | 4c89 5c24 | 704c 894c | 2468 4889 | 5c24 4844 
  0x0000029896448978: 8944 2440 | 4489 7424 | 3c4c 8b54 | 2460 4c89 | 5424 3048 

  0x000002989644898c: ;   {metadata({type array byte})}
  0x000002989644898c: 8bee 48ba | 780a 0400 | 0100 0000 | 448b c190 

  0x000002989644899c: ;   {runtime_call _new_array_nozero_Java}
  0x000002989644899c: c5f8 77e8 

  0x00000298964489a0: ; ImmutableOopMap {rbp=Oop [32]=Oop [40]=Oop [48]=Oop [60]=NarrowOop [64]=NarrowOop [72]=Oop [80]=Oop [152]=Oop [104]=Derived_oop_[152] }
                      ;*invokevirtual clone {reexecute=1 rethrow=0 return_oop=1}
                      ; - (reexecute) java.util.Arrays::copyOfRange@18
                      ; - java.lang.StringLatin1::newString@16
                      ; - java.lang.String::substring@41
                      ; - java.lang.ClassLoader::checkCerts@21
                      ; - java.lang.ClassLoader::preDefineClass@113
                      ; - java.lang.ClassLoader::defineClass@4
                      ; - java.security.SecureClassLoader::defineClass@12
                      ; - java.net.URLClassLoader::defineClass@220
  0x00000298964489a0: dcb7 30ff 

  0x00000298964489a4: ;   {other}
  0x00000298964489a4: 0f1f 8400 | 9452 0057 | 488b f54c | 8b5c 2430 | 4c89 5c24 | 6044 8b5c | 243c 458b | f348 8b5c 
  0x00000298964489c4: 2448 4c8b | 4c24 684c | 8b5c 2470 | 488b f8e9 | f2ce ffff | 895c 2470 | 4889 7424 | 6848 897c 
  0x00000298964489e4: 2460 4889 | 4c24 584c | 894c 2450 | 4489 7424 | 2c4c 896c | 2448 6690 

  0x00000298964489fc: ;   {static_call}
  0x00000298964489fc: c5f8 77e8 

  0x0000029896448a00: ; ImmutableOopMap {rbp=Oop [32]=Oop [40]=NarrowOop [44]=NarrowOop [48]=Oop [56]=Oop [72]=Oop [80]=Oop [96]=Oop [104]=Oop [112]=NarrowOop }
                      ;*invokestatic hashCode {reexecute=0 rethrow=0 return_oop=0}
                      ; - java.lang.String::hashCode@37
                      ; - java.util.concurrent.ConcurrentHashMap::get@1
                      ; - java.lang.ClassLoader::definePackage@47
                      ; - java.lang.ClassLoader::getDefinedPackage@32
                      ; - java.net.URLClassLoader::getAndVerifyPackage@2
                      ; - java.net.URLClassLoader::defineClass@46
  0x0000029896448a00: 7c6e 23ff 

  0x0000029896448a04: ;   {other}
  0x0000029896448a04: 0f1f 8400 | f452 0058 | e947 c0ff | ff44 894c | 2430 4889 | 5c24 2848 

  0x0000029896448a1c: ;   {metadata('java/lang/NamedPackage')}
  0x0000029896448a1c: 8be9 48ba | e82d 0900 | 0100 0000 

  0x0000029896448a28: ;   {runtime_call _new_instance_Java}
  0x0000029896448a28: c5f8 77e8 

  0x0000029896448a2c: ; ImmutableOopMap {rbp=Oop [32]=Oop [40]=Oop [48]=NarrowOop [64]=Oop }
                      ;*new {reexecute=0 rethrow=0 return_oop=1}
                      ; - java.lang.ClassLoader::getNamedPackage@16
                      ; - java.lang.ClassLoader::postDefineClass@9
                      ; - java.lang.ClassLoader::defineClass@37
                      ; - java.security.SecureClassLoader::defineClass@12
                      ; - java.net.URLClassLoader::defineClass@220
  0x0000029896448a2c: d0bd 30ff 

  0x0000029896448a30: ;   {other}
  0x0000029896448a30: 0f1f 8400 | 2053 0059 | 488b cd48 | 8b5c 2428 | 448b 4c24 | 30e9 ffd6 | ffff 4c89 | 4424 6048 
  0x0000029896448a50: 8954 2450 | 4c89 4c24 | 4848 895c | 2438 894c 

  0x0000029896448a60: ;   {metadata({type array byte})}
  0x0000029896448a60: 2428 48ba | 780a 0400 | 0100 0000 | 448b c190 

  0x0000029896448a70: ;   {runtime_call _new_array_nozero_Java}
  0x0000029896448a70: c5f8 77e8 

  0x0000029896448a74: ; ImmutableOopMap {[32]=Oop [48]=Oop [56]=Oop [64]=Oop [136]=Oop [72]=Derived_oop_[136] }
                      ;*newarray {reexecute=0 rethrow=0 return_oop=1}
                      ; - java.util.Arrays::copyOfRangeByte@10
                      ; - java.util.Arrays::copyOfRange@13
                      ; - java.lang.StringLatin1::newString@16
                      ; - java.lang.String::substring@41
                      ; - java.lang.Class::getPackageName@62
                      ; - java.lang.ClassLoader::postDefineClass@2
                      ; - java.lang.ClassLoader::defineClass@37
                      ; - java.security.SecureClassLoader::defineClass@12
                      ; - java.net.URLClassLoader::defineClass@220
  0x0000029896448a74: 08b7 30ff 

  0x0000029896448a78: ;   {other}
  0x0000029896448a78: 0f1f 8400 | 6853 005a | 8b4c 2428 | 488b 5c24 | 384c 8b4c | 2448 488b | 5424 504c | 8b44 2460 
  0x0000029896448a98: 488b f0e9 | fad2 ffff | bae4 ffff | ff44 8944 | 2424 6690 

  0x0000029896448aac: ;   {runtime_call UncommonTrapBlob}
  0x0000029896448aac: c5f8 77e8 

  0x0000029896448ab0: ; ImmutableOopMap {rbp=NarrowOop [40]=Oop [48]=Oop [56]=Oop }
                      ;*baload {reexecute=0 rethrow=0 return_oop=0}
                      ; - java.lang.StringLatin1::lastIndexOf@24
                      ; - java.lang.String::lastIndexOf@13
                      ; - java.lang.String::lastIndexOf@8
                      ; - java.net.URLClassLoader::defineClass@7
  0x0000029896448ab0: 4cf2 23ff 

  0x0000029896448ab4: ;   {other}
  0x0000029896448ab4: 0f1f 8400 | a453 005b | bae4 ffff | ff48 8b6c | 2420 4889 | 7424 4844 | 8974 243c | 4489 5424 
  0x0000029896448ad4: 5844 895c | 245c 6690 

  0x0000029896448adc: ;   {runtime_call UncommonTrapBlob}
  0x0000029896448adc: c5f8 77e8 

  0x0000029896448ae0: ; ImmutableOopMap {rbp=Oop [40]=Oop [60]=NarrowOop [72]=Oop [88]=NarrowOop [96]=Oop }
                      ;*baload {reexecute=0 rethrow=0 return_oop=0}
                      ; - java.lang.StringLatin1::lastIndexOf@24
                      ; - java.lang.String::lastIndexOf@13
                      ; - java.lang.String::lastIndexOf@8
                      ; - java.lang.ClassLoader::checkCerts@3
                      ; - java.lang.ClassLoader::preDefineClass@113
                      ; - java.lang.ClassLoader::defineClass@4
                      ; - java.security.SecureClassLoader::defineClass@12
                      ; - java.net.URLClassLoader::defineClass@220
  0x0000029896448ae0: 1cf2 23ff 

  0x0000029896448ae4: ;   {other}
  0x0000029896448ae4: 0f1f 8400 | d453 005c | 4c8b 5424 | 204c 8954 | 2430 4c8b | 6c24 2848 | ff74 2448 | 488f 4424 
  0x0000029896448b04: 2044 8b74 | 2450 448b | 5c24 5444 | 895c 2428 | 4c8b 4c24 | 5848 8b4c | 2460 488b | 7c24 6848 
  0x0000029896448b24: 8b74 2470 | 8b5c 2478 | e980 c1ff | ff4c 8944 | 2448 488b | d541 b82e | 0000 0048 | 8b6c 2428 
  0x0000029896448b44: ;   {static_call}
  0x0000029896448b44: c5f8 77e8 

  0x0000029896448b48: ; ImmutableOopMap {rbp=Oop [40]=Oop [48]=Oop [56]=Oop [72]=Oop }
                      ;*invokestatic lastIndexOf {reexecute=0 rethrow=0 return_oop=0}
                      ; - java.lang.String::lastIndexOf@25
                      ; - java.lang.String::lastIndexOf@8
                      ; - java.net.URLClassLoader::defineClass@7
  0x0000029896448b48: 346d 23ff 

  0x0000029896448b4c: ;   {other}
  0x0000029896448b4c: 0f1f 8400 | 3c54 005d | 448b c048 | ff74 2448 | 488f 4424 | 20e9 23b7 | ffff 4489 | 7424 3c48 
  0x0000029896448b6c: 8bee 498b | d241 b82e | 0000 0090 

  0x0000029896448b78: ;   {static_call}
  0x0000029896448b78: c5f8 77e8 

  0x0000029896448b7c: ; ImmutableOopMap {rbp=Oop [32]=Oop [40]=Oop [60]=NarrowOop [80]=Oop [96]=Oop }
                      ;*invokestatic lastIndexOf {reexecute=0 rethrow=0 return_oop=0}
                      ; - java.lang.String::lastIndexOf@25
                      ; - java.lang.String::lastIndexOf@8
                      ; - java.lang.ClassLoader::checkCerts@3
                      ; - java.lang.ClassLoader::preDefineClass@113
                      ; - java.lang.ClassLoader::defineClass@4
                      ; - java.security.SecureClassLoader::defineClass@12
                      ; - java.net.URLClassLoader::defineClass@220
  0x0000029896448b7c: 006d 23ff 

  0x0000029896448b80: ;   {other}
  0x0000029896448b80: 0f1f 8400 | 7054 005e | 488b f544 | 8b5c 243c | 458b f344 | 8bd8 e91d | ccff ff89 | 5c24 7848 
  0x0000029896448ba0: 8974 2470 | 4889 7c24 | 6848 894c | 2460 4c89 | 4c24 5844 | 8b5c 2428 | 4489 5c24 | 5444 8974 
  0x0000029896448bc0: 2450 48ff | 7424 2048 | 8f44 2448 | 4c89 6c24 | 284c 8b54 | 2430 4c89 

  0x0000029896448bd8: ;   {metadata('java/lang/ClassLoader$$Lambda+0x0000000100156dc0')}
  0x0000029896448bd8: 5424 2048 | bac0 6d15 | 0001 0000 | 0066 6690 

  0x0000029896448be8: ;   {runtime_call _new_instance_Java}
  0x0000029896448be8: c5f8 77e8 

  0x0000029896448bec: ; ImmutableOopMap {rbp=NarrowOop [32]=Oop [40]=Oop [56]=Oop [72]=Oop [80]=NarrowOop [84]=NarrowOop [88]=Oop [104]=Oop [112]=Oop [120]=NarrowOop }
                      ;*invokevirtual allocateInstance {reexecute=0 rethrow=0 return_oop=1}
                      ; - java.lang.invoke.DirectMethodHandle::allocateInstance@12
                      ; - java.lang.invoke.DirectMethodHandle$Holder::newInvokeSpecial@1
                      ; - java.lang.invoke.Invokers$Holder::linkToTargetMethod@6
                      ; - java.lang.ClassLoader::definePackage@73
                      ; - java.lang.ClassLoader::getDefinedPackage@32
                      ; - java.net.URLClassLoader::getAndVerifyPackage@2
                      ; - java.net.URLClassLoader::defineClass@46
  0x0000029896448bec: 10bc 30ff 

  0x0000029896448bf0: ;   {other}
  0x0000029896448bf0: 0f1f 8400 | e054 005f | 4c8b 5424 | 204c 8954 | 2430 4c8b | 6c24 2848 | ff74 2448 | 488f 4424 
  0x0000029896448c10: 2044 8b74 | 2450 448b | 5424 5444 | 8954 2428 | 4c8b 4c24 | 5848 8b4c | 2460 488b | 7c24 6848 
  0x0000029896448c30: 8b74 2470 | 8b5c 2478 | 4c8b d0e9 | bec0 ffff | 4889 7424 | 504c 894c | 2448 4889 | 5c24 3844 
  0x0000029896448c50: 895c 2428 | 488b 6c24 

  0x0000029896448c58: ;   {metadata({type array byte})}
  0x0000029896448c58: 2048 ba78 | 0a04 0001 | 0000 0045 | 8bc2 6690 

  0x0000029896448c68: ;   {runtime_call _new_array_nozero_Java}
  0x0000029896448c68: c5f8 77e8 

  0x0000029896448c6c: ; ImmutableOopMap {rbp=Oop [40]=NarrowOop [48]=Oop [56]=Oop [64]=Oop [136]=Oop [72]=Derived_oop_[136] }
                      ;*invokevirtual clone {reexecute=1 rethrow=0 return_oop=1}
                      ; - (reexecute) java.util.Arrays::copyOfRange@18
                      ; - java.lang.StringLatin1::newString@16
                      ; - java.lang.String::substring@41
                      ; - java.lang.Class::getPackageName@62
                      ; - java.lang.ClassLoader::postDefineClass@2
                      ; - java.lang.ClassLoader::defineClass@37
                      ; - java.security.SecureClassLoader::defineClass@12
                      ; - java.net.URLClassLoader::defineClass@220
  0x0000029896448c6c: 10b5 30ff 

  0x0000029896448c70: ;   {other}
  0x0000029896448c70: 0f1f 8400 | 6055 0060 | 4889 6c24 | 2048 8b5c | 2438 4c8b | 4c24 4848 | 8b74 2450 | 488b f8e9 
  0x0000029896448c90: 3fd0 ffff | bae4 ffff | ff89 4c24 | 5c66 6690 

  0x0000029896448ca0: ;   {runtime_call UncommonTrapBlob}
  0x0000029896448ca0: c5f8 77e8 

  0x0000029896448ca4: ; ImmutableOopMap {rbp=NarrowOop [32]=Oop [40]=Oop [48]=Oop [64]=Oop }
                      ;*baload {reexecute=0 rethrow=0 return_oop=0}
                      ; - java.lang.StringLatin1::lastIndexOf@24
                      ; - java.lang.String::lastIndexOf@13
                      ; - java.lang.String::lastIndexOf@8
                      ; - java.lang.Class::getPackageName@47
                      ; - java.lang.ClassLoader::postDefineClass@2
                      ; - java.lang.ClassLoader::defineClass@37
                      ; - java.security.SecureClassLoader::defineClass@12
                      ; - java.net.URLClassLoader::defineClass@220
  0x0000029896448ca4: 58f0 23ff 

  0x0000029896448ca8: ;   {other}
  0x0000029896448ca8: 0f1f 8400 | 9855 0061 | 488b d541 | b82e 0000 | 0048 8b6c | 2420 6690 

  0x0000029896448cc0: ;   {static_call}
  0x0000029896448cc0: c5f8 77e8 

  0x0000029896448cc4: ; ImmutableOopMap {rbp=Oop [32]=Oop [40]=Oop [48]=Oop [64]=Oop [80]=Oop }
                      ;*invokestatic lastIndexOf {reexecute=0 rethrow=0 return_oop=0}
                      ; - java.lang.String::lastIndexOf@25
                      ; - java.lang.String::lastIndexOf@8
                      ; - java.lang.Class::getPackageName@47
                      ; - java.lang.ClassLoader::postDefineClass@2
                      ; - java.lang.ClassLoader::defineClass@37
                      ; - java.security.SecureClassLoader::defineClass@12
                      ; - java.net.URLClassLoader::defineClass@220
  0x0000029896448cc4: b86b 23ff 

  0x0000029896448cc8: ;   {other}
  0x0000029896448cc8: 0f1f 8400 | b855 0062 | 8bc8 e9e3 | ceff ff41 | 8bc9 412b | c84c 895c | 2478 e9de | ddff ff44 
  0x0000029896448ce8: 8944 2474 | 418b ea48 | 8b54 2468 | 4c8b 4424 | 7844 8b4c | 2474 8bf9 | 6690 c5f8 | 7748 b8ff 
  0x0000029896448d08: ffff ffff 

  0x0000029896448d0c: ;   {virtual_call}
  0x0000029896448d0c: ffff ffe8 

  0x0000029896448d10: ; ImmutableOopMap {[32]=Oop [40]=NarrowOop [44]=NarrowOop [48]=Oop [56]=Oop [72]=Oop [80]=Oop [96]=Oop [104]=Oop [120]=Oop }
                      ;*invokevirtual read {reexecute=0 rethrow=0 return_oop=0}
                      ; - jdk.internal.loader.Resource::getBytes@117
                      ; - java.net.URLClassLoader::defineClass@179
  0x0000029896448d10: 6c66 23ff 

  0x0000029896448d14: ;   {other}
  0x0000029896448d14: 0f1f 8400 | 0456 0063 | 448b d8e9 | efdd ffff | 4489 5424 | 2048 8b54 | 2468 c5f8 | 7748 b848 
  0x0000029896448d34: 0107 0001 

  0x0000029896448d38: ;   {virtual_call}
  0x0000029896448d38: 0000 00e8 

  0x0000029896448d3c: ; ImmutableOopMap {rbp=Oop [40]=NarrowOop [44]=NarrowOop [48]=Oop [56]=Oop [72]=Oop [80]=Oop [96]=Oop }
                      ;*invokevirtual close {reexecute=0 rethrow=0 return_oop=0}
                      ; - jdk.internal.loader.Resource::getBytes@183
                      ; - java.net.URLClassLoader::defineClass@179
  0x0000029896448d3c: e06a 77f8 

  0x0000029896448d40: ;   {other}
  0x0000029896448d40: 0f1f 8400 | 3056 0064 | e927 deff | ff4c 63c5 | 4d8d 5810 | 4d8b cb49 | 83e1 f848 | 8bfb 4903 
  0x0000029896448d60: f949 c1eb | 034c 8bc9 | 4d2b cb49 | 8bc9 4833 | c048 83f9 | 087f 1048 | ffc9 7856 | 4889 04cf 
  0x0000029896448d80: 48ff c97d | f7eb 4bc5 | fdef c0e9 | 0d00 0000 | c5fe 7f07 | c5fe 7f47 | 2048 83c7 | 4048 83e9 
  0x0000029896448da0: 087d ed48 | 83c1 047c | 0cc5 fe7f | 0748 83c7 | 2048 83e9 | 0448 83c1 | 047e 1748 | c7c0 ffff 
  0x0000029896448dc0: ffff c4e2 | f0f5 c0c4 | e1fb 92f8 | 62f1 fe2f | 7f07 4983 | f820 7730 | 4c63 dd49 | b8ff ffff 
  0x0000029896448de0: ffff ffff | ffc4 42a0 | f5c0 c4c1 | fb92 f84c | 8b9c 2488 | 0000 0062 | d17f af6f | 0362 d17f 
  0x0000029896448e00: 2f7f 02e9 | a4dc ffff | 488b 8c24 | 8800 0000 | 498b d2c5 | f877 49ba | c04d 6695 | 9802 0000 
  0x0000029896448e20: ;   {other}
  0x0000029896448e20: 41ff d20f | 1f84 0000 | 0000 00e9 | 7cdc ffff | 4963 c3e9 | 9dc1 ffff | 4983 c2fe | 498b ca48 
  0x0000029896448e40: 8bfb 4833 | c048 83f9 | 087f 1048 | ffc9 7856 | 4889 04cf | 48ff c97d | f7eb 4bc5 | fdef c0e9 
  0x0000029896448e60: 0d00 0000 | c5fe 7f07 | c5fe 7f47 | 2048 83c7 | 4048 83e9 | 087d ed48 | 83c1 047c | 0cc5 fe7f 
  0x0000029896448e80: 0748 83c7 | 2048 83e9 | 0448 83c1 | 047e 1748 | c7c0 ffff | ffff c4e2 | f0f5 c0c4 | e1fb 92f8 
  0x0000029896448ea0: 62f1 fe2f | 7f07 e967 | c2ff ffba | ccff ffff | 488b 6c24 | 484c 8b54 | 2430 4c89 | 5424 204c 
  0x0000029896448ec0: 8b54 2460 | 4c89 5424 | 304c 8b54 | 2440 4c89 | 5424 3844 | 8b5c 242c | 4489 5c24 | 284c 8b54 
  0x0000029896448ee0: 2468 4c89 | 5424 4889 | 4c24 6890 

  0x0000029896448eec: ;   {runtime_call UncommonTrapBlob}
  0x0000029896448eec: c5f8 77e8 

  0x0000029896448ef0: ; ImmutableOopMap {rbp=Oop [32]=Oop [40]=NarrowOop [48]=Oop [72]=Oop [112]=Oop }
                      ;*newarray {reexecute=1 rethrow=0 return_oop=0}
                      ; - (reexecute) java.util.Arrays::copyOf@15
                      ; - jdk.internal.loader.Resource::getBytes@94
                      ; - jdk.internal.loader.URLClassPath$JarLoader$2::getBytes@1
                      ; - java.net.URLClassLoader::defineClass@179
  0x0000029896448ef0: 0cee 23ff 

  0x0000029896448ef4: ;   {other}
  0x0000029896448ef4: 0f1f 8400 | e457 0065 | 4963 c941 | 81f9 0000 | 1000 0f87 | 841e 0000 | 4889 8c24 | 8800 0000 
  0x0000029896448f14: 4889 5424 | 7889 9c24 | 8400 0000 | 418b f944 | 8984 2480 | 0000 0044 | 8954 2474 | 498b eb4d 
  0x0000029896448f34: 8b97 b801 | 0000 4c8d | 5917 4983 | e3f8 4d8b | ca4d 03cb | 4d3b 8fc8 | 0100 000f | 8362 1e00 
  0x0000029896448f54: 004d 898f | b801 0000 | 410f 0d89 | c000 0000 | 49c7 0201 | 0000 0041 | 0f0d 8900 

  0x0000029896448f70: ;   {metadata({type array byte})}
  0x0000029896448f70: 0100 0041 | c742 084f | 8100 2041 | 897a 0c41 | 0f0d 8940 | 0100 0041 | 0f0d 8980 | 0100 0049 
  0x0000029896448f90: 8bd2 4883 | c210 498b | da4c 8b94 | 2488 0000 | 0049 83c2 | 0749 c1ea | 0348 8b4c | 2478 4d8b 
  0x0000029896448fb0: c2c5 f877 | 49ba 8070 | 6695 9802 | 0000 41ff 

  0x0000029896448fc0: ;   {other}
  0x0000029896448fc0: d20f 1f84 | 0000 0000 | 00e9 deda | ffff ba45 | ffff ff48 | 8b6c 2448 | 48ff 7424 | 3048 8f44 
  0x0000029896448fe0: 2420 4c8b | 5424 6048 | ff74 2440 | 488f 4424 | 3844 8b5c | 242c 4489 | 5c24 284c | 8954 2440 
  0x0000029896449000: 8944 2460 

  0x0000029896449004: ;   {runtime_call UncommonTrapBlob}
  0x0000029896449004: c5f8 77e8 

  0x0000029896449008: ; ImmutableOopMap {rbp=Oop [32]=Oop [40]=NarrowOop [64]=Oop [104]=Oop [112]=Oop }
                      ;*ifge {reexecute=1 rethrow=0 return_oop=0}
                      ; - (reexecute) jdk.internal.loader.Resource::getBytes@135
                      ; - jdk.internal.loader.URLClassPath$JarLoader$2::getBytes@1
                      ; - java.net.URLClassLoader::defineClass@179
  0x0000029896449008: f4ec 23ff 

  0x000002989644900c: ;   {other}
  0x000002989644900c: 0f1f 8400 | fc58 0066 | ba45 ffff | ff48 ff74 | 2448 488f | 4424 2048 | ff74 2440 | 488f 4424 
  0x000002989644902c: 3844 8b44 | 242c 4489 | 4424 2848 | 897c 2448 | 895c 242c | 4489 4c24 | 5889 4c24 | 5c44 8954 
  0x000002989644904c: 2460 6690 

  0x0000029896449050: ;   {runtime_call UncommonTrapBlob}
  0x0000029896449050: c5f8 77e8 

  0x0000029896449054: ; ImmutableOopMap {rbp=Oop [32]=Oop [40]=NarrowOop [48]=Oop [72]=Oop [104]=Oop }
                      ;*ifge {reexecute=1 rethrow=0 return_oop=0}
                      ; - (reexecute) jdk.internal.loader.Resource::getBytes@78
                      ; - jdk.internal.loader.URLClassPath$JarLoader$2::getBytes@1
                      ; - java.net.URLClassLoader::defineClass@179
  0x0000029896449054: a8ec 23ff 

  0x0000029896449058: ;   {other}
  0x0000029896449058: 0f1f 8400 | 4859 0067 | bae4 ffff | ff48 ff74 | 2448 488f | 4424 204c | 8b54 2430 | 4c89 5424 
  0x0000029896449078: 2848 897c | 2438 4c89 | 4424 4044 | 894c 244c 

  0x0000029896449088: ;   {runtime_call UncommonTrapBlob}
  0x0000029896449088: c5f8 77e8 

  0x000002989644908c: ; ImmutableOopMap {[32]=Oop [40]=Oop [56]=Oop [76]=NarrowOop [96]=Oop }
                      ;*invokestatic checkIndex {reexecute=0 rethrow=0 return_oop=0}
                      ; - java.nio.Buffer::checkIndex@8
                      ; - java.nio.DirectLongBufferU::get@11
                      ; - jdk.internal.perf.PerfCounter::get@5
                      ; - jdk.internal.perf.PerfCounter::add@1
                      ; - jdk.internal.perf.PerfCounter::addElapsedTimeFrom@6
                      ; - java.net.URLClassLoader::defineClass@207
  0x000002989644908c: 70ec 23ff 

  0x0000029896449090: ;   {other}
  0x0000029896449090: 0f1f 8400 | 8059 0068 | baf6 ffff | ff48 8beb | 4c89 4424 | 2066 6690 

  0x00000298964490a8: ;   {runtime_call UncommonTrapBlob}
  0x00000298964490a8: c5f8 77e8 

  0x00000298964490ac: ; ImmutableOopMap {rbp=Oop [32]=Oop }
                      ;*invokevirtual putIfAbsent {reexecute=0 rethrow=0 return_oop=0}
                      ; - java.lang.ClassLoader::checkCerts@62
                      ; - java.lang.ClassLoader::preDefineClass@113
                      ; - java.lang.ClassLoader::defineClass@4
                      ; - java.security.SecureClassLoader::defineClass@12
                      ; - java.net.URLClassLoader::defineClass@220
  0x00000298964490ac: 50ec 23ff 

  0x00000298964490b0: ;   {other}
  0x00000298964490b0: 0f1f 8400 | a059 0069 | 4c89 4424 | 2048 8bef 

  0x00000298964490c0: ;   {oop(a 'jdk/internal/perf/PerfCounter'{0x00000000804ab188})}
  0x00000298964490c0: 48ba 88b1 | 4a80 0000 | 0000 4c8d | 8424 c000 | 0000 6690 

  0x00000298964490d4: ;   {runtime_call _complete_monitor_locking_Java}
  0x00000298964490d4: c5f8 77e8 

  0x00000298964490d8: ; ImmutableOopMap {rbp=Oop [40]=NarrowOop [48]=Oop [72]=Oop [80]=Oop [96]=Oop }
                      ;*synchronization entry
                      ; - jdk.internal.perf.PerfCounter::add@-1
                      ; - jdk.internal.perf.PerfCounter::addElapsedTimeFrom@6
                      ; - java.net.URLClassLoader::defineClass@207
  0x00000298964490d8: 2442 31ff 

  0x00000298964490dc: ;   {other}
  0x00000298964490dc: 0f1f 8400 | cc59 006a | 488b fd4c | 8b44 2420 | e943 c3ff | ffba ccff | ffff 48ff | 7424 4848 
  0x00000298964490fc: 8f44 2420 | 4c8b 5424 | 304c 8954 | 2428 4889 | 7c24 384c | 8944 2440 | 4489 4c24 | 4c66 6690 
  0x000002989644911c: ;   {runtime_call UncommonTrapBlob}
  0x000002989644911c: c5f8 77e8 

  0x0000029896449120: ; ImmutableOopMap {[32]=Oop [40]=Oop [56]=Oop [76]=NarrowOop [96]=Oop }
                      ;*invokestatic checkIndex {reexecute=0 rethrow=0 return_oop=0}
                      ; - java.nio.Buffer::checkIndex@8
                      ; - java.nio.DirectLongBufferU::get@11
                      ; - jdk.internal.perf.PerfCounter::get@5
                      ; - jdk.internal.perf.PerfCounter::add@1
                      ; - jdk.internal.perf.PerfCounter::addElapsedTimeFrom@6
                      ; - java.net.URLClassLoader::defineClass@207
  0x0000029896449120: dceb 23ff 

  0x0000029896449124: ;   {other}
  0x0000029896449124: 0f1f 8400 | 145a 006b 

  0x000002989644912c: ;   {oop(a 'jdk/internal/perf/PerfCounter'{0x00000000804ab188})}
  0x000002989644912c: 48b9 88b1 | 4a80 0000 | 0000 488d | 9424 c000 | 0000 4d8b | c7c5 f877 | 49ba b083 | 9d05 fd7f 
  0x000002989644914c: 0000 41ff 

  0x0000029896449150: ;   {other}
  0x0000029896449150: d20f 1f84 | 0000 0000 | 00e9 b0c3 | ffff bade | ffff ff48 | 894c 2420 | 4c8b 5424 | 304c 8954 
  0x0000029896449170: 2428 4c89 | 4c24 3044 | 8944 2438 | 4889 5c24 | 4048 897c | 2448 6690 

  0x0000029896449188: ;   {runtime_call UncommonTrapBlob}
  0x0000029896449188: c5f8 77e8 

  0x000002989644918c: ; ImmutableOopMap {rbp=NarrowOop [32]=Oop [40]=Oop [48]=Oop [64]=Oop [72]=Oop }
                      ;*invokeinterface computeIfAbsent {reexecute=0 rethrow=0 return_oop=0}
                      ; - java.security.SecureClassLoader::getProtectionDomain@28
                      ; - java.security.SecureClassLoader::defineClass@9
                      ; - java.net.URLClassLoader::defineClass@220
  0x000002989644918c: 70eb 23ff 

  0x0000029896449190: ;   {other}
  0x0000029896449190: 0f1f 8400 | 805a 006c | ba45 ffff | ff48 8b6c | 2420 6690 

  0x00000298964491a4: ;   {runtime_call UncommonTrapBlob}
  0x00000298964491a4: c5f8 77e8 

  0x00000298964491a8: ; ImmutableOopMap {rbp=Oop [40]=Oop [48]=Oop [96]=Oop }
                      ;*ifeq {reexecute=1 rethrow=0 return_oop=0}
                      ; - (reexecute) java.lang.ClassLoader::checkName@8
                      ; - java.lang.ClassLoader::preDefineClass@1
                      ; - java.lang.ClassLoader::defineClass@4
                      ; - java.security.SecureClassLoader::defineClass@12
                      ; - java.net.URLClassLoader::defineClass@220
  0x00000298964491a8: 54eb 23ff 

  0x00000298964491ac: ;   {other}
  0x00000298964491ac: 0f1f 8400 | 9c5a 006d | 488b ee49 | 8bd3 4533 | c066 6690 

  0x00000298964491c0: ;   {static_call}
  0x00000298964491c0: c5f8 77e8 

  0x00000298964491c4: ; ImmutableOopMap {rbp=Oop [32]=Oop [40]=Oop [80]=Oop [96]=Oop }
                      ;*invokestatic charAt {reexecute=0 rethrow=0 return_oop=0}
                      ; - java.lang.String::charAt@21
                      ; - java.lang.ClassLoader::checkName@25
                      ; - java.lang.ClassLoader::preDefineClass@1
                      ; - java.lang.ClassLoader::defineClass@4
                      ; - java.security.SecureClassLoader::defineClass@12
                      ; - java.net.URLClassLoader::defineClass@220
  0x00000298964491c4: b866 23ff 

  0x00000298964491c8: ;   {other}
  0x00000298964491c8: 0f1f 8400 | b85a 006e | 488b f544 | 8bd0 e942 | c5ff ffba | e4ff ffff | 4889 7424 | 4844 895c 
  0x00000298964491e8: 243c 6690 

  0x00000298964491ec: ;   {runtime_call UncommonTrapBlob}
  0x00000298964491ec: c5f8 77e8 

  0x00000298964491f0: ; ImmutableOopMap {[32]=Oop [40]=Oop [60]=NarrowOop [72]=Oop [96]=Oop }
                      ;*invokestatic checkIndex {reexecute=0 rethrow=0 return_oop=0}
                      ; - java.lang.String::checkIndex@5
                      ; - java.lang.StringLatin1::charAt@3
                      ; - java.lang.String::charAt@12
                      ; - java.lang.ClassLoader::checkName@25
                      ; - java.lang.ClassLoader::preDefineClass@1
                      ; - java.lang.ClassLoader::defineClass@4
                      ; - java.security.SecureClassLoader::defineClass@12
                      ; - java.net.URLClassLoader::defineClass@220
  0x00000298964491f0: 0ceb 23ff 

  0x00000298964491f4: ;   {other}
  0x00000298964491f4: 0f1f 8400 | e45a 006f | bade ffff | ff4c 8b5c | 2440 4c89 | 5c24 3048 | 894c 2438 | 4489 4c24 
  0x0000029896449214: 4844 8954 | 244c 4889 | 5c24 5090 

  0x0000029896449220: ;   {runtime_call UncommonTrapBlob}
  0x0000029896449220: c5f8 77e8 

  0x0000029896449224: ; ImmutableOopMap {[32]=Oop [48]=Oop [56]=Oop [72]=NarrowOop [76]=NarrowOop [80]=Oop }
                      ;*invokevirtual get {reexecute=0 rethrow=0 return_oop=0}
                      ; - java.lang.ClassLoader::getNamedPackage@5
                      ; - java.lang.ClassLoader::postDefineClass@9
                      ; - java.lang.ClassLoader::defineClass@37
                      ; - java.security.SecureClassLoader::defineClass@12
                      ; - java.net.URLClassLoader::defineClass@220
  0x0000029896449224: d8ea 23ff 

  0x0000029896449228: ;   {other}
  0x0000029896449228: 0f1f 8400 | 185b 0070 | bade ffff | ff4c 8b54 | 2430 4c89 | 5424 284c | 8b54 2438 | 4c89 5424 
  0x0000029896449248: 304c 8b54 | 2440 4c89 | 5424 384c | 896c 2458 | 4889 7424 | 6844 8974 | 2444 4c89 | 6c24 7090 
  0x0000029896449268: ;   {runtime_call UncommonTrapBlob}
  0x0000029896449268: c5f8 77e8 

  0x000002989644926c: ; ImmutableOopMap {rbp=NarrowOop [40]=Oop [48]=Oop [68]=NarrowOop [88]=Oop [104]=Oop [112]=Oop [176]=Oop }
                      ;*invokevirtual get {reexecute=0 rethrow=0 return_oop=0}
                      ; - java.lang.ClassLoader::getDefinedPackage@13
                      ; - java.net.URLClassLoader::getAndVerifyPackage@2
                      ; - java.net.URLClassLoader::defineClass@46
  0x000002989644926c: 90ea 23ff 

  0x0000029896449270: ;   {other}
  0x0000029896449270: 0f1f 8400 | 605b 0071 | bade ffff | ff49 8bed | 4c8b 4c24 | 304c 894c | 2420 4c8b | 4c24 404c 
  0x0000029896449290: 894c 2430 | 4489 7424 | 384c 8954 | 2448 4489 | 4424 3c44 | 895c 2450 

  0x00000298964492a8: ;   {runtime_call UncommonTrapBlob}
  0x00000298964492a8: c5f8 77e8 

  0x00000298964492ac: ; ImmutableOopMap {rbp=Oop [32]=Oop [56]=NarrowOop [60]=NarrowOop [72]=Oop [80]=NarrowOop [176]=Oop }
                      ;*invokeinterface ensureInitialization {reexecute=0 rethrow=0 return_oop=0}
                      ; - jdk.internal.loader.URLClassPath$JarLoader$2::getManifest@10
                      ; - java.net.URLClassLoader::defineClass@34
  0x00000298964492ac: 50ea 23ff 

  0x00000298964492b0: ;   {other}
  0x00000298964492b0: 0f1f 8400 | a05b 0072 | 4889 4c24 | 6844 894c | 2464 4489 | 5c24 604c | 8954 2458 | 448b 5424 
  0x00000298964492d0: 2844 8954 | 2454 4489 | 7424 5048 | ff74 2420 | 488f 4424 | 484c 8b54 | 2438 4c89 | 5424 284c 
  0x00000298964492f0: 896c 2420 | 488b 6c24 | 3048 8bd1 | 4c8d 8424 | c000 0000 | 4c8b 5424 | 584c 8954 | 2430 6690 
  0x0000029896449310: ;   {runtime_call _complete_monitor_locking_Java}
  0x0000029896449310: c5f8 77e8 

  0x0000029896449314: ; ImmutableOopMap {rbp=Oop [32]=Oop [40]=Oop [48]=Oop [72]=Oop [80]=NarrowOop [84]=NarrowOop [88]=Oop [96]=NarrowOop [104]=Oop [176]=Oop }
                      ;*synchronization entry
                      ; - java.util.jar.JarFile::ensureInitialization@-1
                      ; - java.util.jar.JavaUtilJarAccessImpl::ensureInitialization@1
                      ; - jdk.internal.loader.URLClassPath$JarLoader$2::getManifest@10
                      ; - java.net.URLClassLoader::defineClass@34
  0x0000029896449314: e83f 31ff 

  0x0000029896449318: ;   {other}
  0x0000029896449318: 0f1f 8400 | 085c 0073 | 4889 6c24 | 304c 8b6c | 2420 4c8b | 5424 284c | 8954 2438 | 448b 7424 
  0x0000029896449338: 5044 8b54 | 2454 4489 | 5424 284c | 8b54 2458 | 448b 5c24 | 6044 8b4c | 2464 488b | 4c24 6848 
  0x0000029896449358: ff74 2448 | 488f 4424 | 20e9 a4b2 | ffff 4c89 | 5424 4848 | 8d94 24c0 | 0000 004d | 8bc7 c5f8 
  0x0000029896449378: 7749 bab0 | 839d 05fd | 7f00 0041 

  0x0000029896449384: ;   {other}
  0x0000029896449384: ffd2 0f1f | 8400 0000 | 0000 4c8b | 5424 48e9 | 2ab3 ffff | bade ffff | ff4c 896c | 2420 4c8b 
  0x00000298964493a4: 5c24 304c | 895c 2428 | 4c89 5424 | 304c 8b54 | 2440 4c89 | 5424 3844 | 8974 2440 

  0x00000298964493c0: ;   {runtime_call UncommonTrapBlob}
  0x00000298964493c0: c5f8 77e8 

  0x00000298964493c4: ; ImmutableOopMap {rbp=NarrowOop [32]=Oop [40]=Oop [48]=Oop [64]=NarrowOop [176]=Oop }
                      ;*invokevirtual getManifest {reexecute=0 rethrow=0 return_oop=0}
                      ; - jdk.internal.loader.URLClassPath$JarLoader$2::getManifest@22
                      ; - java.net.URLClassLoader::defineClass@34
  0x00000298964493c4: 38e9 23ff 

  0x00000298964493c8: ;   {other}
  0x00000298964493c8: 0f1f 8400 | b85c 0074 | bade ffff | ff4c 8b54 | 2440 4c89 | 5424 3890 

  0x00000298964493e0: ;   {runtime_call UncommonTrapBlob}
  0x00000298964493e0: c5f8 77e8 

  0x00000298964493e4: ; ImmutableOopMap {rbp=NarrowOop [44]=NarrowOop [48]=Oop [72]=Oop [96]=Oop }
                      ;*invokevirtual getCodeSigners {reexecute=0 rethrow=0 return_oop=0}
                      ; - jdk.internal.loader.URLClassPath$JarLoader$2::getCodeSigners@4
                      ; - java.net.URLClassLoader::defineClass@185
  0x00000298964493e4: 18e9 23ff 

  0x00000298964493e8: ;   {other}
  0x00000298964493e8: 0f1f 8400 | d85c 0075 | bace ffff | ff48 8974 | 2448 4889 | 7424 5844 | 8954 243c 

  0x0000029896449404: ;   {runtime_call UncommonTrapBlob}
  0x0000029896449404: c5f8 77e8 

  0x0000029896449408: ; ImmutableOopMap {rbp=NarrowOop [32]=Oop [40]=Oop [72]=Oop [88]=Oop [96]=Oop }
                      ;*invokestatic indexOfChar {reexecute=0 rethrow=0 return_oop=0}
                      ; - java.lang.StringLatin1::indexOf@33
                      ; - java.lang.String::indexOf@17
                      ; - java.lang.String::indexOf@3
                      ; - java.lang.ClassLoader::checkName@16
                      ; - java.lang.ClassLoader::preDefineClass@1
                      ; - java.lang.ClassLoader::defineClass@4
                      ; - java.security.SecureClassLoader::defineClass@12
                      ; - java.net.URLClassLoader::defineClass@220
  0x0000029896449408: f4e8 23ff 

  0x000002989644940c: ;   {other}
  0x000002989644940c: 0f1f 8400 | fc5c 0076 | bae4 ffff | ff48 ff74 | 2448 488f | 4424 3844 | 8b5c 242c | 4489 5c24 
  0x000002989644942c: 2848 ff74 | 2460 488f | 4424 5844 | 8954 2460 

  0x000002989644943c: ;   {runtime_call UncommonTrapBlob}
  0x000002989644943c: c5f8 77e8 

  0x0000029896449440: ; ImmutableOopMap {[32]=Oop [40]=NarrowOop [48]=Oop [56]=Oop [88]=Oop }
                      ;*invokestatic checkIndex {reexecute=0 rethrow=0 return_oop=0}
                      ; - java.util.zip.CRC32::updateBytesCheck@30
                      ; - java.util.zip.CRC32::updateBytes@3
                      ; - java.util.zip.CRC32::update@31
                      ; - java.util.zip.Checksum::update@5
                      ; - jdk.internal.loader.URLClassPath$JarLoader$2::getBytes@15
                      ; - java.net.URLClassLoader::defineClass@179
  0x0000029896449440: bce8 23ff 

  0x0000029896449444: ;   {other}
  0x0000029896449444: 0f1f 8400 | 345d 0077 | bae4 ffff | ff48 8b6c | 2420 4889 | 7424 4044 | 8954 2450 

  0x0000029896449460: ;   {runtime_call UncommonTrapBlob}
  0x0000029896449460: c5f8 77e8 

  0x0000029896449464: ; ImmutableOopMap {rbp=Oop [40]=Oop [64]=Oop [80]=NarrowOop [96]=Oop }
                      ;*baload {reexecute=0 rethrow=0 return_oop=0}
                      ; - jdk.internal.util.ArraysSupport::mismatch@82
                      ; - java.lang.String::startsWith@70
                      ; - java.lang.String::startsWith@3
                      ; - java.lang.ClassLoader::preDefineClass@43
                      ; - java.lang.ClassLoader::defineClass@4
                      ; - java.security.SecureClassLoader::defineClass@12
                      ; - java.net.URLClassLoader::defineClass@220
  0x0000029896449464: 98e8 23ff 

  0x0000029896449468: ;   {other}
  0x0000029896449468: 0f1f 8400 | 585d 0078 | 448b 5424 

  0x0000029896449474: ;   {metadata('java/util/jar/JarFile')}
  0x0000029896449474: 6441 81fa | ee00 0120 | 0f85 6b1a | 0000 488b | 5424 6890 

  0x0000029896449488: ;   {optimized virtual_call}
  0x0000029896449488: c5f8 77e8 

  0x000002989644948c: ; ImmutableOopMap {rbp=Oop [32]=Oop [40]=Oop [48]=Oop [56]=Oop [72]=Oop [80]=NarrowOop [84]=NarrowOop [88]=Oop [96]=NarrowOop [104]=Oop [176]=Oop }
                      ;*invokevirtual getManifest {reexecute=0 rethrow=0 return_oop=1}
                      ; - java.util.jar.JarFile::maybeInstantiateVerifier@31
                      ; - java.util.jar.JarFile::ensureInitialization@1
                      ; - java.util.jar.JavaUtilJarAccessImpl::ensureInitialization@1
                      ; - jdk.internal.loader.URLClassPath$JarLoader$2::getManifest@10
                      ; - java.net.URLClassLoader::defineClass@34
  0x000002989644948c: f059 23ff 

  0x0000029896449490: ;   {other}
  0x0000029896449490: 0f1f 8400 | 805d 0079 | 4c8b 5424 | 204c 8954 | 2430 4c8b | ed4c 8b44 | 2448 448b | 7424 5044 
  0x00000298964494b0: 8b5c 2454 | 4489 5c24 | 284c 8b54 | 2458 448b | 5c24 6048 | 8b4c 2468 | 4c89 4424 | 20e9 4bb1 
  0x00000298964494d0: ffff 448b | 5c24 3845 

  0x00000298964494d8: ;   {metadata('java/util/jar/JarFile')}
  0x00000298964494d8: 8b53 0841 | 81fa ee00 | 0120 0f85 | 481a 0000 | 498b d090 

  0x00000298964494ec: ;   {optimized virtual_call}
  0x00000298964494ec: c5f8 77e8 

  0x00000298964494f0: ; ImmutableOopMap {rbp=Oop [32]=Oop [40]=NarrowOop [44]=NarrowOop [48]=Oop [72]=Oop [80]=Oop [96]=Oop }
                      ;*invokevirtual getManifest {reexecute=0 rethrow=0 return_oop=1}
                      ; - java.util.jar.JarFile::maybeInstantiateVerifier@31
                      ; - java.util.jar.JarFile$JarFileEntry::getCodeSigners@4
                      ; - jdk.internal.loader.URLClassPath$JarLoader$2::getCodeSigners@4
                      ; - java.net.URLClassLoader::defineClass@185
  0x00000298964494f0: 8c59 23ff 

  0x00000298964494f4: ;   {other}
  0x00000298964494f4: 0f1f 8400 | e45d 007a | 4c8b 5424 | 20e9 9cbd | ffff bade | ffff ff90 

  0x000002989644950c: ;   {runtime_call UncommonTrapBlob}
  0x000002989644950c: c5f8 77e8 

  0x0000029896449510: ; ImmutableOopMap {rbp=NarrowOop }
                      ;*checkcast {reexecute=0 rethrow=0 return_oop=0}
                      ; - java.lang.ClassLoader::getNamedPackage@8
                      ; - java.lang.ClassLoader::postDefineClass@9
                      ; - java.lang.ClassLoader::defineClass@37
                      ; - java.security.SecureClassLoader::defineClass@12
                      ; - java.net.URLClassLoader::defineClass@220
  0x0000029896449510: ece7 23ff 

  0x0000029896449514: ;   {other}
  0x0000029896449514: 0f1f 8400 | 045e 007b | ba45 ffff | ff4c 8b54 | 2430 4c89 | 5424 204c | 8b54 2438 | 4c89 5424 
  0x0000029896449534: 284c 8b54 | 2440 4c89 | 5424 304c | 896c 2450 | 4889 7c24 | 5848 8974 | 2460 4489 | 7424 3c4c 
  0x0000029896449554: 896c 2468 | 4889 7c24 | 7089 5c24 | 7866 6690 

  0x0000029896449564: ;   {runtime_call UncommonTrapBlob}
  0x0000029896449564: c5f8 77e8 

  0x0000029896449568: ; ImmutableOopMap {[32]=Oop [40]=Oop [60]=NarrowOop [80]=Oop [88]=Oop [96]=Oop [104]=Oop [112]=Oop [120]=NarrowOop }
                      ;*ifeq {reexecute=1 rethrow=0 return_oop=0}
                      ; - (reexecute) java.lang.ClassLoader::definePackage@4
                      ; - java.lang.ClassLoader::getDefinedPackage@32
                      ; - java.net.URLClassLoader::getAndVerifyPackage@2
                      ; - java.net.URLClassLoader::defineClass@46
  0x0000029896449568: 94e7 23ff 

  0x000002989644956c: ;   {other}
  0x000002989644956c: 0f1f 8400 | 5c5e 007c | bade ffff | ff4c 8b54 | 2430 4c89 | 5424 284c | 8b54 2438 | 4c89 5424 
  0x000002989644958c: 304c 8b54 | 2440 4c89 | 5424 384c | 896c 2458 | 4889 7c24 | 6048 8974 | 2468 4489 | 7424 444c 
  0x00000298964495ac: 896c 2470 | 4889 7c24 | 7889 9c24 | 8000 0000 

  0x00000298964495bc: ;   {runtime_call UncommonTrapBlob}
  0x00000298964495bc: c5f8 77e8 

  0x00000298964495c0: ; ImmutableOopMap {rbp=NarrowOop [40]=Oop [48]=Oop [68]=NarrowOop [88]=Oop [96]=Oop [104]=Oop [112]=Oop [120]=Oop [128]=NarrowOop }
                      ;*invokevirtual get {reexecute=0 rethrow=0 return_oop=0}
                      ; - java.lang.ClassLoader::definePackage@47
                      ; - java.lang.ClassLoader::getDefinedPackage@32
                      ; - java.net.URLClassLoader::getAndVerifyPackage@2
                      ; - java.net.URLClassLoader::defineClass@46
  0x00000298964495c0: 3ce7 23ff 

  0x00000298964495c4: ;   {other}
  0x00000298964495c4: 0f1f 8400 | b45e 007d | ba45 ffff | ff48 8944 | 2440 6690 

  0x00000298964495d8: ;   {runtime_call UncommonTrapBlob}
  0x00000298964495d8: c5f8 77e8 

  0x00000298964495dc: ; ImmutableOopMap {[32]=Oop [48]=Oop [64]=Oop [96]=Oop }
                      ;*ifeq {reexecute=1 rethrow=0 return_oop=0}
                      ; - (reexecute) java.lang.Class::getPackageName@13
                      ; - java.lang.ClassLoader::postDefineClass@2
                      ; - java.lang.ClassLoader::defineClass@37
                      ; - java.security.SecureClassLoader::defineClass@12
                      ; - java.net.URLClassLoader::defineClass@220
  0x00000298964495dc: 20e7 23ff 

  0x00000298964495e0: ;   {other}
  0x00000298964495e0: 0f1f 8400 | d05e 007e | 4963 c8e9 | 49ae ffff | 4883 c1fe | 498b fa48 | 33c0 4883 | f908 7f10 
  0x0000029896449600: 48ff c978 | 5648 8904 | cf48 ffc9 | 7df7 eb4b | c5fd efc0 | e90d 0000 | 00c5 fe7f | 07c5 fe7f 
  0x0000029896449620: 4720 4883 | c740 4883 | e908 7ded | 4883 c104 | 7c0c c5fe | 7f07 4883 | c720 4883 | e904 4883 
  0x0000029896449640: c104 7e17 | 48c7 c0ff | ffff ffc4 | e2f0 f5c0 | c4e1 fb92 | f862 f1fe | 2f7f 07e9 | b2ae ffff 
  0x0000029896449660: 4d63 d3e9 | a7c2 ffff | 4983 c2fe | 498b ca48 | 8bfa 4833 | c048 83f9 | 087f 1048 | ffc9 7856 
  0x0000029896449680: 4889 04cf | 48ff c97d | f7eb 4bc5 | fdef c0e9 | 0d00 0000 | c5fe 7f07 | c5fe 7f47 | 2048 83c7 
  0x00000298964496a0: 4048 83e9 | 087d ed48 | 83c1 047c | 0cc5 fe7f | 0748 83c7 | 2048 83e9 | 0448 83c1 | 047e 1748 
  0x00000298964496c0: c7c0 ffff | ffff c4e2 | f0f5 c0c4 | e1fb 92f8 | 62f1 fe2f | 7f07 e9fd | c2ff ffba 

  0x00000298964496dc: ;   {no_reloc}
  0x00000298964496dc: ccff ffff | 4489 4424 | 204c 896c | 2428 4489 | 7424 2448 | 8974 2450 | 4489 5424 | 5866 6690 
  0x00000298964496fc: ;   {runtime_call UncommonTrapBlob}
  0x00000298964496fc: c5f8 77e8 

  0x0000029896449700: ; ImmutableOopMap {[36]=NarrowOop [40]=Oop [48]=Oop [56]=Oop [80]=Oop [88]=NarrowOop }
                      ;*newarray {reexecute=1 rethrow=0 return_oop=0}
                      ; - (reexecute) java.util.Arrays::copyOfRangeByte@10
                      ; - java.util.Arrays::copyOfRange@13
                      ; - java.lang.StringLatin1::newString@16
                      ; - java.lang.String::substring@41
                      ; - java.net.URLClassLoader::defineClass@28
  0x0000029896449700: fce5 23ff 

  0x0000029896449704: ;   {other}
  0x0000029896449704: 0f1f 8400 | f45f 007f | bacc ffff | ff48 8b6c | 2420 4c8b | 5424 604c | 8954 2440 | 4889 7424 
  0x0000029896449724: 4844 8974 | 243c 4889 | 5c24 5844 | 8944 2460 | 4489 5c24 | 6866 6690 

  0x000002989644973c: ;   {runtime_call UncommonTrapBlob}
  0x000002989644973c: c5f8 77e8 

  0x0000029896449740: ; ImmutableOopMap {rbp=Oop [40]=Oop [60]=NarrowOop [64]=Oop [72]=Oop [88]=Oop [96]=NarrowOop }
                      ;*newarray {reexecute=1 rethrow=0 return_oop=0}
                      ; - (reexecute) java.util.Arrays::copyOfRangeByte@10
                      ; - java.util.Arrays::copyOfRange@13
                      ; - java.lang.StringLatin1::newString@16
                      ; - java.lang.String::substring@41
                      ; - java.lang.ClassLoader::checkCerts@21
                      ; - java.lang.ClassLoader::preDefineClass@113
                      ; - java.lang.ClassLoader::defineClass@4
                      ; - java.security.SecureClassLoader::defineClass@12
                      ; - java.net.URLClassLoader::defineClass@220
  0x0000029896449740: bce5 23ff 

  0x0000029896449744: ;   {other}
  0x0000029896449744: 0f1f 8400 | 3460 0080 | 498b d7c5 | f877 49ba | a0f9 5b05 | fd7f 0000 

  0x000002989644975c: ;   {other}
  0x000002989644975c: 41ff d20f | 1f84 0000 | 0000 00e9 | edbb ffff | ba45 ffff | ff48 8b6c | 2420 4889 | 7424 4089 
  0x000002989644977c: 5c24 3c90 

  0x0000029896449780: ;   {runtime_call UncommonTrapBlob}
  0x0000029896449780: c5f8 77e8 

  0x0000029896449784: ; ImmutableOopMap {rbp=Oop [40]=Oop [64]=Oop [96]=Oop }
                      ;*if_icmpne {reexecute=1 rethrow=0 return_oop=0}
                      ; - (reexecute) java.lang.ClassLoader::checkName@20
                      ; - java.lang.ClassLoader::preDefineClass@1
                      ; - java.lang.ClassLoader::defineClass@4
                      ; - java.security.SecureClassLoader::defineClass@12
                      ; - java.net.URLClassLoader::defineClass@220
  0x0000029896449784: 78e5 23ff 

  0x0000029896449788: ;   {other}
  0x0000029896449788: 0f1f 8400 | 7860 0081 | ba45 ffff | ff44 8944 | 2424 4489 | 4424 284c | 896c 2448 | 4489 7424 
  0x00000298964497a8: 2c66 6690 

  0x00000298964497ac: ;   {runtime_call UncommonTrapBlob}
  0x00000298964497ac: c5f8 77e8 

  0x00000298964497b0: ; ImmutableOopMap {[44]=NarrowOop [48]=Oop [56]=Oop [72]=Oop }
                      ;*if_icmpgt {reexecute=1 rethrow=0 return_oop=0}
                      ; - (reexecute) jdk.internal.util.Preconditions::checkFromToIndex@6
                      ; - java.lang.String::checkBoundsBeginEnd@6
                      ; - java.lang.String::substring@8
                      ; - java.net.URLClassLoader::defineClass@28
  0x00000298964497b0: 4ce5 23ff 

  0x00000298964497b4: ;   {other}
  0x00000298964497b4: 0f1f 8400 | a460 0082 | ba45 ffff | ff4c 8b54 | 2460 4c89 | 5424 4848 | 8974 2450 | 4489 7424 
  0x00000298964497d4: 3c48 8974 | 2458 4489 | 5c24 6444 | 895c 2468 

  0x00000298964497e4: ;   {runtime_call UncommonTrapBlob}
  0x00000298964497e4: c5f8 77e8 

  0x00000298964497e8: ; ImmutableOopMap {[32]=Oop [40]=Oop [60]=NarrowOop [72]=Oop [80]=Oop [88]=Oop }
                      ;*if_icmpgt {reexecute=1 rethrow=0 return_oop=0}
                      ; - (reexecute) jdk.internal.util.Preconditions::checkFromToIndex@6
                      ; - java.lang.String::checkBoundsBeginEnd@6
                      ; - java.lang.String::substring@8
                      ; - java.lang.ClassLoader::checkCerts@21
                      ; - java.lang.ClassLoader::preDefineClass@113
                      ; - java.lang.ClassLoader::defineClass@4
                      ; - java.security.SecureClassLoader::defineClass@12
                      ; - java.net.URLClassLoader::defineClass@220
  0x00000298964497e8: 14e5 23ff 

  0x00000298964497ec: ;   {other}
  0x00000298964497ec: 0f1f 8400 | dc60 0083 | 488b 7c24 | 2044 8b5f | 1045 85db | 0f84 09de | ffff 4d8b | 5728 498b 
  0x000002989644980c: cb4d 85d2 | 0f84 ba14 | 0000 4d8b | 5f38 4b89 | 4c13 f849 | 83c2 f84d | 8957 28e9 | e3dd ffff 
  0x000002989644982c: ba45 ffff | ff48 8b6c | 2448 4c8b | 5424 304c | 8954 2420 | 4c8b 5424 | 384c 8954 | 2430 4c8b 
  0x000002989644984c: 5424 404c | 8954 2438 | 4889 4424 | 4866 6690 

  0x000002989644985c: ;   {runtime_call UncommonTrapBlob}
  0x000002989644985c: c5f8 77e8 

  0x0000029896449860: ; ImmutableOopMap {rbp=Oop [32]=Oop [44]=NarrowOop [48]=Oop [72]=Oop }
                      ;*ifnull {reexecute=1 rethrow=0 return_oop=0}
                      ; - (reexecute) java.net.URLClassLoader::defineClass@139
  0x0000029896449860: 9ce4 23ff 

  0x0000029896449864: ;   {other}
  0x0000029896449864: 0f1f 8400 | 5461 0084 | ba45 ffff | ff48 8b6c | 2448 4c8b | 4424 304c | 8944 2420 | 4c8b 4424 
  0x0000029896449884: 404c 8944 | 2428 4c89 | 4c24 404c | 895c 2450 | 4489 5424 | 4c66 6690 

  0x000002989644989c: ;   {runtime_call UncommonTrapBlob}
  0x000002989644989c: c5f8 77e8 

  0x00000298964498a0: ; ImmutableOopMap {rbp=Oop [32]=Oop [64]=Oop [76]=NarrowOop [80]=Oop [96]=Oop }
                      ;*ifnull {reexecute=1 rethrow=0 return_oop=0}
                      ; - (reexecute) java.security.CodeSource::<init>@25
                      ; - java.net.URLClassLoader::defineClass@198
  0x00000298964498a0: 5ce4 23ff 

  0x00000298964498a4: ;   {other}
  0x00000298964498a4: 0f1f 8400 | 9461 0085 | ba45 ffff | ff48 ff74 | 2448 488f | 4424 204c | 8b54 2430 | 4c89 5424 
  0x00000298964498c4: 2848 897c | 2438 4c89 | 4424 4044 | 894c 244c 

  0x00000298964498d4: ;   {runtime_call UncommonTrapBlob}
  0x00000298964498d4: c5f8 77e8 

  0x00000298964498d8: ; ImmutableOopMap {rbp=NarrowOop [32]=Oop [40]=Oop [56]=Oop [76]=NarrowOop [96]=Oop }
                      ;*ifnull {reexecute=1 rethrow=0 return_oop=0}
                      ; - (reexecute) java.nio.Buffer::session@4
                      ; - java.nio.DirectLongBufferU::get@4
                      ; - jdk.internal.perf.PerfCounter::get@5
                      ; - jdk.internal.perf.PerfCounter::add@1
                      ; - jdk.internal.perf.PerfCounter::addElapsedTimeFrom@6
                      ; - java.net.URLClassLoader::defineClass@207
  0x00000298964498d8: 24e4 23ff 

  0x00000298964498dc: ;   {other}
  0x00000298964498dc: 0f1f 8400 | cc61 0086 | ba45 ffff | ff48 8b6c | 2420 4889 | 7424 4044 | 8954 243c 

  0x00000298964498f8: ;   {runtime_call UncommonTrapBlob}
  0x00000298964498f8: c5f8 77e8 

  0x00000298964498fc: ; ImmutableOopMap {rbp=Oop [40]=Oop [64]=Oop [96]=Oop }
                      ;*if_icmpne {reexecute=1 rethrow=0 return_oop=0}
                      ; - (reexecute) java.lang.ClassLoader::checkName@30
                      ; - java.lang.ClassLoader::preDefineClass@1
                      ; - java.lang.ClassLoader::defineClass@4
                      ; - java.security.SecureClassLoader::defineClass@12
                      ; - java.net.URLClassLoader::defineClass@220
  0x00000298964498fc: 00e4 23ff 

  0x0000029896449900: ;   {other}
  0x0000029896449900: 0f1f 8400 | f061 0087 | ba45 ffff | ff66 6690 

  0x0000029896449910: ;   {runtime_call UncommonTrapBlob}
  0x0000029896449910: c5f8 77e8 

  0x0000029896449914: ; ImmutableOopMap {rbp=NarrowOop [32]=Oop [40]=Oop [48]=Oop [96]=Oop }
                      ;*ifnull {reexecute=1 rethrow=0 return_oop=0}
                      ; - (reexecute) java.lang.ClassLoader::defineClassSourceLocation@15
                      ; - java.lang.ClassLoader::defineClass@12
                      ; - java.security.SecureClassLoader::defineClass@12
                      ; - java.net.URLClassLoader::defineClass@220
  0x0000029896449914: e8e3 23ff 

  0x0000029896449918: ;   {other}
  0x0000029896449918: 0f1f 8400 | 0862 0088 | ba45 ffff | ff44 8944 | 2424 4489 | 4424 284c | 896c 2448 | 4489 7424 
  0x0000029896449938: 2c66 6690 

  0x000002989644993c: ;   {runtime_call UncommonTrapBlob}
  0x000002989644993c: c5f8 77e8 

  0x0000029896449940: ; ImmutableOopMap {[44]=NarrowOop [48]=Oop [56]=Oop [72]=Oop }
                      ;*if_icmple {reexecute=1 rethrow=0 return_oop=0}
                      ; - (reexecute) jdk.internal.util.Preconditions::checkFromToIndex@11
                      ; - java.lang.String::checkBoundsBeginEnd@6
                      ; - java.lang.String::substring@8
                      ; - java.net.URLClassLoader::defineClass@28
  0x0000029896449940: bce3 23ff 

  0x0000029896449944: ;   {other}
  0x0000029896449944: 0f1f 8400 | 3462 0089 | ba45 ffff | ff4c 8b54 | 2460 4c89 | 5424 4848 | 8974 2450 | 4489 7424 
  0x0000029896449964: 3c48 8974 | 2458 4489 | 5c24 6444 | 895c 2468 

  0x0000029896449974: ;   {runtime_call UncommonTrapBlob}
  0x0000029896449974: c5f8 77e8 

  0x0000029896449978: ; ImmutableOopMap {[32]=Oop [40]=Oop [60]=NarrowOop [72]=Oop [80]=Oop [88]=Oop }
                      ;*if_icmple {reexecute=1 rethrow=0 return_oop=0}
                      ; - (reexecute) jdk.internal.util.Preconditions::checkFromToIndex@11
                      ; - java.lang.String::checkBoundsBeginEnd@6
                      ; - java.lang.String::substring@8
                      ; - java.lang.ClassLoader::checkCerts@21
                      ; - java.lang.ClassLoader::preDefineClass@113
                      ; - java.lang.ClassLoader::defineClass@4
                      ; - java.security.SecureClassLoader::defineClass@12
                      ; - java.net.URLClassLoader::defineClass@220
  0x0000029896449978: 84e3 23ff 

  0x000002989644997c: ;   {other}
  0x000002989644997c: 0f1f 8400 | 6c62 008a | ba45 ffff | ff48 ff74 | 2448 488f | 4424 204c | 8b54 2460 | 4c89 5424 
  0x000002989644999c: 484c 8954 | 2450 4889 | 7424 6090 

  0x00000298964499a8: ;   {runtime_call UncommonTrapBlob}
  0x00000298964499a8: c5f8 77e8 

  0x00000298964499ac: ; ImmutableOopMap {[32]=Oop [44]=NarrowOop [48]=Oop [72]=Oop [80]=Oop [96]=Oop [104]=Oop }
                      ;*ifeq {reexecute=1 rethrow=0 return_oop=0}
                      ; - (reexecute) java.lang.Thread::getAndClearInterrupt@6
                      ; - java.lang.Thread::interrupted@3
                      ; - jdk.internal.loader.Resource::getBytes@5
                      ; - jdk.internal.loader.URLClassPath$JarLoader$2::getBytes@1
                      ; - java.net.URLClassLoader::defineClass@179
  0x00000298964499ac: 50e3 23ff 

  0x00000298964499b0: ;   {other}
  0x00000298964499b0: 0f1f 8400 | a062 008b | ba45 ffff | ff48 ff74 | 2448 488f | 4424 204c | 8b54 2440 | 4c89 5424 
  0x00000298964499d0: 3844 8b5c | 242c 4489 | 5c24 2848 | 897c 2448 | 4489 4c24 | 2c66 6690 

  0x00000298964499e8: ;   {runtime_call UncommonTrapBlob}
  0x00000298964499e8: c5f8 77e8 

  0x00000298964499ec: ; ImmutableOopMap {rbp=Oop [32]=Oop [40]=NarrowOop [48]=Oop [72]=Oop [104]=Oop }
                      ;*if_icmpne {reexecute=1 rethrow=0 return_oop=0}
                      ; - (reexecute) jdk.internal.loader.Resource::getBytes@36
                      ; - jdk.internal.loader.URLClassPath$JarLoader$2::getBytes@1
                      ; - java.net.URLClassLoader::defineClass@179
  0x00000298964499ec: 10e3 23ff 

  0x00000298964499f0: ;   {other}
  0x00000298964499f0: 0f1f 8400 | e062 008c | 4d3b dabd | ffff ffff | 7c08 400f | 95c5 400f | b6ed ba45 | ffff ff48 
  0x0000029896449a10: ff74 2448 | 488f 4424 | 3866 6690 

  0x0000029896449a1c: ;   {runtime_call UncommonTrapBlob}
  0x0000029896449a1c: c5f8 77e8 

  0x0000029896449a20: ; ImmutableOopMap {[32]=Oop [44]=NarrowOop [48]=Oop [56]=Oop [96]=Oop }
                      ;*ifeq {reexecute=1 rethrow=0 return_oop=0}
                      ; - (reexecute) jdk.internal.loader.URLClassPath$JarLoader$2::getBytes@30
                      ; - java.net.URLClassLoader::defineClass@179
  0x0000029896449a20: dce2 23ff 

  0x0000029896449a24: ;   {other}
  0x0000029896449a24: 0f1f 8400 | 1463 008d | 41ba 0100 | 0000 ba45 | ffff ff48 | 8b6c 2448 | 448b 4424 | 2c44 8944 
  0x0000029896449a44: 2428 4489 | 5424 2c90 

  0x0000029896449a4c: ;   {runtime_call UncommonTrapBlob}
  0x0000029896449a4c: c5f8 77e8 

  0x0000029896449a50: ; ImmutableOopMap {rbp=Oop [32]=Oop [40]=NarrowOop [48]=Oop [96]=Oop }
                      ;*ifeq {reexecute=1 rethrow=0 return_oop=0}
                      ; - (reexecute) jdk.internal.loader.Resource::getBytes@199
                      ; - jdk.internal.loader.URLClassPath$JarLoader$2::getBytes@1
                      ; - java.net.URLClassLoader::defineClass@179
  0x0000029896449a50: ace2 23ff 

  0x0000029896449a54: ;   {other}
  0x0000029896449a54: 0f1f 8400 | 4463 008e | ba45 ffff | ff48 8b6c | 2430 448b | 5c24 3844 | 895c 2430 | 4489 4424 
  0x0000029896449a74: 3466 6690 

  0x0000029896449a78: ;   {runtime_call UncommonTrapBlob}
  0x0000029896449a78: c5f8 77e8 

  0x0000029896449a7c: ; ImmutableOopMap {rbp=Oop [32]=Oop [40]=Oop [96]=Oop }
                      ;*ifne {reexecute=1 rethrow=0 return_oop=0}
                      ; - (reexecute) java.lang.ClassLoader::compareCerts@7
                      ; - java.lang.ClassLoader::checkCerts@80
                      ; - java.lang.ClassLoader::preDefineClass@113
                      ; - java.lang.ClassLoader::defineClass@4
                      ; - java.security.SecureClassLoader::defineClass@12
                      ; - java.net.URLClassLoader::defineClass@220
  0x0000029896449a7c: 80e2 23ff 

  0x0000029896449a80: ;   {other}
  0x0000029896449a80: 0f1f 8400 | 7063 008f | ba45 ffff | ff4c 8b54 | 2440 4c89 | 5424 3848 | 894c 2440 | 4889 5c24 
  0x0000029896449aa0: 4844 894c | 2450 6690 

  0x0000029896449aa8: ;   {runtime_call UncommonTrapBlob}
  0x0000029896449aa8: c5f8 77e8 

  0x0000029896449aac: ; ImmutableOopMap {[32]=Oop [56]=Oop [64]=Oop [72]=Oop [80]=NarrowOop }
                      ;*ifle {reexecute=1 rethrow=0 return_oop=0}
                      ; - (reexecute) java.util.concurrent.ConcurrentHashMap::get@23
                      ; - java.lang.ClassLoader::getNamedPackage@5
                      ; - java.lang.ClassLoader::postDefineClass@9
                      ; - java.lang.ClassLoader::defineClass@37
                      ; - java.security.SecureClassLoader::defineClass@12
                      ; - java.net.URLClassLoader::defineClass@220
  0x0000029896449aac: 50e2 23ff 

  0x0000029896449ab0: ;   {other}
  0x0000029896449ab0: 0f1f 8400 | a063 0090 | ba45 ffff | ff4c 8b54 | 2430 4c89 | 5424 284c | 8b54 2438 | 4c89 5424 
  0x0000029896449ad0: 304c 8b54 | 2440 4c89 | 5424 384c | 896c 2458 | 4889 7c24 | 6048 8974 | 2468 4489 | 7424 444c 
  0x0000029896449af0: 896c 2470 | 4889 7c24 | 7866 6690 

  0x0000029896449afc: ;   {runtime_call UncommonTrapBlob}
  0x0000029896449afc: c5f8 77e8 

  0x0000029896449b00: ; ImmutableOopMap {[40]=Oop [48]=Oop [68]=NarrowOop [88]=Oop [96]=Oop [104]=Oop [112]=Oop [120]=Oop }
                      ;*ifle {reexecute=1 rethrow=0 return_oop=0}
                      ; - (reexecute) java.util.concurrent.ConcurrentHashMap::get@23
                      ; - java.lang.ClassLoader::getDefinedPackage@13
                      ; - java.net.URLClassLoader::getAndVerifyPackage@2
                      ; - java.net.URLClassLoader::defineClass@46
  0x0000029896449b00: fce1 23ff 

  0x0000029896449b04: ;   {other}
  0x0000029896449b04: 0f1f 8400 | f463 0091 | 4c89 5c24 | 5048 8974 | 2448 498b | d7c5 f877 | 49ba a0f9 | 5b05 fd7f 
  0x0000029896449b24: 0000 41ff 

  0x0000029896449b28: ;   {other}
  0x0000029896449b28: d20f 1f84 | 0000 0000 | 0048 8b74 | 2448 4c8b | 5c24 50e9 | dda9 ffff | 498b d7c5 | f877 49ba 
  0x0000029896449b48: a0f9 5b05 | fd7f 0000 

  0x0000029896449b50: ;   {other}
  0x0000029896449b50: 41ff d20f | 1f84 0000 | 0000 00e9 | 83be ffff | 488b 4c24 | 204c 8b54 | 2428 4c89 | 5424 2048 
  0x0000029896449b70: 8b5c 2430 | 448b 4c24 | 38e9 7fc5 | ffff 4c8b | 5424 204c | 8954 2430 | 4c8b 6c24 | 284c 8b54 
  0x0000029896449b90: 2448 448b | 7424 5044 | 8b44 2454 | 4489 4424 | 2848 8b7c | 2458 488b | 7424 604c | 8954 2420 
  0x0000029896449bb0: e9ef d1ff | ff33 ed45 | 85d2 400f | 95c5 ba45 | ffff ff4c | 8b54 2430 | 4c89 5424 | 284c 8b54 
  0x0000029896449bd0: 2438 4c89 | 5424 304c | 8b54 2440 | 4c89 5424 | 384c 896c | 2458 4889 | 7c24 6048 | 8974 2468 
  0x0000029896449bf0: 4489 7424 | 444c 8944 | 2470 6690 

  0x0000029896449bfc: ;   {runtime_call UncommonTrapBlob}
  0x0000029896449bfc: c5f8 77e8 

  0x0000029896449c00: ; ImmutableOopMap {[40]=Oop [48]=Oop [68]=NarrowOop [88]=Oop [96]=Oop [104]=Oop [112]=Oop }
                      ;*ifne {reexecute=1 rethrow=0 return_oop=0}
                      ; - (reexecute) java.lang.Package::isSealed@7
                      ; - java.net.URLClassLoader::getAndVerifyPackage@14
                      ; - java.net.URLClassLoader::defineClass@46
  0x0000029896449c00: fce0 23ff 

  0x0000029896449c04: ;   {other}
  0x0000029896449c04: 0f1f 8400 | f464 0092 | baf6 ffff | ff48 897c | 2420 6690 

  0x0000029896449c18: ;   {runtime_call UncommonTrapBlob}
  0x0000029896449c18: c5f8 77e8 

  0x0000029896449c1c: ; ImmutableOopMap {[32]=Oop [48]=Oop }
                      ;*invokevirtual putIfAbsent {reexecute=0 rethrow=0 return_oop=0}
                      ; - java.lang.ClassLoader::getNamedPackage@32
                      ; - java.lang.ClassLoader::postDefineClass@9
                      ; - java.lang.ClassLoader::defineClass@37
                      ; - java.security.SecureClassLoader::defineClass@12
                      ; - java.net.URLClassLoader::defineClass@220
  0x0000029896449c1c: e0e0 23ff 

  0x0000029896449c20: ;   {other}
  0x0000029896449c20: 0f1f 8400 | 1065 0093 | 488b e8ba | 54ff ffff 

  0x0000029896449c30: ;   {runtime_call UncommonTrapBlob}
  0x0000029896449c30: c5f8 77e8 

  0x0000029896449c34: ; ImmutableOopMap {rbp=Oop [32]=Oop [40]=Oop [56]=NarrowOop [64]=Oop [72]=Oop }
                      ;*ifnull {reexecute=1 rethrow=0 return_oop=0}
                      ; - (reexecute) java.lang.ClassLoader::getNamedPackage@42
                      ; - java.lang.ClassLoader::postDefineClass@9
                      ; - java.lang.ClassLoader::defineClass@37
                      ; - java.security.SecureClassLoader::defineClass@12
                      ; - java.net.URLClassLoader::defineClass@220
  0x0000029896449c34: c8e0 23ff 

  0x0000029896449c38: ;   {other}
  0x0000029896449c38: 0f1f 8400 | 2865 0094 | ba45 ffff | ff4c 8b54 | 2430 4c89 | 5424 284c | 8b54 2438 | 4c89 5424 
  0x0000029896449c58: 304c 8b54 | 2440 4c89 | 5424 384c | 896c 2458 | 4889 7c24 | 6048 8974 | 2468 4489 | 7424 444c 
  0x0000029896449c78: 8944 2470 

  0x0000029896449c7c: ;   {runtime_call UncommonTrapBlob}
  0x0000029896449c7c: c5f8 77e8 

  0x0000029896449c80: ; ImmutableOopMap {rbp=NarrowOop [40]=Oop [48]=Oop [68]=NarrowOop [88]=Oop [96]=Oop [104]=Oop [112]=Oop }
                      ;*ifnull {reexecute=1 rethrow=0 return_oop=0}
                      ; - (reexecute) java.lang.Package::isSealed@17
                      ; - java.net.URLClassLoader::getAndVerifyPackage@14
                      ; - java.net.URLClassLoader::defineClass@46
  0x0000029896449c80: 7ce0 23ff 

  0x0000029896449c84: ;   {other}
  0x0000029896449c84: 0f1f 8400 | 7465 0095 | ba45 ffff | ff48 ff74 | 2448 488f | 4424 2044 | 8b54 242c | 4489 5424 
  0x0000029896449ca4: 2889 4424 | 2c66 6690 

  0x0000029896449cac: ;   {runtime_call UncommonTrapBlob}
  0x0000029896449cac: c5f8 77e8 

  0x0000029896449cb0: ; ImmutableOopMap {rbp=Oop [32]=Oop [40]=NarrowOop [48]=Oop [56]=Oop [96]=Oop }
                      ;*ifeq {reexecute=1 rethrow=0 return_oop=0}
                      ; - (reexecute) java.net.URLClassLoader::getAndVerifyPackage@71
                      ; - java.net.URLClassLoader::defineClass@46
  0x0000029896449cb0: 4ce0 23ff 

  0x0000029896449cb4: ;   {other}
  0x0000029896449cb4: 0f1f 8400 | a465 0096 | ba45 ffff | ff4c 8b54 | 2430 4c89 | 5424 284c | 8b54 2438 | 4c89 5424 
  0x0000029896449cd4: 304c 8b54 | 2440 4c89 | 5424 384c | 896c 2458 | 4889 7c24 | 6048 8974 | 2468 4489 | 7424 444c 
  0x0000029896449cf4: 896c 2470 | 4889 7c24 | 7889 9c24 | 8000 0000 

  0x0000029896449d04: ;   {runtime_call UncommonTrapBlob}
  0x0000029896449d04: c5f8 77e8 

  0x0000029896449d08: ; ImmutableOopMap {[40]=Oop [48]=Oop [68]=NarrowOop [88]=Oop [96]=Oop [104]=Oop [112]=Oop [120]=Oop [128]=NarrowOop }
                      ;*ifle {reexecute=1 rethrow=0 return_oop=0}
                      ; - (reexecute) java.util.concurrent.ConcurrentHashMap::get@23
                      ; - java.lang.ClassLoader::definePackage@47
                      ; - java.lang.ClassLoader::getDefinedPackage@32
                      ; - java.net.URLClassLoader::getAndVerifyPackage@2
                      ; - java.net.URLClassLoader::defineClass@46
  0x0000029896449d08: f4df 23ff 

  0x0000029896449d0c: ;   {other}
  0x0000029896449d0c: 0f1f 8400 | fc65 0097 | 4863 d1e9 | fbbf ffff | 4883 c2fe | 488b ca49 | 8bfa 4833 | c048 83f9 
  0x0000029896449d2c: 087f 1048 | ffc9 7856 | 4889 04cf | 48ff c97d | f7eb 4bc5 | fdef c0e9 | 0d00 0000 | c5fe 7f07 
  0x0000029896449d4c: c5fe 7f47 | 2048 83c7 | 4048 83e9 | 087d ed48 | 83c1 047c | 0cc5 fe7f | 0748 83c7 | 2048 83e9 
  0x0000029896449d6c: 0448 83c1 | 047e 1748 | c7c0 ffff | ffff c4e2 | f0f5 c0c4 | e1fb 92f8 | 62f1 fe2f | 7f07 e94c 
  0x0000029896449d8c: c0ff ffba | ccff ffff | 4c8b 5424 | 404c 8954 | 2438 4889 | 5c24 5044 | 895c 2458 | 894c 2460 
  0x0000029896449dac: ;   {runtime_call UncommonTrapBlob}
  0x0000029896449dac: c5f8 77e8 

  0x0000029896449db0: ; ImmutableOopMap {[32]=Oop [48]=Oop [56]=Oop [80]=Oop [88]=NarrowOop }
                      ;*newarray {reexecute=1 rethrow=0 return_oop=0}
                      ; - (reexecute) java.util.Arrays::copyOfRangeByte@10
                      ; - java.util.Arrays::copyOfRange@13
                      ; - java.lang.StringLatin1::newString@16
                      ; - java.lang.String::substring@41
                      ; - java.lang.Class::getPackageName@62
                      ; - java.lang.ClassLoader::postDefineClass@2
                      ; - java.lang.ClassLoader::defineClass@37
                      ; - java.security.SecureClassLoader::defineClass@12
                      ; - java.net.URLClassLoader::defineClass@220
  0x0000029896449db0: 4cdf 23ff 

  0x0000029896449db4: ;   {other}
  0x0000029896449db4: 0f1f 8400 | a466 0098 | 498b d7c5 | f877 49ba | a0f9 5b05 | fd7f 0000 

  0x0000029896449dcc: ;   {other}
  0x0000029896449dcc: 41ff d20f | 1f84 0000 | 0000 00e9 | 6cc0 ffff | ba45 ffff | ff89 4c24 | 5c89 4c24 | 6066 6690 
  0x0000029896449dec: ;   {runtime_call UncommonTrapBlob}
  0x0000029896449dec: c5f8 77e8 

  0x0000029896449df0: ; ImmutableOopMap {[32]=Oop [40]=Oop [48]=Oop [64]=Oop }
                      ;*if_icmpgt {reexecute=1 rethrow=0 return_oop=0}
                      ; - (reexecute) jdk.internal.util.Preconditions::checkFromToIndex@6
                      ; - java.lang.String::checkBoundsBeginEnd@6
                      ; - java.lang.String::substring@8
                      ; - java.lang.Class::getPackageName@62
                      ; - java.lang.ClassLoader::postDefineClass@2
                      ; - java.lang.ClassLoader::defineClass@37
                      ; - java.security.SecureClassLoader::defineClass@12
                      ; - java.net.URLClassLoader::defineClass@220
  0x0000029896449df0: 0cdf 23ff 

  0x0000029896449df4: ;   {other}
  0x0000029896449df4: 0f1f 8400 | e466 0099 | ba45 ffff | ff89 4c24 | 5c89 4c24 | 6066 6690 

  0x0000029896449e0c: ;   {runtime_call UncommonTrapBlob}
  0x0000029896449e0c: c5f8 77e8 

  0x0000029896449e10: ; ImmutableOopMap {[32]=Oop [40]=Oop [48]=Oop [64]=Oop }
                      ;*if_icmple {reexecute=1 rethrow=0 return_oop=0}
                      ; - (reexecute) jdk.internal.util.Preconditions::checkFromToIndex@11
                      ; - java.lang.String::checkBoundsBeginEnd@6
                      ; - java.lang.String::substring@8
                      ; - java.lang.Class::getPackageName@62
                      ; - java.lang.ClassLoader::postDefineClass@2
                      ; - java.lang.ClassLoader::defineClass@37
                      ; - java.security.SecureClassLoader::defineClass@12
                      ; - java.net.URLClassLoader::defineClass@220
  0x0000029896449e10: ecde 23ff 

  0x0000029896449e14: ;   {other}
  0x0000029896449e14: 0f1f 8400 | 0467 009a | 498b d7c5 | f877 49ba | a0f9 5b05 | fd7f 0000 

  0x0000029896449e2c: ;   {other}
  0x0000029896449e2c: 41ff d20f | 1f84 0000 | 0000 00e9 | aabf ffff | 4c8b 5424 | 204c 8954 | 2430 4c8b | 6c24 2848 
  0x0000029896449e4c: ff74 2448 | 488f 4424 | 2044 8b74 | 2450 448b | 5424 5444 | 8954 2428 | 4c8b 4c24 | 5848 8b4c 
  0x0000029896449e6c: 2460 488b | 7c24 6848 | 8b74 2470 | 8b5c 2478 | e930 aeff | ff4c 895c | 2478 4489 | 5424 7444 
  0x0000029896449e8c: 8984 2480 | 0000 0089 | 9c24 8400 | 0000 4889 | 9424 8800 | 0000 89bc | 2490 0000 | 0048 898c 
  0x0000029896449eac: 2498 0000 | 004c 898c | 24a0 0000 

  0x0000029896449eb8: ;   {metadata({type array byte})}
  0x0000029896449eb8: 0048 ba78 | 0a04 0001 | 0000 0044 | 8b84 2490 | 0000 0090 

  0x0000029896449ecc: ;   {runtime_call _new_array_nozero_Java}
  0x0000029896449ecc: c5f8 77e8 

  0x0000029896449ed0: ; ImmutableOopMap {[32]=Oop [40]=NarrowOop [44]=NarrowOop [48]=Oop [56]=Oop [72]=Oop [80]=Oop [96]=Oop [104]=Oop [120]=Oop [136]=Derived_oop_[120] }
                      ;*newarray {reexecute=0 rethrow=0 return_oop=1}
                      ; - java.util.Arrays::copyOf@15
                      ; - jdk.internal.loader.Resource::getBytes@94
                      ; - java.net.URLClassLoader::defineClass@179
  0x0000029896449ed0: aca2 30ff 

  0x0000029896449ed4: ;   {other}
  0x0000029896449ed4: 0f1f 8400 | c467 009b | 4c8b c0e9 | 64cb ffff | baf6 ffff | ff49 8bed | 4c8b 5c24 | 304c 895c 
  0x0000029896449ef4: 2420 4c8b | 5c24 384c | 895c 2428 | 4c8b 5c24 | 404c 895c | 2430 4489 | 7424 3848 | 8974 2448 
  0x0000029896449f14: 4889 7c24 | 504c 8954 | 2458 6690 

  0x0000029896449f20: ;   {runtime_call UncommonTrapBlob}
  0x0000029896449f20: c5f8 77e8 

  0x0000029896449f24: ; ImmutableOopMap {rbp=Oop [32]=Oop [40]=Oop [56]=NarrowOop [72]=Oop [80]=Oop [88]=Oop }
                      ;*invokevirtual compute {reexecute=0 rethrow=0 return_oop=0}
                      ; - java.lang.ClassLoader::definePackage@78
                      ; - java.lang.ClassLoader::getDefinedPackage@32
                      ; - java.net.URLClassLoader::getAndVerifyPackage@2
                      ; - java.net.URLClassLoader::defineClass@46
  0x0000029896449f24: d8dd 23ff 

  0x0000029896449f28: ;   {other}
  0x0000029896449f28: 0f1f 8400 | 1868 009c | 4d85 c90f | 8579 dfff | ffe9 81b3 | ffff 488b | 7c24 2044 | 8b57 5c45 
  0x0000029896449f48: 85d2 0f84 | 1fdf ffff | 4d8b 5f28 | 498b ca4d | 85db 0f84 | 2d0f 0000 | 4d8b 5738 | 4b89 4c1a 
  0x0000029896449f68: f849 83c3 | f84d 895f | 28e9 f9de | ffff 4d8b | 5758 4d8b | 5f48 f083 | 4424 c000 | 8039 0074 
  0x0000029896449f88: 3244 8821 | 4d85 db74 | 0f4b 894c | 1af8 4983 | c3f8 4d89 | 5f48 eb1b | 498b d7c5 | f877 49ba 
  0x0000029896449fa8: 80f9 5b05 | fd7f 0000 

  0x0000029896449fb0: ;   {other}
  0x0000029896449fb0: 41ff d20f | 1f84 0000 | 0000 0044 | 8b5f 5c45 | 85db 0f85 | eade ffff | e9f2 b2ff | ff8b 7424 
  0x0000029896449fd0: 3c44 8b56 | 1445 85d2 | 0f84 fdd1 | ffff 4d8b | 5f28 498b | ca4d 85db | 0f84 bf0e | 0000 4d8b 
  0x0000029896449ff0: 5738 4b89 | 4c1a f849 | 83c3 f84d | 895f 28e9 | d7d1 ffff | 4d8b 5748 | 4d8b 5f58 | f083 4424 
  0x000002989644a010: c000 8039 | 0074 3244 | 8821 4d85 | d274 0f4b | 894c 13f8 | 4983 c2f8 | 4d89 5748 | eb1b 498b 
  0x000002989644a030: d7c5 f877 | 49ba 80f9 | 5b05 fd7f | 0000 41ff 

  0x000002989644a040: ;   {other}
  0x000002989644a040: d20f 1f84 | 0000 0000 | 0044 8b56 | 1445 85d2 | 0f84 0a0f | 0000 498b | dae9 b2d1 | ffff 498b 
  0x000002989644a060: d7c5 f877 | 49ba a0f9 | 5b05 fd7f | 0000 41ff 

  0x000002989644a070: ;   {other}
  0x000002989644a070: d20f 1f84 | 0000 0000 | 00e9 60c1 | ffff 498b | d7c5 f877 | 49ba a0f9 | 5b05 fd7f | 0000 41ff 
  0x000002989644a090: ;   {other}
  0x000002989644a090: d20f 1f84 | 0000 0000 | 00e9 fdc0 | ffff 4889 | 7424 2048 | 896c 2460 | 4889 7c24 | 7044 894c 
  0x000002989644a0b0: 2478 894c | 247c 899c | 2480 0000 | 0044 8994 | 2484 0000 | 0048 8994 | 2488 0000 | 004c 899c 
  0x000002989644a0d0: 2490 0000 

  0x000002989644a0d4: ;   {metadata({type array byte})}
  0x000002989644a0d4: 0048 ba78 | 0a04 0001 | 0000 0048 | 8b6c 2448 

  0x000002989644a0e4: ;   {runtime_call _new_array_nozero_Java}
  0x000002989644a0e4: c5f8 77e8 

  0x000002989644a0e8: ; ImmutableOopMap {rbp=Oop [32]=Oop [40]=NarrowOop [44]=NarrowOop [48]=Oop [56]=Oop [72]=Oop [80]=Oop [96]=Oop [104]=Oop [112]=Oop [136]=Derived_oop_[112] }
                      ;*invokevirtual clone {reexecute=1 rethrow=0 return_oop=1}
                      ; - (reexecute) java.util.Arrays::copyOf@7
                      ; - jdk.internal.loader.Resource::getBytes@94
                      ; - jdk.internal.loader.URLClassPath$JarLoader$2::getBytes@1
                      ; - java.net.URLClassLoader::defineClass@179
  0x000002989644a0e8: 94a0 30ff 

  0x000002989644a0ec: ;   {other}
  0x000002989644a0ec: 0f1f 8400 | dc69 009d | 4c8b d0e9 | cac6 ffff | 8bfd 448b | 5d14 4585 | db0f 84ba | d9ff ff4d 
  0x000002989644a10c: 8b57 2849 | 8bcb 4d85 | d20f 84b2 | 0d00 004d | 8b5f 384b | 894c 13f8 | 4983 c2f8 | 4d89 5728 
  0x000002989644a12c: e994 d9ff | ff4d 8b57 | 484d 8b5f | 58f0 8344 | 24c0 0041 | 8038 0074 | 3545 8820 | 4d85 d274 
  0x000002989644a14c: 0f4f 8944 | 13f8 4983 | c2f8 4d89 | 5748 eb1e | 498b c849 | 8bd7 c5f8 | 7749 ba80 | f95b 05fd 
  0x000002989644a16c: 7f00 0041 

  0x000002989644a170: ;   {other}
  0x000002989644a170: ffd2 0f1f | 8400 0000 | 0000 448b | 5714 4585 | d20f 84f1 | 0d00 004c | 8954 2438 | e971 d9ff 
  0x000002989644a190: ffba 45ff | ffff 4c8b | 5c24 404c | 895c 2438 | 4889 4c24 | 4044 894c | 2450 4889 | 5c24 5844 
  0x000002989644a1b0: 8944 2454 | 4489 5424 | 6066 6690 

  0x000002989644a1bc: ;   {runtime_call UncommonTrapBlob}
  0x000002989644a1bc: c5f8 77e8 

  0x000002989644a1c0: ; ImmutableOopMap {rbp=NarrowOop [32]=Oop [56]=Oop [64]=Oop [80]=NarrowOop [84]=NarrowOop [88]=Oop }
                      ;*ifnull {reexecute=1 rethrow=0 return_oop=0}
                      ; - (reexecute) java.util.concurrent.ConcurrentHashMap::get@67
                      ; - java.lang.ClassLoader::getNamedPackage@5
                      ; - java.lang.ClassLoader::postDefineClass@9
                      ; - java.lang.ClassLoader::defineClass@37
                      ; - java.security.SecureClassLoader::defineClass@12
                      ; - java.net.URLClassLoader::defineClass@220
  0x000002989644a1c0: 3cdb 23ff 

  0x000002989644a1c4: ;   {other}
  0x000002989644a1c4: 0f1f 8400 | b46a 009e | ba45 ffff | ff4c 8b5c | 2430 4c89 | 5c24 284c | 8b5c 2438 | 4c89 5c24 
  0x000002989644a1e4: 304c 8b5c | 2440 4c89 | 5c24 384c | 896c 2458 | 4889 7c24 | 6048 8974 | 2468 4489 | 7424 444c 
  0x000002989644a204: 896c 2470 | 4889 7c24 | 7844 8994 | 2488 0000 | 0044 8984 | 248c 0000 | 0066 6690 

  0x000002989644a220: ;   {runtime_call UncommonTrapBlob}
  0x000002989644a220: c5f8 77e8 

  0x000002989644a224: ; ImmutableOopMap {rbp=NarrowOop [40]=Oop [48]=Oop [68]=NarrowOop [88]=Oop [96]=Oop [104]=Oop [112]=Oop [120]=Oop [136]=NarrowOop }
                      ;*ifnull {reexecute=1 rethrow=0 return_oop=0}
                      ; - (reexecute) java.util.concurrent.ConcurrentHashMap::get@67
                      ; - java.lang.ClassLoader::getDefinedPackage@13
                      ; - java.net.URLClassLoader::getAndVerifyPackage@2
                      ; - java.net.URLClassLoader::defineClass@46
  0x000002989644a224: d8da 23ff 

  0x000002989644a228: ;   {other}
  0x000002989644a228: 0f1f 8400 | 186b 009f 

  0x000002989644a230: ;   {metadata({type array byte})}
  0x000002989644a230: 418b ea48 | ba78 0a04 | 0001 0000 | 0045 33c0 

  0x000002989644a240: ;   {runtime_call _new_array_Java}
  0x000002989644a240: c5f8 77e8 

  0x000002989644a244: ; ImmutableOopMap {[32]=Oop [40]=NarrowOop [44]=NarrowOop [48]=Oop [56]=Oop [72]=Oop [80]=Oop [96]=Oop [104]=Oop }
                      ;*newarray {reexecute=0 rethrow=0 return_oop=1}
                      ; - jdk.internal.loader.Resource::getBytes@30
                      ; - java.net.URLClassLoader::defineClass@179
  0x000002989644a244: b8a2 30ff 

  0x000002989644a248: ;   {other}
  0x000002989644a248: 0f1f 8400 | 386b 00a0 | 4c8b d844 | 8bd5 e9c1 | c6ff ffba | 45ff ffff | 4c8b 5c24 | 304c 895c 
  0x000002989644a268: 2428 4c8b | 5c24 384c | 895c 2430 | 4c8b 5c24 | 404c 895c | 2438 4c89 | 6c24 5848 | 897c 2460 
  0x000002989644a288: 4889 7424 | 6844 8974 | 2444 4c89 | 6c24 7048 | 897c 2478 | 899c 2480 | 0000 0044 | 8984 2484 
  0x000002989644a2a8: 0000 0044 | 8994 2490 | 0000 0090 

  0x000002989644a2b4: ;   {runtime_call UncommonTrapBlob}
  0x000002989644a2b4: c5f8 77e8 

  0x000002989644a2b8: ; ImmutableOopMap {rbp=NarrowOop [40]=Oop [48]=Oop [68]=NarrowOop [88]=Oop [96]=Oop [104]=Oop [112]=Oop [120]=Oop [128]=NarrowOop [132]=NarrowOop }
                      ;*ifnull {reexecute=1 rethrow=0 return_oop=0}
                      ; - (reexecute) java.util.concurrent.ConcurrentHashMap::get@67
                      ; - java.lang.ClassLoader::definePackage@47
                      ; - java.lang.ClassLoader::getDefinedPackage@32
                      ; - java.net.URLClassLoader::getAndVerifyPackage@2
                      ; - java.net.URLClassLoader::defineClass@46
  0x000002989644a2b8: 44da 23ff 

  0x000002989644a2bc: ;   {other}
  0x000002989644a2bc: 0f1f 8400 | ac6b 00a1 | 4c89 4424 | 6844 894c | 243c 4889 | 5c24 484c | 8b44 2460 | 4c89 4424 
  0x000002989644a2dc: 4048 8974 | 2430 4833 | d24a 8d14 | d245 8bc3 

  0x000002989644a2ec: ;   {runtime_call _new_array_Java}
  0x000002989644a2ec: c5f8 77e8 

  0x000002989644a2f0: ; ImmutableOopMap {rbp=Oop [32]=Oop [40]=Oop [48]=Oop [60]=NarrowOop [64]=Oop [72]=Oop [80]=Oop }
                      ;*invokevirtual clone {reexecute=1 rethrow=0 return_oop=1}
                      ; - (reexecute) java.security.CodeSource::getCertificates@11
                      ; - java.lang.ClassLoader::checkCerts@34
                      ; - java.lang.ClassLoader::preDefineClass@113
                      ; - java.lang.ClassLoader::defineClass@4
                      ; - java.security.SecureClassLoader::defineClass@12
                      ; - java.net.URLClassLoader::defineClass@220
  0x000002989644a2f0: 0ca2 30ff 

  0x000002989644a2f4: ;   {other}
  0x000002989644a2f4: 0f1f 8400 | e46b 00a2 | 488b 7424 | 304c 8b5c | 2440 4c89 | 5c24 6048 | 8b5c 2448 | 448b 4c24 
  0x000002989644a314: 3c4c 8b44 | 2468 488b | f8e9 bccc | ffff 4c89 | 4c24 3848 | 897c 2420 

  0x000002989644a32c: ;   {metadata('java/security/CodeSigner'[])}
  0x000002989644a32c: 498b e848 | bad0 c75e | 0001 0000 | 0044 8bc1 

  0x000002989644a33c: ;   {runtime_call _new_array_Java}
  0x000002989644a33c: c5f8 77e8 

  0x000002989644a340: ; ImmutableOopMap {rbp=Oop [32]=Oop [40]=NarrowOop [48]=Oop [72]=Oop [80]=Oop [96]=Oop }
                      ;*invokevirtual clone {reexecute=1 rethrow=0 return_oop=1}
                      ; - (reexecute) java.security.CodeSource::<init>@42
                      ; - java.net.URLClassLoader::defineClass@198
  0x000002989644a340: bca1 30ff 

  0x000002989644a344: ;   {other}
  0x000002989644a344: 0f1f 8400 | 346c 00a3 | 488b d8e9 | 75d2 ffff | ba45 ffff | ff4c 8b5c | 2440 4c89 | 5c24 3848 
  0x000002989644a364: 894c 2440 | 4489 4c24 | 5048 895c | 2458 4889 | 7424 6044 | 8954 2454 

  0x000002989644a37c: ;   {runtime_call UncommonTrapBlob}
  0x000002989644a37c: c5f8 77e8 

  0x000002989644a380: ; ImmutableOopMap {rbp=NarrowOop [32]=Oop [56]=Oop [64]=Oop [80]=NarrowOop [88]=Oop [96]=Oop }
                      ;*ifnull {reexecute=1 rethrow=0 return_oop=0}
                      ; - (reexecute) java.util.concurrent.ConcurrentHashMap::get@143
                      ; - java.lang.ClassLoader::getNamedPackage@5
                      ; - java.lang.ClassLoader::postDefineClass@9
                      ; - java.lang.ClassLoader::defineClass@37
                      ; - java.security.SecureClassLoader::defineClass@12
                      ; - java.net.URLClassLoader::defineClass@220
  0x000002989644a380: 7cd9 23ff 

  0x000002989644a384: ;   {other}
  0x000002989644a384: 0f1f 8400 | 746c 00a4 | ba45 ffff | ff89 4424 | 6066 6690 

  0x000002989644a398: ;   {runtime_call UncommonTrapBlob}
  0x000002989644a398: c5f8 77e8 

  0x000002989644a39c: ; ImmutableOopMap {rbp=Oop [32]=Oop [48]=Oop [56]=NarrowOop [64]=Oop [72]=Oop }
                      ;*ifeq {reexecute=1 rethrow=0 return_oop=0}
                      ; - (reexecute) java.util.concurrent.ConcurrentHashMap::get@152
                      ; - java.lang.ClassLoader::getNamedPackage@5
                      ; - java.lang.ClassLoader::postDefineClass@9
                      ; - java.lang.ClassLoader::defineClass@37
                      ; - java.security.SecureClassLoader::defineClass@12
                      ; - java.net.URLClassLoader::defineClass@220
  0x000002989644a39c: 60d9 23ff 

  0x000002989644a3a0: ;   {other}
  0x000002989644a3a0: 0f1f 8400 | 906c 00a5 | ba45 ffff | ff4c 8b54 | 2430 4c89 | 5424 284c | 8b54 2438 | 4c89 5424 
  0x000002989644a3c0: 304c 8b54 | 2440 4c89 | 5424 384c | 896c 2458 | 4889 7c24 | 6048 8974 | 2468 4489 | 7424 444c 
  0x000002989644a3e0: 896c 2470 | 4889 7c24 | 784c 899c | 2488 0000 | 0044 8984 | 2490 0000 | 0066 6690 

  0x000002989644a3fc: ;   {runtime_call UncommonTrapBlob}
  0x000002989644a3fc: c5f8 77e8 

  0x000002989644a400: ; ImmutableOopMap {rbp=NarrowOop [40]=Oop [48]=Oop [68]=NarrowOop [88]=Oop [96]=Oop [104]=Oop [112]=Oop [120]=Oop [136]=Oop }
                      ;*ifnull {reexecute=1 rethrow=0 return_oop=0}
                      ; - (reexecute) java.util.concurrent.ConcurrentHashMap::get@143
                      ; - java.lang.ClassLoader::getDefinedPackage@13
                      ; - java.net.URLClassLoader::getAndVerifyPackage@2
                      ; - java.net.URLClassLoader::defineClass@46
  0x000002989644a400: fcd8 23ff 

  0x000002989644a404: ;   {other}
  0x000002989644a404: 0f1f 8400 | f46c 00a6 | ba45 ffff | ff48 8b6c | 2428 4c8b | 5424 384c | 8954 2430 | 4c8b 5424 
  0x000002989644a424: 404c 8954 | 2438 448b | 5c24 504c | 8b54 2468 | 4c89 5424 | 4844 895c | 2444 8944 | 247c 6690 
  0x000002989644a444: ;   {runtime_call UncommonTrapBlob}
  0x000002989644a444: c5f8 77e8 

  0x000002989644a448: ; ImmutableOopMap {rbp=Oop [32]=Oop [48]=Oop [68]=NarrowOop [72]=Oop [112]=Oop [128]=Oop }
                      ;*ifeq {reexecute=1 rethrow=0 return_oop=0}
                      ; - (reexecute) java.util.concurrent.ConcurrentHashMap::get@152
                      ; - java.lang.ClassLoader::getDefinedPackage@13
                      ; - java.net.URLClassLoader::getAndVerifyPackage@2
                      ; - java.net.URLClassLoader::defineClass@46
  0x000002989644a448: b4d8 23ff 

  0x000002989644a44c: ;   {other}
  0x000002989644a44c: 0f1f 8400 | 3c6d 00a7 | 4889 4c24 | 384c 894c | 2420 418b 

  0x000002989644a460: ;   {metadata('java/security/CodeSigner'[])}
  0x000002989644a460: eb48 bad0 | c75e 0001 | 0000 0044 | 8bc3 6690 

  0x000002989644a470: ;   {runtime_call _new_array_Java}
  0x000002989644a470: c5f8 77e8 

  0x000002989644a474: ; ImmutableOopMap {rbp=NarrowOop [32]=Oop [40]=NarrowOop [44]=NarrowOop [48]=Oop [72]=Oop [80]=Oop [96]=Oop }
                      ;*invokevirtual clone {reexecute=1 rethrow=0 return_oop=1}
                      ; - (reexecute) java.util.jar.JarFile$JarFileEntry::getCodeSigners@70
                      ; - jdk.internal.loader.URLClassPath$JarLoader$2::getCodeSigners@4
                      ; - java.net.URLClassLoader::defineClass@185
  0x000002989644a474: 88a0 30ff 

  0x000002989644a478: ;   {other}
  0x000002989644a478: 0f1f 8400 | 686d 00a8 | e9ae daff | ff4c 894c | 2438 448b | d244 8944 | 2430 4c8b | 4424 204c 
  0x000002989644a498: 8944 2428 | 4889 4c24 | 2048 33d2 | 4a8d 14da | 458b c290 

  0x000002989644a4ac: ;   {runtime_call _new_array_Java}
  0x000002989644a4ac: c5f8 77e8 

  0x000002989644a4b0: ; ImmutableOopMap {rbp=Oop [32]=Oop [40]=Oop [48]=NarrowOop }
                      ;*invokevirtual clone {reexecute=1 rethrow=0 return_oop=1}
                      ; - (reexecute) java.security.CodeSource::getCertificates@11
                      ; - java.lang.ClassLoader::postDefineClass@24
                      ; - java.lang.ClassLoader::defineClass@37
                      ; - java.security.SecureClassLoader::defineClass@12
                      ; - java.net.URLClassLoader::defineClass@220
  0x000002989644a4b0: 4ca0 30ff 

  0x000002989644a4b4: ;   {other}
  0x000002989644a4b4: 0f1f 8400 | a46d 00a9 | 4c8b 5424 | 284c 8954 | 2420 448b | 4424 304c | 8b4c 2438 | e930 d4ff 
  0x000002989644a4d4: ffba 45ff | ffff 4c8b | 4424 304c | 8944 2428 | 4c8b 4424 | 384c 8944 | 2430 4c8b | 4424 404c 
  0x000002989644a4f4: 8944 2438 | 4c89 6c24 | 5848 897c | 2460 4889 | 7424 6844 | 8974 2444 | 4c89 6c24 | 7048 897c 
  0x000002989644a514: 2478 899c | 2480 0000 | 004c 899c | 2490 0000 | 0044 8994 | 2484 0000 | 0066 6690 

  0x000002989644a530: ;   {runtime_call UncommonTrapBlob}
  0x000002989644a530: c5f8 77e8 

  0x000002989644a534: ; ImmutableOopMap {rbp=NarrowOop [40]=Oop [48]=Oop [68]=NarrowOop [88]=Oop [96]=Oop [104]=Oop [112]=Oop [120]=Oop [128]=NarrowOop [144]=Oop }
                      ;*ifnull {reexecute=1 rethrow=0 return_oop=0}
                      ; - (reexecute) java.util.concurrent.ConcurrentHashMap::get@143
                      ; - java.lang.ClassLoader::definePackage@47
                      ; - java.lang.ClassLoader::getDefinedPackage@32
                      ; - java.net.URLClassLoader::getAndVerifyPackage@2
                      ; - java.net.URLClassLoader::defineClass@46
  0x000002989644a534: c8d7 23ff 

  0x000002989644a538: ;   {other}
  0x000002989644a538: 0f1f 8400 | 286e 00aa | ba45 ffff | ff48 8b6c | 2428 4c8b | 5424 384c | 8954 2430 | 4c8b 5424 
  0x000002989644a558: 404c 8954 | 2438 448b | 4424 504c | 8b54 2468 | 4c89 5424 | 4844 8944 | 2444 8984 | 2490 0000 
  0x000002989644a578: 0066 6690 

  0x000002989644a57c: ;   {runtime_call UncommonTrapBlob}
  0x000002989644a57c: c5f8 77e8 

  0x000002989644a580: ; ImmutableOopMap {rbp=Oop [32]=Oop [48]=Oop [68]=NarrowOop [72]=Oop [112]=Oop [120]=NarrowOop [128]=Oop }
                      ;*ifeq {reexecute=1 rethrow=0 return_oop=0}
                      ; - (reexecute) java.util.concurrent.ConcurrentHashMap::get@152
                      ; - java.lang.ClassLoader::definePackage@47
                      ; - java.lang.ClassLoader::getDefinedPackage@32
                      ; - java.net.URLClassLoader::getAndVerifyPackage@2
                      ; - java.net.URLClassLoader::defineClass@46
  0x000002989644a580: 7cd7 23ff 

  0x000002989644a584: ;   {other}
  0x000002989644a584: 0f1f 8400 | 746e 00ab | 4889 4c24 | 3844 895c | 2420 498b | ea48 8bd1 | 4c8d 8424 | c000 0000 
  0x000002989644a5a4: ;   {runtime_call _complete_monitor_locking_Java}
  0x000002989644a5a4: c5f8 77e8 

  0x000002989644a5a8: ; ImmutableOopMap {rbp=Oop [32]=NarrowOop [40]=NarrowOop [44]=NarrowOop [48]=Oop [56]=Oop [72]=Oop [80]=Oop [96]=Oop }
                      ;*monitorenter {reexecute=0 rethrow=0 return_oop=0}
                      ; - java.util.zip.ZipFile::getManifestName@3
                      ; - java.util.zip.ZipFile$1::getManifestName@2
                      ; - java.util.jar.JarFile::maybeInstantiateVerifier@20
                      ; - java.util.jar.JarFile$JarFileEntry::getCodeSigners@4
                      ; - jdk.internal.loader.URLClassPath$JarLoader$2::getCodeSigners@4
                      ; - java.net.URLClassLoader::defineClass@185
  0x000002989644a5a8: 542d 31ff 

  0x000002989644a5ac: ;   {other}
  0x000002989644a5ac: 0f1f 8400 | 9c6e 00ac | 4c8b d544 | 8b5c 2420 | 488b 4c24 | 38e9 9abe | ffff 418b | fb49 8bda 
  0x000002989644a5cc: 488d 9424 | c000 0000 | 4d8b c7c5 | f877 49ba | b083 9d05 | fd7f 0000 

  0x000002989644a5e4: ;   {other}
  0x000002989644a5e4: 41ff d20f | 1f84 0000 | 0000 004c | 8bd3 448b | dfe9 29bf | ffff 4889 | 4c24 6844 | 8944 2448 
  0x000002989644a604: 4889 5c24 | 4044 8974 | 243c 4c8b | 5424 604c | 8954 2430 

  0x000002989644a618: ;   {metadata('java/util/ArrayList')}
  0x000002989644a618: 488b ee48 | ba08 7b05 | 0001 0000 | 0066 6690 

  0x000002989644a628: ;   {runtime_call _new_instance_Java}
  0x000002989644a628: c5f8 77e8 

  0x000002989644a62c: ; ImmutableOopMap {rbp=Oop [32]=Oop [40]=Oop [48]=Oop [60]=NarrowOop [64]=Oop [72]=NarrowOop [80]=Oop [104]=Oop }
                      ;*new {reexecute=0 rethrow=0 return_oop=1}
                      ; - java.security.CodeSource::getCertificates@25
                      ; - java.lang.ClassLoader::checkCerts@34
                      ; - java.lang.ClassLoader::preDefineClass@113
                      ; - java.lang.ClassLoader::defineClass@4
                      ; - java.security.SecureClassLoader::defineClass@12
                      ; - java.net.URLClassLoader::defineClass@220
  0x000002989644a62c: d0a1 30ff 

  0x000002989644a630: ;   {other}
  0x000002989644a630: 0f1f 8400 | 206f 00ad | 488b f54c | 8b54 2430 | 4c89 5424 | 6044 8b54 | 243c 458b | f248 8b5c 
  0x000002989644a650: 2440 448b | 4424 4848 | 8b4c 2468 | e9f0 c9ff | ff4c 895c | 2468 4889 | 4c24 4848 | 895c 2440 
  0x000002989644a670: 4489 7424 | 3c4c 8b54 | 2460 4c89 | 5424 3048 

  0x000002989644a680: ;   {metadata('java/security/cert/Certificate'[])}
  0x000002989644a680: 8bee 48ba | 48ed 0200 | 0100 0000 | 4533 c090 

  0x000002989644a690: ;   {runtime_call _new_array_Java}
  0x000002989644a690: c5f8 77e8 

  0x000002989644a694: ; ImmutableOopMap {rbp=Oop [32]=Oop [40]=Oop [48]=Oop [60]=NarrowOop [64]=Oop [72]=Oop [80]=Oop [104]=Oop }
                      ;*anewarray {reexecute=0 rethrow=0 return_oop=1}
                      ; - java.security.CodeSource::getCertificates@70
                      ; - java.lang.ClassLoader::checkCerts@34
                      ; - java.lang.ClassLoader::preDefineClass@113
                      ; - java.lang.ClassLoader::defineClass@4
                      ; - java.security.SecureClassLoader::defineClass@12
                      ; - java.net.URLClassLoader::defineClass@220
  0x000002989644a694: 689e 30ff 

  0x000002989644a698: ;   {other}
  0x000002989644a698: 0f1f 8400 | 886f 00ae | e9f8 caff | ff4c 8944 | 2460 4889 | 5c24 4848 | 33d2 4a8d | 14d2 458b 
  0x000002989644a6b8: c366 6690 

  0x000002989644a6bc: ;   {runtime_call _new_array_Java}
  0x000002989644a6bc: c5f8 77e8 

  0x000002989644a6c0: ; ImmutableOopMap {rbp=Oop [32]=Oop [40]=Oop [48]=Oop [64]=Oop [72]=Oop [80]=Oop }
                      ;*invokevirtual clone {reexecute=1 rethrow=0 return_oop=1}
                      ; - (reexecute) java.security.CodeSource::getCertificates@86
                      ; - java.lang.ClassLoader::checkCerts@34
                      ; - java.lang.ClassLoader::preDefineClass@113
                      ; - java.lang.ClassLoader::defineClass@4
                      ; - java.security.SecureClassLoader::defineClass@12
                      ; - java.net.URLClassLoader::defineClass@220
  0x000002989644a6c0: 3c9e 30ff 

  0x000002989644a6c4: ;   {other}
  0x000002989644a6c4: 0f1f 8400 | b46f 00af | 488b 5c24 | 484c 8b44 | 2460 488b | f8e9 a2cb | ffff 4889 | 7c24 3044 
  0x000002989644a6e4: 8944 242c | 4489 4c24 | 2848 8be9 

  0x000002989644a6f0: ;   {metadata('java/util/ArrayList')}
  0x000002989644a6f0: 48ba 087b | 0500 0100 | 0000 6690 

  0x000002989644a6fc: ;   {runtime_call _new_instance_Java}
  0x000002989644a6fc: c5f8 77e8 

  0x000002989644a700: ; ImmutableOopMap {rbp=Oop [32]=Oop [40]=NarrowOop [44]=NarrowOop [48]=Oop }
                      ;*new {reexecute=0 rethrow=0 return_oop=1}
                      ; - java.security.CodeSource::getCertificates@25
                      ; - java.lang.ClassLoader::postDefineClass@24
                      ; - java.lang.ClassLoader::defineClass@37
                      ; - java.security.SecureClassLoader::defineClass@12
                      ; - java.net.URLClassLoader::defineClass@220
  0x000002989644a700: fca0 30ff 

  0x000002989644a704: ;   {other}
  0x000002989644a704: 0f1f 8400 | f46f 00b0 | 488b cd44 | 8b4c 2428 | 448b 4424 | 2c48 8b7c | 2430 e95b | d2ff ff48 
  0x000002989644a724: 895c 2438 | 4889 7c24 | 3041 8be9 | 4889 4c24 

  0x000002989644a734: ;   {metadata('java/security/cert/Certificate'[])}
  0x000002989644a734: 2848 ba48 | ed02 0001 | 0000 0045 | 33c0 6690 

  0x000002989644a744: ;   {runtime_call _new_array_Java}
  0x000002989644a744: c5f8 77e8 

  0x000002989644a748: ; ImmutableOopMap {rbp=NarrowOop [32]=Oop [40]=Oop [48]=Oop [56]=Oop }
                      ;*anewarray {reexecute=0 rethrow=0 return_oop=1}
                      ; - java.security.CodeSource::getCertificates@70
                      ; - java.lang.ClassLoader::postDefineClass@24
                      ; - java.lang.ClassLoader::defineClass@37
                      ; - java.security.SecureClassLoader::defineClass@12
                      ; - java.net.URLClassLoader::defineClass@220
  0x000002989644a748: b49d 30ff 

  0x000002989644a74c: ;   {other}
  0x000002989644a74c: 0f1f 8400 | 3c70 00b1 | e931 d3ff | ff48 33d2 | 4a8d 14d2 | 458b c390 

  0x000002989644a764: ;   {runtime_call _new_array_Java}
  0x000002989644a764: c5f8 77e8 

  0x000002989644a768: ; ImmutableOopMap {[32]=Oop [40]=Oop [56]=Oop }
                      ;*invokevirtual clone {reexecute=1 rethrow=0 return_oop=1}
                      ; - (reexecute) java.security.CodeSource::getCertificates@86
                      ; - java.lang.ClassLoader::postDefineClass@24
                      ; - java.lang.ClassLoader::defineClass@37
                      ; - java.security.SecureClassLoader::defineClass@12
                      ; - java.net.URLClassLoader::defineClass@220
  0x000002989644a768: 949d 30ff 

  0x000002989644a76c: ;   {other}
  0x000002989644a76c: 0f1f 8400 | 5c70 00b2 | e902 d4ff | ffba 45ff | ffff 4c89 | 6c24 204c | 8b44 2430 | 4c89 4424 
  0x000002989644a78c: 284c 8b44 | 2440 4c89 | 4424 3844 | 8974 2440 | 4c89 5424 | 5044 895c | 2458 4489 | 5c24 5c90 
  0x000002989644a7ac: ;   {runtime_call UncommonTrapBlob}
  0x000002989644a7ac: c5f8 77e8 

  0x000002989644a7b0: ; ImmutableOopMap {[32]=Oop [40]=Oop [64]=NarrowOop [80]=Oop [88]=NarrowOop [92]=NarrowOop [176]=Oop }
                      ;*ifeq {reexecute=1 rethrow=0 return_oop=0}
                      ; - (reexecute) java.util.zip.ZipFile::ensureOpen@4
                      ; - java.util.zip.ZipFile::getManifestName@5
                      ; - java.util.zip.ZipFile$1::getManifestName@2
                      ; - java.util.jar.JarFile::maybeInstantiateVerifier@20
                      ; - java.util.jar.JarFile::ensureInitialization@1
                      ; - java.util.jar.JavaUtilJarAccessImpl::ensureInitialization@1
                      ; - jdk.internal.loader.URLClassPath$JarLoader$2::getManifest@10
                      ; - java.net.URLClassLoader::defineClass@34
  0x000002989644a7b0: 4cd5 23ff 

  0x000002989644a7b4: ;   {other}
  0x000002989644a7b4: 0f1f 8400 | a470 00b3 | ba45 ffff | ff48 ff74 | 2448 488f | 4424 204c | 8b44 2440 | 4c89 4424 
  0x000002989644a7d4: 3844 8b44 | 242c 4489 | 4424 284c | 8954 2448 | 4489 5c24 | 5044 895c | 2454 6690 

  0x000002989644a7f0: ;   {runtime_call UncommonTrapBlob}
  0x000002989644a7f0: c5f8 77e8 

  0x000002989644a7f4: ; ImmutableOopMap {[32]=Oop [40]=NarrowOop [48]=Oop [72]=Oop [80]=NarrowOop [84]=NarrowOop [96]=Oop }
                      ;*ifeq {reexecute=1 rethrow=0 return_oop=0}
                      ; - (reexecute) java.util.zip.ZipFile::ensureOpen@4
                      ; - java.util.zip.ZipFile::getManifestName@5
                      ; - java.util.zip.ZipFile$1::getManifestName@2
                      ; - java.util.jar.JarFile::maybeInstantiateVerifier@20
                      ; - java.util.jar.JarFile$JarFileEntry::getCodeSigners@4
                      ; - jdk.internal.loader.URLClassPath$JarLoader$2::getCodeSigners@4
                      ; - java.net.URLClassLoader::defineClass@185
  0x000002989644a7f4: 08d5 23ff 

  0x000002989644a7f8: ;   {other}
  0x000002989644a7f8: 0f1f 8400 | e870 00b4 | 4863 cfe9 | 7dc1 ffff | 4983 c3fe | 498b cb49 | 8bfa 4833 | c048 83f9 
  0x000002989644a818: 087f 1048 | ffc9 7856 | 4889 04cf | 48ff c97d | f7eb 4bc5 | fdef c0e9 | 0d00 0000 | c5fe 7f07 
  0x000002989644a838: c5fe 7f47 | 2048 83c7 | 4048 83e9 | 087d ed48 | 83c1 047c | 0cc5 fe7f | 0748 83c7 | 2048 83e9 
  0x000002989644a858: 0448 83c1 | 047e 1748 | c7c0 ffff | ffff c4e2 | f0f5 c0c4 | e1fb 92f8 | 62f1 fe2f | 7f07 e931 
  0x000002989644a878: c2ff ffba | ccff ffff | 488b 6c24 | 484c 8b4c | 2430 4c89 | 4c24 204c | 8b4c 2460 | 4c89 4c24 
  0x000002989644a898: 304c 8b4c | 2440 4c89 | 4c24 3844 | 8b4c 242c | 4489 4c24 | 2844 8954 | 2448 4489 | 4424 4c89 
  0x000002989644a8b8: 5c24 504c | 895c 2458 | 897c 2460 

  0x000002989644a8c4: ;   {runtime_call UncommonTrapBlob}
  0x000002989644a8c4: c5f8 77e8 

  0x000002989644a8c8: ; ImmutableOopMap {rbp=Oop [32]=Oop [40]=NarrowOop [48]=Oop [88]=Oop [104]=Oop }
                      ;*newarray {reexecute=1 rethrow=0 return_oop=0}
                      ; - (reexecute) java.util.Arrays::copyOf@15
                      ; - jdk.internal.loader.Resource::getBytes@94
                      ; - java.net.URLClassLoader::defineClass@179
  0x000002989644a8c8: 34d4 23ff 

  0x000002989644a8cc: ;   {other}
  0x000002989644a8cc: 0f1f 8400 | bc71 00b5 | ba76 ffff | ff48 8b6c | 2430 448b | 5c24 3844 | 895c 2430 | 4c8b 5c24 
  0x000002989644a8ec: 604c 895c | 2438 4889 | 4c24 5889 | 7c24 3444 | 8954 2460 | 8974 2464 | 4c89 4c24 | 6844 8944 
  0x000002989644a90c: 2474 6690 

  0x000002989644a910: ;   {runtime_call UncommonTrapBlob}
  0x000002989644a910: c5f8 77e8 

  0x000002989644a914: ; ImmutableOopMap {rbp=Oop [32]=Oop [40]=Oop [56]=Oop [88]=Oop [100]=NarrowOop [104]=Oop }
                      ;*if_icmpge {reexecute=1 rethrow=0 return_oop=0}
                      ; - (reexecute) java.lang.ClassLoader::compareCerts@67
                      ; - java.lang.ClassLoader::checkCerts@80
                      ; - java.lang.ClassLoader::preDefineClass@113
                      ; - java.lang.ClassLoader::defineClass@4
                      ; - java.security.SecureClassLoader::defineClass@12
                      ; - java.net.URLClassLoader::defineClass@220
  0x000002989644a914: e8d3 23ff 

  0x000002989644a918: ;   {other}
  0x000002989644a918: 0f1f 8400 | 0872 00b6 | ba76 ffff | ff48 8b6c | 2430 448b | 4424 3844 | 8944 2430 | 4c8b 4424 
  0x000002989644a938: 604c 8944 | 2438 4c8b | 4424 704c | 894c 2450 | 4489 5c24 | 5844 8954 | 245c 4c89 | 4424 6044 
  0x000002989644a958: 8b94 2494 | 0000 0044 | 8954 246c 

  0x000002989644a964: ;   {runtime_call UncommonTrapBlob}
  0x000002989644a964: c5f8 77e8 

  0x000002989644a968: ; ImmutableOopMap {rbp=Oop [32]=Oop [40]=Oop [56]=Oop [80]=Oop [92]=NarrowOop [96]=Oop [112]=Oop }
                      ;*if_icmpge {reexecute=1 rethrow=0 return_oop=0}
                      ; - (reexecute) java.lang.ClassLoader::compareCerts@152
                      ; - java.lang.ClassLoader::checkCerts@80
                      ; - java.lang.ClassLoader::preDefineClass@113
                      ; - java.lang.ClassLoader::defineClass@4
                      ; - java.security.SecureClassLoader::defineClass@12
                      ; - java.net.URLClassLoader::defineClass@220
  0x000002989644a968: 94d3 23ff 

  0x000002989644a96c: ;   {other}
  0x000002989644a96c: 0f1f 8400 | 5c72 00b7 | ba45 ffff | ff48 ff74 | 2448 488f | 4424 2044 | 8b5c 242c | 4489 5c24 
  0x000002989644a98c: 2844 8944 | 245c 6690 

  0x000002989644a994: ;   {runtime_call UncommonTrapBlob}
  0x000002989644a994: c5f8 77e8 

  0x000002989644a998: ; ImmutableOopMap {[32]=Oop [40]=NarrowOop [48]=Oop [96]=Oop [104]=Oop [120]=Oop }
                      ;*ifge {reexecute=1 rethrow=0 return_oop=0}
                      ; - (reexecute) jdk.internal.loader.Resource::getBytes@135
                      ; - java.net.URLClassLoader::defineClass@179
  0x000002989644a998: 64d3 23ff 

  0x000002989644a99c: ;   {other}
  0x000002989644a99c: 0f1f 8400 | 8c72 00b8 | ba45 ffff | ff48 8b6c | 2448 4c8b | 4c24 304c | 894c 2420 | 4c8b 4c24 
  0x000002989644a9bc: 404c 894c | 2438 448b | 4c24 2c44 | 894c 2428 | 4c89 5c24 | 4044 8954 | 2450 4489 | 4424 5489 
  0x000002989644a9dc: 5c24 5890 

  0x000002989644a9e0: ;   {runtime_call UncommonTrapBlob}
  0x000002989644a9e0: c5f8 77e8 

  0x000002989644a9e4: ; ImmutableOopMap {rbp=Oop [32]=Oop [40]=NarrowOop [64]=Oop [96]=Oop [104]=Oop }
                      ;*ifge {reexecute=1 rethrow=0 return_oop=0}
                      ; - (reexecute) jdk.internal.loader.Resource::getBytes@78
                      ; - java.net.URLClassLoader::defineClass@179
  0x000002989644a9e4: 18d3 23ff 

  0x000002989644a9e8: ;   {other}
  0x000002989644a9e8: 0f1f 8400 | d872 00b9 | baf6 ffff | ff48 8b6c | 2448 4c8b | 5c24 304c | 895c 2420 | 4c8b 5c24 
  0x000002989644aa08: 404c 895c | 2438 448b | 5c24 2c44 | 895c 2428 | 4489 5424 | 2c66 6690 

  0x000002989644aa20: ;   {runtime_call UncommonTrapBlob}
  0x000002989644aa20: c5f8 77e8 

  0x000002989644aa24: ; ImmutableOopMap {rbp=Oop [32]=Oop [40]=NarrowOop [96]=Oop [104]=Oop }
                      ;*invokevirtual length {reexecute=0 rethrow=0 return_oop=0}
                      ; - jdk.internal.loader.URLClassPath$FileLoader$1::getContentLength@4
                      ; - jdk.internal.loader.Resource::getBytes@10
                      ; - java.net.URLClassLoader::defineClass@179
  0x000002989644aa24: d8d2 23ff 

  0x000002989644aa28: ;   {other}
  0x000002989644aa28: 0f1f 8400 | 1873 00ba | bac6 ffff | ff48 8b6c | 2448 4c8b | 5c24 304c | 895c 2420 | 4c8b 5c24 
  0x000002989644aa48: 404c 895c | 2430 4c89 | 5424 4090 

  0x000002989644aa54: ;   {runtime_call UncommonTrapBlob}
  0x000002989644aa54: c5f8 77e8 

  0x000002989644aa58: ; ImmutableOopMap {rbp=Oop [32]=Oop [44]=NarrowOop [64]=Oop [96]=Oop }
                      ;*invokevirtual getCodeSigners {reexecute=0 rethrow=0 return_oop=0}
                      ; - java.net.URLClassLoader::defineClass@185
  0x000002989644aa58: a4d2 23ff 

  0x000002989644aa5c: ;   {other}
  0x000002989644aa5c: 0f1f 8400 | 4c73 00bb | bac6 ffff | ff48 8b6c | 2448 4c8b | 5424 304c | 8954 2420 | 4c8b 5424 
  0x000002989644aa7c: 404c 8954 | 2438 4c89 | 4424 4090 

  0x000002989644aa88: ;   {runtime_call UncommonTrapBlob}
  0x000002989644aa88: c5f8 77e8 

  0x000002989644aa8c: ; ImmutableOopMap {rbp=Oop [32]=Oop [44]=NarrowOop [64]=Oop }
                      ;*invokevirtual getBytes {reexecute=0 rethrow=0 return_oop=0}
                      ; - java.net.URLClassLoader::defineClass@179
  0x000002989644aa8c: 70d2 23ff 

  0x000002989644aa90: ;   {other}
  0x000002989644aa90: 0f1f 8400 | 8073 00bc | bae4 ffff | ff48 8b6c | 2420 4c8b | 5424 604c | 8954 2440 | 4889 7424 
  0x000002989644aab0: 4848 895c | 2450 4489 | 7424 3c4c | 895c 2468 | 4489 4424 | 6444 894c | 2470 6690 

  0x000002989644aacc: ;   {runtime_call UncommonTrapBlob}
  0x000002989644aacc: c5f8 77e8 

  0x000002989644aad0: ; ImmutableOopMap {rbp=Oop [40]=Oop [60]=NarrowOop [64]=Oop [72]=Oop [80]=Oop [100]=NarrowOop [104]=Oop }
                      ;*aaload {reexecute=0 rethrow=0 return_oop=0}
                      ; - java.security.CodeSource::getCertificates@50
                      ; - java.lang.ClassLoader::checkCerts@34
                      ; - java.lang.ClassLoader::preDefineClass@113
                      ; - java.lang.ClassLoader::defineClass@4
                      ; - java.security.SecureClassLoader::defineClass@12
                      ; - java.net.URLClassLoader::defineClass@220
  0x000002989644aad0: 2cd2 23ff 

  0x000002989644aad4: ;   {other}
  0x000002989644aad4: 0f1f 8400 | c473 00bd | bac6 ffff | ff41 8be8 | 4c8b 5424 | 284c 8954 | 2420 4c8b | 5424 304c 
  0x000002989644aaf4: 8954 2428 

  0x000002989644aaf8: ;   {runtime_call UncommonTrapBlob}
  0x000002989644aaf8: c5f8 77e8 

  0x000002989644aafc: ; ImmutableOopMap {[32]=Oop [40]=Oop [56]=Oop }
                      ;*invokevirtual getCodeSourceURL {reexecute=0 rethrow=0 return_oop=0}
                      ; - java.net.URLClassLoader::defineClass@13
  0x000002989644aafc: 00d2 23ff 

  0x000002989644ab00: ;   {other}
  0x000002989644ab00: 0f1f 8400 | f073 00be | bae4 ffff | ff48 894c | 2428 4489 | 4c24 3048 | 895c 2440 | 4489 4424 
  0x000002989644ab20: 4844 895c | 244c 6690 

  0x000002989644ab28: ;   {runtime_call UncommonTrapBlob}
  0x000002989644ab28: c5f8 77e8 

  0x000002989644ab2c: ; ImmutableOopMap {[32]=Oop [40]=Oop [48]=NarrowOop [64]=Oop [72]=NarrowOop }
                      ;*aaload {reexecute=0 rethrow=0 return_oop=0}
                      ; - java.security.CodeSource::getCertificates@50
                      ; - java.lang.ClassLoader::postDefineClass@24
                      ; - java.lang.ClassLoader::defineClass@37
                      ; - java.security.SecureClassLoader::defineClass@12
                      ; - java.net.URLClassLoader::defineClass@220
  0x000002989644ab2c: d0d1 23ff 

  0x000002989644ab30: ;   {other}
  0x000002989644ab30: 0f1f 8400 | 2074 00bf | bac6 ffff | ff49 8bed | 4c8b 5424 | 304c 8954 | 2420 4c8b | 5424 404c 
  0x000002989644ab50: 8954 2430 | 4489 7424 | 4066 6690 

  0x000002989644ab5c: ;   {runtime_call UncommonTrapBlob}
  0x000002989644ab5c: c5f8 77e8 

  0x000002989644ab60: ; ImmutableOopMap {rbp=Oop [32]=Oop [56]=Oop [64]=NarrowOop [176]=Oop }
                      ;*invokevirtual getManifest {reexecute=0 rethrow=0 return_oop=0}
                      ; - java.net.URLClassLoader::defineClass@34
  0x000002989644ab60: 9cd1 23ff 

  0x000002989644ab64: ;   {other}
  0x000002989644ab64: 0f1f 8400 | 5474 00c0 | ba45 ffff | ff48 ff74 | 2448 488f | 4424 204c | 8b54 2460 | 4c89 5424 
  0x000002989644ab84: 484c 895c | 2458 6690 

  0x000002989644ab8c: ;   {runtime_call UncommonTrapBlob}
  0x000002989644ab8c: c5f8 77e8 

  0x000002989644ab90: ; ImmutableOopMap {[32]=Oop [44]=NarrowOop [48]=Oop [72]=Oop [88]=Oop [96]=Oop [104]=Oop }
                      ;*ifeq {reexecute=1 rethrow=0 return_oop=0}
                      ; - (reexecute) java.lang.Thread::getAndClearInterrupt@6
                      ; - java.lang.Thread::interrupted@3
                      ; - jdk.internal.loader.Resource::getBytes@5
                      ; - java.net.URLClassLoader::defineClass@179
  0x000002989644ab90: 6cd1 23ff 

  0x000002989644ab94: ;   {other}
  0x000002989644ab94: 0f1f 8400 | 8474 00c1 | ba45 ffff | ff48 8b6c | 2448 4c8b | 4424 304c | 8944 2420 | 4c8b 4424 
  0x000002989644abb4: 404c 8944 | 2438 448b | 4424 2c44 | 8944 2428 | 4c89 5c24 | 4044 8954 | 2450 6690 

  0x000002989644abd0: ;   {runtime_call UncommonTrapBlob}
  0x000002989644abd0: c5f8 77e8 

  0x000002989644abd4: ; ImmutableOopMap {rbp=Oop [32]=Oop [40]=NarrowOop [64]=Oop [96]=Oop [104]=Oop }
                      ;*if_icmpne {reexecute=1 rethrow=0 return_oop=0}
                      ; - (reexecute) jdk.internal.loader.Resource::getBytes@36
                      ; - java.net.URLClassLoader::defineClass@179
  0x000002989644abd4: 28d1 23ff 

  0x000002989644abd8: ;   {other}
  0x000002989644abd8: 0f1f 8400 | c874 00c2 | 41bb 0100 | 0000 ba45 | ffff ff44 | 8b44 242c | 4489 4424 | 2844 895c 
  0x000002989644abf8: 242c 6690 

  0x000002989644abfc: ;   {runtime_call UncommonTrapBlob}
  0x000002989644abfc: c5f8 77e8 

  0x000002989644ac00: ; ImmutableOopMap {rbp=Oop [40]=NarrowOop [48]=Oop [72]=Oop [96]=Oop }
                      ;*ifeq {reexecute=1 rethrow=0 return_oop=0}
                      ; - (reexecute) jdk.internal.loader.Resource::getBytes@199
                      ; - java.net.URLClassLoader::defineClass@179
  0x000002989644ac00: fcd0 23ff 

  0x000002989644ac04: ;   {other}
  0x000002989644ac04: 0f1f 8400 | f474 00c3 | baf6 ffff | ff66 6690 

  0x000002989644ac14: ;   {runtime_call UncommonTrapBlob}
  0x000002989644ac14: c5f8 77e8 

  0x000002989644ac18: ; ImmutableOopMap {}
                      ;*invokevirtual isNamed {reexecute=0 rethrow=0 return_oop=0}
                      ; - java.lang.NamedPackage::<init>@12
                      ; - java.lang.ClassLoader::getNamedPackage@22
                      ; - java.lang.ClassLoader::postDefineClass@9
                      ; - java.lang.ClassLoader::defineClass@37
                      ; - java.security.SecureClassLoader::defineClass@12
                      ; - java.net.URLClassLoader::defineClass@220
  0x000002989644ac18: e4d0 23ff 

  0x000002989644ac1c: ;   {other}
  0x000002989644ac1c: 0f1f 8400 | 0c75 00c4 | ba12 0000 | 0066 6690 

  0x000002989644ac2c: ;   {runtime_call UncommonTrapBlob}
  0x000002989644ac2c: c5f8 77e8 

  0x000002989644ac30: ; ImmutableOopMap {rbp=NarrowOop [32]=Oop [40]=Oop [48]=Oop [56]=Oop [64]=Oop }
                      ;*new {reexecute=0 rethrow=0 return_oop=0}
                      ; - java.lang.NamedPackage::<init>@18
                      ; - java.lang.ClassLoader::getNamedPackage@22
                      ; - java.lang.ClassLoader::postDefineClass@9
                      ; - java.lang.ClassLoader::defineClass@37
                      ; - java.security.SecureClassLoader::defineClass@12
                      ; - java.net.URLClassLoader::defineClass@220
  0x000002989644ac30: ccd0 23ff 

  0x000002989644ac34: ;   {other}
  0x000002989644ac34: 0f1f 8400 | 2475 00c5 | bac6 ffff | ff4c 8b5c | 2440 4c89 | 5c24 3048 | 894c 2438 | 4489 4c24 
  0x000002989644ac54: 4844 8944 | 244c 4489 | 5424 5048 | 895c 2458 

  0x000002989644ac64: ;   {runtime_call UncommonTrapBlob}
  0x000002989644ac64: c5f8 77e8 

  0x000002989644ac68: ; ImmutableOopMap {[32]=Oop [48]=Oop [56]=Oop [72]=NarrowOop [76]=NarrowOop [88]=Oop }
                      ;*invokevirtual find {reexecute=0 rethrow=0 return_oop=0}
                      ; - java.util.concurrent.ConcurrentHashMap::get@93
                      ; - java.lang.ClassLoader::getNamedPackage@5
                      ; - java.lang.ClassLoader::postDefineClass@9
                      ; - java.lang.ClassLoader::defineClass@37
                      ; - java.security.SecureClassLoader::defineClass@12
                      ; - java.net.URLClassLoader::defineClass@220
  0x000002989644ac68: 94d0 23ff 

  0x000002989644ac6c: ;   {other}
  0x000002989644ac6c: 0f1f 8400 | 5c75 00c6 | bac6 ffff | ff4c 8b5c | 2430 4c89 | 5c24 204c | 8b5c 2438 | 4c89 5c24 
  0x000002989644ac8c: 284c 8b5c | 2440 4c89 | 5c24 304c | 896c 2450 | 4889 7c24 | 5848 8974 | 2460 4489 | 7424 3c4c 
  0x000002989644acac: 896c 2468 | 4889 7c24 | 7044 8954 | 2478 4489 | 4424 7c90 

  0x000002989644acc0: ;   {runtime_call UncommonTrapBlob}
  0x000002989644acc0: c5f8 77e8 

  0x000002989644acc4: ; ImmutableOopMap {[32]=Oop [40]=Oop [60]=NarrowOop [80]=Oop [88]=Oop [96]=Oop [104]=Oop [112]=Oop [120]=NarrowOop }
                      ;*invokevirtual find {reexecute=0 rethrow=0 return_oop=0}
                      ; - java.util.concurrent.ConcurrentHashMap::get@93
                      ; - java.lang.ClassLoader::getDefinedPackage@13
                      ; - java.net.URLClassLoader::getAndVerifyPackage@2
                      ; - java.net.URLClassLoader::defineClass@46
  0x000002989644acc4: 38d0 23ff 

  0x000002989644acc8: ;   {other}
  0x000002989644acc8: 0f1f 8400 | b875 00c7 | 498b d7c5 | f877 49ba | a0f9 5b05 | fd7f 0000 

  0x000002989644ace0: ;   {other}
  0x000002989644ace0: 41ff d20f | 1f84 0000 | 0000 00e9 | 1fc9 ffff | ba76 ffff | ff48 8b6c | 2430 448b | 5c24 3844 
  0x000002989644ad00: 895c 2430 | 4c8b 5424 | 604c 8954 | 2438 4c89 | 4c24 4848 | 894c 2458 | 897c 2460 

  0x000002989644ad1c: ;   {runtime_call UncommonTrapBlob}
  0x000002989644ad1c: c5f8 77e8 

  0x000002989644ad20: ; ImmutableOopMap {rbp=Oop [32]=Oop [40]=Oop [56]=Oop [72]=Oop [88]=Oop }
                      ;*if_icmpge {reexecute=1 rethrow=0 return_oop=0}
                      ; - (reexecute) java.lang.ClassLoader::compareCerts@40
                      ; - java.lang.ClassLoader::checkCerts@80
                      ; - java.lang.ClassLoader::preDefineClass@113
                      ; - java.lang.ClassLoader::defineClass@4
                      ; - java.security.SecureClassLoader::defineClass@12
                      ; - java.net.URLClassLoader::defineClass@220
  0x000002989644ad20: dccf 23ff 

  0x000002989644ad24: ;   {other}
  0x000002989644ad24: 0f1f 8400 | 1476 00c8 | bac6 ffff | ff4c 8b5c | 2430 4c89 | 5c24 204c | 8b5c 2438 | 4c89 5c24 
  0x000002989644ad44: 284c 8b5c | 2440 4c89 | 5c24 304c | 896c 2450 | 4889 7c24 | 5848 8974 | 2460 4489 | 7424 3c4c 
  0x000002989644ad64: 896c 2468 | 4889 7c24 | 7089 5c24 | 7844 8944 | 247c 4489 | 9424 8000 | 0000 6690 

  0x000002989644ad80: ;   {runtime_call UncommonTrapBlob}
  0x000002989644ad80: c5f8 77e8 

  0x000002989644ad84: ; ImmutableOopMap {[32]=Oop [40]=Oop [60]=NarrowOop [80]=Oop [88]=Oop [96]=Oop [104]=Oop [112]=Oop [120]=NarrowOop [124]=NarrowOop }
                      ;*invokevirtual find {reexecute=0 rethrow=0 return_oop=0}
                      ; - java.util.concurrent.ConcurrentHashMap::get@93
                      ; - java.lang.ClassLoader::definePackage@47
                      ; - java.lang.ClassLoader::getDefinedPackage@32
                      ; - java.net.URLClassLoader::getAndVerifyPackage@2
                      ; - java.net.URLClassLoader::defineClass@46
  0x000002989644ad84: 78cf 23ff 

  0x000002989644ad88: ;   {other}
  0x000002989644ad88: 0f1f 8400 | 7876 00c9 | 498b eb44 | 8954 2474 | 4489 8424 | 8000 0000 | 418b f989 | 9c24 8400 
  0x000002989644ada8: 0000 4889 | 5424 7848 | 898c 2488 

  0x000002989644adb4: ;   {metadata({type array byte})}
  0x000002989644adb4: 0000 0048 | ba78 0a04 | 0001 0000 | 0044 8bc7 

  0x000002989644adc4: ;   {runtime_call _new_array_nozero_Java}
  0x000002989644adc4: c5f8 77e8 

  0x000002989644adc8: ; ImmutableOopMap {rbp=Oop [120]=Derived_oop_rbp [32]=Oop [40]=NarrowOop [44]=NarrowOop [48]=Oop [56]=Oop [72]=Oop [80]=Oop [96]=Oop [104]=Oop }
                      ;*invokevirtual clone {reexecute=1 rethrow=0 return_oop=1}
                      ; - (reexecute) java.util.Arrays::copyOf@7
                      ; - jdk.internal.loader.Resource::getBytes@94
                      ; - java.net.URLClassLoader::defineClass@179
  0x000002989644adc8: b493 30ff 

  0x000002989644adcc: ;   {other}
  0x000002989644adcc: 0f1f 8400 | bc76 00ca | 4c8b d0e9 | b3e1 ffff | baf6 ffff | ff66 6690 

  0x000002989644ade4: ;   {runtime_call UncommonTrapBlob}
  0x000002989644ade4: c5f8 77e8 

  0x000002989644ade8: ; ImmutableOopMap {}
                      ;*invokevirtual intern {reexecute=0 rethrow=0 return_oop=0}
                      ; - java.lang.Class::getPackageName@65
                      ; - java.lang.ClassLoader::postDefineClass@2
                      ; - java.lang.ClassLoader::defineClass@37
                      ; - java.security.SecureClassLoader::defineClass@12
                      ; - java.net.URLClassLoader::defineClass@220
  0x000002989644ade8: 14cf 23ff 

  0x000002989644adec: ;   {other}
  0x000002989644adec: 0f1f 8400 | dc76 00cb | baf6 ffff | ff48 8b6c | 2428 4c8b | 5424 584c | 8954 2428 | 4c8b 5424 
  0x000002989644ae0c: 404c 8954 | 2430 448b | 4424 5044 | 8944 2438 | 4489 5c24 | 5044 895c | 2454 6690 

  0x000002989644ae28: ;   {runtime_call UncommonTrapBlob}
  0x000002989644ae28: c5f8 77e8 

  0x000002989644ae2c: ; ImmutableOopMap {rbp=Oop [32]=Oop [40]=Oop [56]=NarrowOop [80]=NarrowOop [84]=NarrowOop [176]=Oop }
                      ;*invokevirtual zipCoderForPos {reexecute=0 rethrow=0 return_oop=0}
                      ; - java.util.zip.ZipFile::getEntryName@25
                      ; - java.util.zip.ZipFile::getManifestName@41
                      ; - java.util.zip.ZipFile$1::getManifestName@2
                      ; - java.util.jar.JarFile::maybeInstantiateVerifier@20
                      ; - java.util.jar.JarFile::ensureInitialization@1
                      ; - java.util.jar.JavaUtilJarAccessImpl::ensureInitialization@1
                      ; - jdk.internal.loader.URLClassPath$JarLoader$2::getManifest@10
                      ; - java.net.URLClassLoader::defineClass@34
  0x000002989644ae2c: d0ce 23ff 

  0x000002989644ae30: ;   {other}
  0x000002989644ae30: 0f1f 8400 | 2077 00cc | baf6 ffff | ff48 8b6c | 2448 448b | 4424 2c44 | 8944 2428 

  0x000002989644ae4c: ;   {runtime_call UncommonTrapBlob}
  0x000002989644ae4c: c5f8 77e8 

  0x000002989644ae50: ; ImmutableOopMap {rbp=Oop [32]=Oop [40]=NarrowOop [48]=Oop [56]=NarrowOop [96]=Oop }
                      ;*invokevirtual zipCoderForPos {reexecute=0 rethrow=0 return_oop=0}
                      ; - java.util.zip.ZipFile::getEntryName@25
                      ; - java.util.zip.ZipFile::getManifestName@41
                      ; - java.util.zip.ZipFile$1::getManifestName@2
                      ; - java.util.jar.JarFile::maybeInstantiateVerifier@20
                      ; - java.util.jar.JarFile$JarFileEntry::getCodeSigners@4
                      ; - jdk.internal.loader.URLClassPath$JarLoader$2::getCodeSigners@4
                      ; - java.net.URLClassLoader::defineClass@185
  0x000002989644ae50: acce 23ff 

  0x000002989644ae54: ;   {other}
  0x000002989644ae54: 0f1f 8400 | 4477 00cd | 498b f849 | 8bc8 488d | 9424 c000 | 0000 4d8b | c7c5 f877 | 49ba b083 
  0x000002989644ae74: 9d05 fd7f | 0000 41ff 

  0x000002989644ae7c: ;   {other}
  0x000002989644ae7c: d20f 1f84 | 0000 0000 | 004c 8bc7 | e932 d6ff | ff49 8bd7 | c5f8 7749 | baa0 f95b | 05fd 7f00 
  0x000002989644ae9c: 0041 ffd2 

  0x000002989644aea0: ;   {other}
  0x000002989644aea0: 0f1f 8400 | 0000 0000 | e9c2 cfff | ff49 8bd7 | c5f8 7749 | baa0 f95b | 05fd 7f00 | 0041 ffd2 
  0x000002989644aec0: ;   {other}
  0x000002989644aec0: 0f1f 8400 | 0000 0000 | e90e c3ff | ff49 8bd7 | c5f8 7749 | baa0 f95b | 05fd 7f00 | 0041 ffd2 
  0x000002989644aee0: ;   {other}
  0x000002989644aee0: 0f1f 8400 | 0000 0000 | e9d8 cbff | ffba 66ff | ffff 4c8b | 5424 304c | 8954 2428 | 4c8b 5424 
  0x000002989644af00: 404c 8954 | 2430 448b | 5424 5044 | 8954 2438 | 448b 5c24 | 6044 895c | 2450 4489 | 5c24 5490 
  0x000002989644af20: ;   {runtime_call UncommonTrapBlob}
  0x000002989644af20: c5f8 77e8 

  0x000002989644af24: ; ImmutableOopMap {rbp=Oop [32]=Oop [40]=Oop [56]=NarrowOop [80]=NarrowOop [84]=NarrowOop [176]=Oop }
                      ;*invokevirtual getManifest {reexecute=0 rethrow=0 return_oop=0}
                      ; - java.util.jar.JarFile::maybeInstantiateVerifier@31
                      ; - java.util.jar.JarFile::ensureInitialization@1
                      ; - java.util.jar.JavaUtilJarAccessImpl::ensureInitialization@1
                      ; - jdk.internal.loader.URLClassPath$JarLoader$2::getManifest@10
                      ; - java.net.URLClassLoader::defineClass@34
  0x000002989644af24: d8cd 23ff 

  0x000002989644af28: ;   {other}
  0x000002989644af28: 0f1f 8400 | 1878 00ce | bade ffff | ff4c 8b54 | 2440 4c89 | 5424 3844 | 8b54 242c | 4489 5424 
  0x000002989644af48: 2844 895c | 242c 6690 

  0x000002989644af50: ;   {runtime_call UncommonTrapBlob}
  0x000002989644af50: c5f8 77e8 

  0x000002989644af54: ; ImmutableOopMap {rbp=Oop [32]=Oop [40]=NarrowOop [44]=NarrowOop [48]=Oop [96]=Oop }
                      ;*invokevirtual getManifest {reexecute=0 rethrow=0 return_oop=0}
                      ; - java.util.jar.JarFile::maybeInstantiateVerifier@31
                      ; - java.util.jar.JarFile$JarFileEntry::getCodeSigners@4
                      ; - jdk.internal.loader.URLClassPath$JarLoader$2::getCodeSigners@4
                      ; - java.net.URLClassLoader::defineClass@185
  0x000002989644af54: a8cd 23ff 

  0x000002989644af58: ;   {other}
  0x000002989644af58: 0f1f 8400 | 4878 00cf | baf6 ffff | ff66 6690 

  0x000002989644af68: ;   {runtime_call UncommonTrapBlob}
  0x000002989644af68: c5f8 77e8 

  0x000002989644af6c: ; ImmutableOopMap {}
                      ;*invokevirtual clone {reexecute=1 rethrow=0 return_oop=0}
                      ; - (reexecute) java.security.CodeSource::getCertificates@86
                      ; - java.lang.ClassLoader::checkCerts@34
                      ; - java.lang.ClassLoader::preDefineClass@113
                      ; - java.lang.ClassLoader::defineClass@4
                      ; - java.security.SecureClassLoader::defineClass@12
                      ; - java.net.URLClassLoader::defineClass@220
  0x000002989644af6c: 90cd 23ff 

  0x000002989644af70: ;   {other}
  0x000002989644af70: 0f1f 8400 | 6078 00d0 | baf6 ffff | ff66 6690 

  0x000002989644af80: ;   {runtime_call UncommonTrapBlob}
  0x000002989644af80: c5f8 77e8 

  0x000002989644af84: ; ImmutableOopMap {}
                      ;*invokevirtual clone {reexecute=1 rethrow=0 return_oop=0}
                      ; - (reexecute) java.security.CodeSource::getCertificates@86
                      ; - java.lang.ClassLoader::postDefineClass@24
                      ; - java.lang.ClassLoader::defineClass@37
                      ; - java.security.SecureClassLoader::defineClass@12
                      ; - java.net.URLClassLoader::defineClass@220
  0x000002989644af84: 78cd 23ff 

  0x000002989644af88: ;   {other}
  0x000002989644af88: 0f1f 8400 | 7878 00d1 | bade ffff | ff48 8b6c | 2420 4c8b | 5424 304c | 8954 2420 | 448b 5c24 
  0x000002989644afa8: 3844 895c | 2430 4889 | 4424 3890 

  0x000002989644afb4: ;   {runtime_call UncommonTrapBlob}
  0x000002989644afb4: c5f8 77e8 

  0x000002989644afb8: ; ImmutableOopMap {rbp=Oop [32]=Oop [40]=Oop [56]=Oop }
                      ;*checkcast {reexecute=0 rethrow=0 return_oop=0}
                      ; - java.security.SecureClassLoader::getProtectionDomain@33
                      ; - java.security.SecureClassLoader::defineClass@9
                      ; - java.net.URLClassLoader::defineClass@220
  0x000002989644afb8: 44cd 23ff 

  0x000002989644afbc: ;   {other}
  0x000002989644afbc: 0f1f 8400 | ac78 00d2 | bade ffff | ff4c 8b54 | 2430 4c89 | 5424 284c | 8b54 2438 | 4c89 5424 
  0x000002989644afdc: 304c 8b54 | 2440 4c89 | 5424 384c | 896c 2458 | 4889 7c24 | 6048 8974 | 2468 4489 | 7424 444c 
  0x000002989644affc: 896c 2470 | 4889 7c24 | 7866 6690 

  0x000002989644b008: ;   {runtime_call UncommonTrapBlob}
  0x000002989644b008: c5f8 77e8 

  0x000002989644b00c: ; ImmutableOopMap {rbp=NarrowOop [40]=Oop [48]=Oop [68]=NarrowOop [88]=Oop [96]=Oop [104]=Oop [112]=Oop [120]=Oop }
                      ;*checkcast {reexecute=0 rethrow=0 return_oop=0}
                      ; - java.lang.ClassLoader::getDefinedPackage@16
                      ; - java.net.URLClassLoader::getAndVerifyPackage@2
                      ; - java.net.URLClassLoader::defineClass@46
  0x000002989644b00c: f0cc 23ff 

  0x000002989644b010: ;   {other}
  0x000002989644b010: 0f1f 8400 | 0079 00d3 | bade ffff | ff48 8b6c | 2430 4889 | 4424 5890 

  0x000002989644b028: ;   {runtime_call UncommonTrapBlob}
  0x000002989644b028: c5f8 77e8 

  0x000002989644b02c: ; ImmutableOopMap {rbp=Oop [32]=Oop [40]=Oop [64]=Oop [88]=Oop [96]=Oop }
                      ;*checkcast {reexecute=0 rethrow=0 return_oop=0}
                      ; - java.lang.ClassLoader::checkCerts@65
                      ; - java.lang.ClassLoader::preDefineClass@113
                      ; - java.lang.ClassLoader::defineClass@4
                      ; - java.security.SecureClassLoader::defineClass@12
                      ; - java.net.URLClassLoader::defineClass@220
  0x000002989644b02c: d0cc 23ff 

  0x000002989644b030: ;   {other}
  0x000002989644b030: 0f1f 8400 | 2079 00d4 | bade ffff | ff48 8944 | 2460 6690 

  0x000002989644b044: ;   {runtime_call UncommonTrapBlob}
  0x000002989644b044: c5f8 77e8 

  0x000002989644b048: ; ImmutableOopMap {rbp=Oop [32]=Oop [40]=Oop [48]=Oop [60]=NarrowOop [64]=Oop [96]=Oop }
                      ;*checkcast {reexecute=0 rethrow=0 return_oop=0}
                      ; - java.security.CodeSource::getCertificates@76
                      ; - java.lang.ClassLoader::checkCerts@34
                      ; - java.lang.ClassLoader::preDefineClass@113
                      ; - java.lang.ClassLoader::defineClass@4
                      ; - java.security.SecureClassLoader::defineClass@12
                      ; - java.net.URLClassLoader::defineClass@220
  0x000002989644b048: b4cc 23ff 

  0x000002989644b04c: ;   {other}
  0x000002989644b04c: 0f1f 8400 | 3c79 00d5 | bade ffff | ff48 8944 | 2440 6690 

  0x000002989644b060: ;   {runtime_call UncommonTrapBlob}
  0x000002989644b060: c5f8 77e8 

  0x000002989644b064: ; ImmutableOopMap {rbp=NarrowOop [32]=Oop [40]=Oop [64]=Oop }
                      ;*checkcast {reexecute=0 rethrow=0 return_oop=0}
                      ; - java.security.CodeSource::getCertificates@76
                      ; - java.lang.ClassLoader::postDefineClass@24
                      ; - java.lang.ClassLoader::defineClass@37
                      ; - java.security.SecureClassLoader::defineClass@12
                      ; - java.net.URLClassLoader::defineClass@220
  0x000002989644b064: 98cc 23ff 

  0x000002989644b068: ;   {other}
  0x000002989644b068: 0f1f 8400 | 5879 00d6 | bade ffff | ff48 8b6c | 2448 48ff | 7424 3048 | 8f44 2420 | 48ff 7424 
  0x000002989644b088: 3848 8f44 | 2430 48ff | 7424 4048 | 8f44 2438 | 4c8b 5424 | 604c 8954 | 2440 4c8b | 5424 684c 
  0x000002989644b0a8: 8954 2450 | 4889 4424 | 6866 6690 

  0x000002989644b0b4: ;   {runtime_call UncommonTrapBlob}
  0x000002989644b0b4: c5f8 77e8 

  0x000002989644b0b8: ; ImmutableOopMap {rbp=Oop [32]=Oop [44]=NarrowOop [48]=Oop [64]=Oop [80]=Oop [104]=Oop }
                      ;*checkcast {reexecute=0 rethrow=0 return_oop=0}
                      ; - java.lang.ClassLoader::definePackage@81
                      ; - java.lang.ClassLoader::getDefinedPackage@32
                      ; - java.net.URLClassLoader::getAndVerifyPackage@2
                      ; - java.net.URLClassLoader::defineClass@46
  0x000002989644b0b8: 44cc 23ff 

  0x000002989644b0bc: ;   {other}
  0x000002989644b0bc: 0f1f 8400 | ac79 00d7 | bade ffff | ff4c 8b54 | 2430 4c89 | 5424 284c | 8b54 2438 | 4c89 5424 
  0x000002989644b0dc: 304c 8b54 | 2440 4c89 | 5424 384c | 896c 2458 | 4889 7c24 | 6048 8974 | 2468 4489 | 7424 444c 
  0x000002989644b0fc: 896c 2470 | 4889 7c24 | 7889 9c24 | 8000 0000 

  0x000002989644b10c: ;   {runtime_call UncommonTrapBlob}
  0x000002989644b10c: c5f8 77e8 

  0x000002989644b110: ; ImmutableOopMap {rbp=NarrowOop [40]=Oop [48]=Oop [68]=NarrowOop [88]=Oop [96]=Oop [104]=Oop [112]=Oop [120]=Oop [128]=NarrowOop }
                      ;*checkcast {reexecute=0 rethrow=0 return_oop=0}
                      ; - java.lang.ClassLoader::definePackage@50
                      ; - java.lang.ClassLoader::getDefinedPackage@32
                      ; - java.net.URLClassLoader::getAndVerifyPackage@2
                      ; - java.net.URLClassLoader::defineClass@46
  0x000002989644b110: eccb 23ff 

  0x000002989644b114: ;   {other}
  0x000002989644b114: 0f1f 8400 | 047a 00d8 | baf6 ffff | ff48 ff74 | 2448 488f | 4424 2048 | ff74 2440 | 488f 4424 
  0x000002989644b134: 3844 8b5c | 242c 4489 | 5c24 2889 | 5c24 2c44 | 894c 2450 | 894c 2460 | 4489 5424 | 6466 6690 
  0x000002989644b154: ;   {runtime_call UncommonTrapBlob}
  0x000002989644b154: c5f8 77e8 

  0x000002989644b158: ; ImmutableOopMap {rbp=Oop [32]=Oop [40]=NarrowOop [48]=Oop [112]=Oop }
                      ;*invokevirtual read {reexecute=0 rethrow=0 return_oop=0}
                      ; - jdk.internal.loader.Resource::getBytes@117
                      ; - jdk.internal.loader.URLClassPath$JarLoader$2::getBytes@1
                      ; - java.net.URLClassLoader::defineClass@179
  0x000002989644b158: a4cb 23ff 

  0x000002989644b15c: ;   {other}
  0x000002989644b15c: 0f1f 8400 | 4c7a 00d9 | baf6 ffff | ff48 8b6c | 2428 6690 

  0x000002989644b170: ;   {runtime_call UncommonTrapBlob}
  0x000002989644b170: c5f8 77e8 

  0x000002989644b174: ; ImmutableOopMap {rbp=Oop [56]=Oop }
                      ;*invokevirtual lastIndexOf {reexecute=0 rethrow=0 return_oop=0}
                      ; - java.net.URLClassLoader::defineClass@7
  0x000002989644b174: 88cb 23ff 

  0x000002989644b178: ;   {other}
  0x000002989644b178: 0f1f 8400 | 687a 00da | baf6 ffff | ff48 8b6c | 2428 4c8b | 5424 304c | 8954 2420 

  0x000002989644b194: ;   {runtime_call UncommonTrapBlob}
  0x000002989644b194: c5f8 77e8 

  0x000002989644b198: ; ImmutableOopMap {rbp=Oop [32]=Oop [56]=Oop }
                      ;*arraylength {reexecute=0 rethrow=0 return_oop=0}
                      ; - java.lang.String::length@4
                      ; - java.lang.String::lastIndexOf@3
                      ; - java.net.URLClassLoader::defineClass@7
  0x000002989644b198: 64cb 23ff 

  0x000002989644b19c: ;   {other}
  0x000002989644b19c: 0f1f 8400 | 8c7a 00db | baf6 ffff | ff41 8be8 | 4c8b 5424 | 284c 8954 | 2420 4c8b | 5424 304c 
  0x000002989644b1bc: 8954 2428 

  0x000002989644b1c0: ;   {runtime_call UncommonTrapBlob}
  0x000002989644b1c0: c5f8 77e8 

  0x000002989644b1c4: ; ImmutableOopMap {[32]=Oop [40]=Oop }
                      ;*invokevirtual getCodeSourceURL {reexecute=0 rethrow=0 return_oop=0}
                      ; - java.net.URLClassLoader::defineClass@13
  0x000002989644b1c4: 38cb 23ff 

  0x000002989644b1c8: ;   {other}
  0x000002989644b1c8: 0f1f 8400 | b87a 00dc | baf6 ffff | ff48 8b6c | 2448 4c8b | 5424 304c | 8954 2420 | 4889 7c24 
  0x000002989644b1e8: 3066 6690 

  0x000002989644b1ec: ;   {runtime_call UncommonTrapBlob}
  0x000002989644b1ec: c5f8 77e8 

  0x000002989644b1f0: ; ImmutableOopMap {rbp=Oop [32]=Oop [48]=Oop [96]=Oop }
                      ;*invokevirtual get {reexecute=0 rethrow=0 return_oop=0}
                      ; - jdk.internal.perf.PerfCounter::get@5
                      ; - jdk.internal.perf.PerfCounter::add@1
                      ; - jdk.internal.perf.PerfCounter::addElapsedTimeFrom@6
                      ; - java.net.URLClassLoader::defineClass@207
  0x000002989644b1f0: 0ccb 23ff 

  0x000002989644b1f4: ;   {other}
  0x000002989644b1f4: 0f1f 8400 | e47a 00dd | baf6 ffff | ff48 8beb | 4889 7c24 | 2066 6690 

  0x000002989644b20c: ;   {runtime_call UncommonTrapBlob}
  0x000002989644b20c: c5f8 77e8 

  0x000002989644b210: ; ImmutableOopMap {rbp=Oop [32]=Oop }
                      ;*invokeinterface computeIfAbsent {reexecute=0 rethrow=0 return_oop=0}
                      ; - java.security.SecureClassLoader::getProtectionDomain@28
                      ; - java.security.SecureClassLoader::defineClass@9
                      ; - java.net.URLClassLoader::defineClass@220
  0x000002989644b210: ecca 23ff 

  0x000002989644b214: ;   {other}
  0x000002989644b214: 0f1f 8400 | 047b 00de | baf4 ffff | ff48 8b6c | 2420 4c8b | 5424 304c | 8954 2420 

  0x000002989644b230: ;   {runtime_call UncommonTrapBlob}
  0x000002989644b230: c5f8 77e8 

  0x000002989644b234: ; ImmutableOopMap {rbp=Oop [32]=Oop [40]=Oop }
                      ;*checkcast {reexecute=0 rethrow=0 return_oop=0}
                      ; - java.security.SecureClassLoader::getProtectionDomain@33
                      ; - java.security.SecureClassLoader::defineClass@9
                      ; - java.net.URLClassLoader::defineClass@220
  0x000002989644b234: c8ca 23ff 

  0x000002989644b238: ;   {other}
  0x000002989644b238: 0f1f 8400 | 287b 00df | baf6 ffff | ff66 6690 

  0x000002989644b248: ;   {runtime_call UncommonTrapBlob}
  0x000002989644b248: c5f8 77e8 

  0x000002989644b24c: ; ImmutableOopMap {}
                      ;*arraylength {reexecute=0 rethrow=0 return_oop=0}
                      ; - java.lang.String::isEmpty@4
                      ; - java.lang.ClassLoader::checkName@5
                      ; - java.lang.ClassLoader::preDefineClass@1
                      ; - java.lang.ClassLoader::defineClass@4
                      ; - java.security.SecureClassLoader::defineClass@12
                      ; - java.net.URLClassLoader::defineClass@220
  0x000002989644b24c: b0ca 23ff 

  0x000002989644b250: ;   {other}
  0x000002989644b250: 0f1f 8400 | 407b 00e0 | baf6 ffff | ff66 6690 

  0x000002989644b260: ;   {runtime_call UncommonTrapBlob}
  0x000002989644b260: c5f8 77e8 

  0x000002989644b264: ; ImmutableOopMap {}
                      ;*arraylength {reexecute=0 rethrow=0 return_oop=0}
                      ; - java.lang.StringLatin1::charAt@2
                      ; - java.lang.String::charAt@12
                      ; - java.lang.ClassLoader::checkName@25
                      ; - java.lang.ClassLoader::preDefineClass@1
                      ; - java.lang.ClassLoader::defineClass@4
                      ; - java.security.SecureClassLoader::defineClass@12
                      ; - java.net.URLClassLoader::defineClass@220
  0x000002989644b264: 98ca 23ff 

  0x000002989644b268: ;   {other}
  0x000002989644b268: 0f1f 8400 | 587b 00e1 | baf6 ffff | ff66 6690 

  0x000002989644b278: ;   {runtime_call UncommonTrapBlob}
  0x000002989644b278: c5f8 77e8 

  0x000002989644b27c: ; ImmutableOopMap {}
                      ;*arraylength {reexecute=0 rethrow=0 return_oop=0}
                      ; - java.lang.String::length@4
                      ; - java.lang.String::startsWith@6
                      ; - java.lang.String::startsWith@3
                      ; - java.lang.ClassLoader::preDefineClass@43
                      ; - java.lang.ClassLoader::defineClass@4
                      ; - java.security.SecureClassLoader::defineClass@12
                      ; - java.net.URLClassLoader::defineClass@220
  0x000002989644b27c: 80ca 23ff 

  0x000002989644b280: ;   {other}
  0x000002989644b280: 0f1f 8400 | 707b 00e2 | baf6 ffff | ff66 6690 

  0x000002989644b290: ;   {runtime_call UncommonTrapBlob}
  0x000002989644b290: c5f8 77e8 

  0x000002989644b294: ; ImmutableOopMap {}
                      ;*invokevirtual getPackageName {reexecute=0 rethrow=0 return_oop=0}
                      ; - java.lang.ClassLoader::postDefineClass@2
                      ; - java.lang.ClassLoader::defineClass@37
                      ; - java.security.SecureClassLoader::defineClass@12
                      ; - java.net.URLClassLoader::defineClass@220
  0x000002989644b294: 68ca 23ff 

  0x000002989644b298: ;   {other}
  0x000002989644b298: 0f1f 8400 | 887b 00e3 | baf6 ffff | ff48 8beb 

  0x000002989644b2a8: ;   {runtime_call UncommonTrapBlob}
  0x000002989644b2a8: c5f8 77e8 

  0x000002989644b2ac: ; ImmutableOopMap {rbp=Oop }
                      ;*invokevirtual get {reexecute=0 rethrow=0 return_oop=0}
                      ; - java.lang.ClassLoader::getNamedPackage@5
                      ; - java.lang.ClassLoader::postDefineClass@9
                      ; - java.lang.ClassLoader::defineClass@37
                      ; - java.security.SecureClassLoader::defineClass@12
                      ; - java.net.URLClassLoader::defineClass@220
  0x000002989644b2ac: 50ca 23ff 

  0x000002989644b2b0: ;   {other}
  0x000002989644b2b0: 0f1f 8400 | a07b 00e4 | baf6 ffff | ff66 6690 

  0x000002989644b2c0: ;   {runtime_call UncommonTrapBlob}
  0x000002989644b2c0: c5f8 77e8 

  0x000002989644b2c4: ; ImmutableOopMap {}
                      ;*invokevirtual hashCode {reexecute=0 rethrow=0 return_oop=0}
                      ; - java.util.concurrent.ConcurrentHashMap::get@1
                      ; - java.lang.ClassLoader::getNamedPackage@5
                      ; - java.lang.ClassLoader::postDefineClass@9
                      ; - java.lang.ClassLoader::defineClass@37
                      ; - java.security.SecureClassLoader::defineClass@12
                      ; - java.net.URLClassLoader::defineClass@220
  0x000002989644b2c4: 38ca 23ff 

  0x000002989644b2c8: ;   {other}
  0x000002989644b2c8: 0f1f 8400 | b87b 00e5 | baf6 ffff | ff49 8bed | 4c8b 5424 | 304c 8954 | 2420 4c8b | 5424 384c 
  0x000002989644b2e8: 8954 2428 | 4489 7424 | 3866 6690 

  0x000002989644b2f4: ;   {runtime_call UncommonTrapBlob}
  0x000002989644b2f4: c5f8 77e8 

  0x000002989644b2f8: ; ImmutableOopMap {rbp=Oop [32]=Oop [40]=Oop [56]=NarrowOop }
                      ;*arraylength {reexecute=0 rethrow=0 return_oop=0}
                      ; - java.lang.String::length@4
                      ; - java.lang.String::substring@1
                      ; - java.net.URLClassLoader::defineClass@28
  0x000002989644b2f8: 04ca 23ff 

  0x000002989644b2fc: ;   {other}
  0x000002989644b2fc: 0f1f 8400 | ec7b 00e6 | baf6 ffff | ff49 8bed | 4c8b 5424 | 304c 8954 | 2420 4c8b | 5424 384c 
  0x000002989644b31c: 8954 2428 | 4c8b 5424 | 404c 8954 | 2430 4489 | 7424 3848 | 8974 2448 

  0x000002989644b334: ;   {runtime_call UncommonTrapBlob}
  0x000002989644b334: c5f8 77e8 

  0x000002989644b338: ; ImmutableOopMap {rbp=Oop [32]=Oop [40]=Oop [56]=NarrowOop [72]=Oop [176]=Oop }
                      ;*invokevirtual get {reexecute=0 rethrow=0 return_oop=0}
                      ; - java.lang.ClassLoader::getDefinedPackage@13
                      ; - java.net.URLClassLoader::getAndVerifyPackage@2
                      ; - java.net.URLClassLoader::defineClass@46
  0x000002989644b338: c4c9 23ff 

  0x000002989644b33c: ;   {other}
  0x000002989644b33c: 0f1f 8400 | 2c7c 00e7 | baf6 ffff | ff41 8be8 | 4c8b 5c24 | 284c 895c | 2420 4c8b | 5c24 304c 
  0x000002989644b35c: 895c 2428 | 4c89 5424 | 3066 6690 

  0x000002989644b368: ;   {runtime_call UncommonTrapBlob}
  0x000002989644b368: c5f8 77e8 

  0x000002989644b36c: ; ImmutableOopMap {[32]=Oop [40]=Oop [48]=Oop }
                      ;*getfield csu {reexecute=1 rethrow=0 return_oop=0}
                      ; - (reexecute) jdk.internal.loader.URLClassPath$JarLoader$2::getCodeSourceURL@4
                      ; - java.net.URLClassLoader::defineClass@13
  0x000002989644b36c: 90c9 23ff 

  0x000002989644b370: ;   {other}
  0x000002989644b370: 0f1f 8400 | 607c 00e8 | baf6 ffff | ff66 6690 

  0x000002989644b380: ;   {runtime_call UncommonTrapBlob}
  0x000002989644b380: c5f8 77e8 

  0x000002989644b384: ; ImmutableOopMap {}
                      ;*arraylength {reexecute=0 rethrow=0 return_oop=0}
                      ; - java.lang.String::length@4
                      ; - java.lang.String::substring@1
                      ; - java.lang.ClassLoader::checkCerts@21
                      ; - java.lang.ClassLoader::preDefineClass@113
                      ; - java.lang.ClassLoader::defineClass@4
                      ; - java.security.SecureClassLoader::defineClass@12
                      ; - java.net.URLClassLoader::defineClass@220
  0x000002989644b384: 78c9 23ff 

  0x000002989644b388: ;   {other}
  0x000002989644b388: 0f1f 8400 | 787c 00e9 | baf6 ffff | ff49 8bed | 4c8b 5c24 | 304c 895c | 2420 4c89 | 5424 284c 
  0x000002989644b3a8: 8b54 2440 | 4c89 5424 | 3044 8974 | 2438 6690 

  0x000002989644b3b8: ;   {runtime_call UncommonTrapBlob}
  0x000002989644b3b8: c5f8 77e8 

  0x000002989644b3bc: ; ImmutableOopMap {rbp=Oop [32]=Oop [40]=Oop [56]=NarrowOop [176]=Oop }
                      ;*getfield jar {reexecute=1 rethrow=0 return_oop=0}
                      ; - (reexecute) jdk.internal.loader.URLClassPath$JarLoader$2::getManifest@7
                      ; - java.net.URLClassLoader::defineClass@34
  0x000002989644b3bc: 40c9 23ff 

  0x000002989644b3c0: ;   {other}
  0x000002989644b3c0: 0f1f 8400 | b07c 00ea | baf6 ffff | ff49 8bed | 4c8b 5c24 | 304c 895c | 2420 4c89 | 5424 284c 
  0x000002989644b3e0: 8b54 2440 | 4c89 5424 | 3044 8974 | 2438 6690 

  0x000002989644b3f0: ;   {runtime_call UncommonTrapBlob}
  0x000002989644b3f0: c5f8 77e8 

  0x000002989644b3f4: ; ImmutableOopMap {rbp=Oop [32]=Oop [40]=Oop [56]=NarrowOop [176]=Oop }
                      ;*invokevirtual ensureInitialization {reexecute=0 rethrow=0 return_oop=0}
                      ; - java.util.jar.JavaUtilJarAccessImpl::ensureInitialization@1
                      ; - jdk.internal.loader.URLClassPath$JarLoader$2::getManifest@10
                      ; - java.net.URLClassLoader::defineClass@34
  0x000002989644b3f4: 08c9 23ff 

  0x000002989644b3f8: ;   {other}
  0x000002989644b3f8: 0f1f 8400 | e87c 00eb | baf6 ffff | ff49 8bed | 4c8b 5c24 | 304c 895c | 2420 4c89 | 5424 284c 
  0x000002989644b418: 8b54 2440 | 4c89 5424 | 3044 8974 | 2438 6690 

  0x000002989644b428: ;   {runtime_call UncommonTrapBlob}
  0x000002989644b428: c5f8 77e8 

  0x000002989644b42c: ; ImmutableOopMap {rbp=Oop [32]=Oop [40]=Oop [56]=NarrowOop [176]=Oop }
                      ;*getfield jar {reexecute=1 rethrow=0 return_oop=0}
                      ; - (reexecute) jdk.internal.loader.URLClassPath$JarLoader$2::getManifest@19
                      ; - java.net.URLClassLoader::defineClass@34
  0x000002989644b42c: d0c8 23ff 

  0x000002989644b430: ;   {other}
  0x000002989644b430: 0f1f 8400 | 207d 00ec | baf6 ffff | ff49 8bed | 4c8b 5c24 | 304c 895c | 2420 4c89 | 5424 284c 
  0x000002989644b450: 8b54 2440 | 4c89 5424 | 3044 8974 | 2438 6690 

  0x000002989644b460: ;   {runtime_call UncommonTrapBlob}
  0x000002989644b460: c5f8 77e8 

  0x000002989644b464: ; ImmutableOopMap {rbp=Oop [32]=Oop [40]=Oop [56]=NarrowOop [176]=Oop }
                      ;*invokevirtual getManifest {reexecute=0 rethrow=0 return_oop=0}
                      ; - jdk.internal.loader.URLClassPath$JarLoader$2::getManifest@22
                      ; - java.net.URLClassLoader::defineClass@34
  0x000002989644b464: 98c8 23ff 

  0x000002989644b468: ;   {other}
  0x000002989644b468: 0f1f 8400 | 587d 00ed | baf6 ffff | ff48 ff74 | 2448 488f | 4424 204c | 8b54 2440 | 4c89 5424 
  0x000002989644b488: 3866 6690 

  0x000002989644b48c: ;   {runtime_call UncommonTrapBlob}
  0x000002989644b48c: c5f8 77e8 

  0x000002989644b490: ; ImmutableOopMap {rbp=Oop [32]=Oop [44]=NarrowOop [48]=Oop [104]=Oop }
                      ;*invokevirtual getSize {reexecute=0 rethrow=0 return_oop=0}
                      ; - jdk.internal.loader.URLClassPath$JarLoader$2::getContentLength@4
                      ; - jdk.internal.loader.Resource::getBytes@10
                      ; - jdk.internal.loader.URLClassPath$JarLoader$2::getBytes@1
                      ; - java.net.URLClassLoader::defineClass@179
  0x000002989644b490: 6cc8 23ff 

  0x000002989644b494: ;   {other}
  0x000002989644b494: 0f1f 8400 | 847d 00ee | baf6 ffff | ff48 ff74 | 2448 488f | 4424 2048 | ff74 2440 | 488f 4424 
  0x000002989644b4b4: 3844 8b54 | 242c 4489 | 5424 2848 | 897c 2448 | 895c 242c 

  0x000002989644b4c8: ;   {runtime_call UncommonTrapBlob}
  0x000002989644b4c8: c5f8 77e8 

  0x000002989644b4cc: ; ImmutableOopMap {rbp=Oop [32]=Oop [40]=NarrowOop [48]=Oop [72]=Oop }
                      ;*invokevirtual close {reexecute=0 rethrow=0 return_oop=0}
                      ; - jdk.internal.loader.Resource::getBytes@183
                      ; - jdk.internal.loader.URLClassPath$JarLoader$2::getBytes@1
                      ; - java.net.URLClassLoader::defineClass@179
  0x000002989644b4cc: 30c8 23ff 

  0x000002989644b4d0: ;   {other}
  0x000002989644b4d0: 0f1f 8400 | c07d 00ef | baf6 ffff | ff48 8b6c | 2448 6690 

  0x000002989644b4e4: ;   {runtime_call UncommonTrapBlob}
  0x000002989644b4e4: c5f8 77e8 

  0x000002989644b4e8: ; ImmutableOopMap {rbp=Oop [32]=Oop [44]=NarrowOop [48]=Oop }
                      ;*invokevirtual getCrc {reexecute=0 rethrow=0 return_oop=0}
                      ; - jdk.internal.loader.URLClassPath$JarLoader$2::getBytes@26
                      ; - java.net.URLClassLoader::defineClass@179
  0x000002989644b4e8: 14c8 23ff 

  0x000002989644b4ec: ;   {other}
  0x000002989644b4ec: 0f1f 8400 | dc7d 00f0 | baf6 ffff | ff48 8b6c | 2448 4c8b | 5424 304c | 8954 2420 

  0x000002989644b508: ;   {runtime_call UncommonTrapBlob}
  0x000002989644b508: c5f8 77e8 

  0x000002989644b50c: ; ImmutableOopMap {rbp=Oop [32]=Oop [44]=NarrowOop [96]=Oop }
                      ;*invokevirtual getCodeSigners {reexecute=0 rethrow=0 return_oop=0}
                      ; - jdk.internal.loader.URLClassPath$JarLoader$2::getCodeSigners@4
                      ; - java.net.URLClassLoader::defineClass@185
  0x000002989644b50c: f0c7 23ff 

  0x000002989644b510: ;   {other}
  0x000002989644b510: 0f1f 8400 | 007e 00f1 | baf6 ffff | ff48 8b6c | 2448 4c8b | 5c24 304c | 895c 2420 | 4c8b 5c24 
  0x000002989644b530: 404c 895c | 2430 4c89 | 5424 4090 

  0x000002989644b53c: ;   {runtime_call UncommonTrapBlob}
  0x000002989644b53c: c5f8 77e8 

  0x000002989644b540: ; ImmutableOopMap {rbp=Oop [32]=Oop [44]=NarrowOop [64]=Oop [96]=Oop }
                      ;*invokevirtual maybeInstantiateVerifier {reexecute=0 rethrow=0 return_oop=0}
                      ; - java.util.jar.JarFile$JarFileEntry::getCodeSigners@4
                      ; - jdk.internal.loader.URLClassPath$JarLoader$2::getCodeSigners@4
                      ; - java.net.URLClassLoader::defineClass@185
  0x000002989644b540: bcc7 23ff 

  0x000002989644b544: ;   {other}
  0x000002989644b544: 0f1f 8400 | 347e 00f2 | baf6 ffff | ff48 8b6c | 2448 4c8b | 5c24 304c | 895c 2420 | 4c8b 5c24 
  0x000002989644b564: 404c 895c | 2430 4c89 | 5424 4090 

  0x000002989644b570: ;   {runtime_call UncommonTrapBlob}
  0x000002989644b570: c5f8 77e8 

  0x000002989644b574: ; ImmutableOopMap {rbp=Oop [32]=Oop [44]=NarrowOop [64]=Oop [96]=Oop }
                      ;*getfield jv {reexecute=1 rethrow=0 return_oop=0}
                      ; - (reexecute) java.util.jar.JarFile$JarFileEntry::getCodeSigners@31
                      ; - jdk.internal.loader.URLClassPath$JarLoader$2::getCodeSigners@4
                      ; - java.net.URLClassLoader::defineClass@185
  0x000002989644b574: 88c7 23ff 

  0x000002989644b578: ;   {other}
  0x000002989644b578: 0f1f 8400 | 687e 00f3 | baf6 ffff | ff49 8bed | 4c8b 5424 | 304c 8954 | 2420 4c8b | 5424 384c 
  0x000002989644b598: 8954 2428 | 4c8b 5424 | 404c 8954 | 2430 4489 | 7424 3848 | 897c 2440 | 4889 7424 | 4866 6690 
  0x000002989644b5b8: ;   {runtime_call UncommonTrapBlob}
  0x000002989644b5b8: c5f8 77e8 

  0x000002989644b5bc: ; ImmutableOopMap {rbp=Oop [32]=Oop [40]=Oop [56]=NarrowOop [64]=Oop [72]=Oop }
                      ;*arraylength {reexecute=0 rethrow=0 return_oop=0}
                      ; - java.lang.String::isEmpty@4
                      ; - java.lang.ClassLoader::definePackage@1
                      ; - java.lang.ClassLoader::getDefinedPackage@32
                      ; - java.net.URLClassLoader::getAndVerifyPackage@2
                      ; - java.net.URLClassLoader::defineClass@46
  0x000002989644b5bc: 40c7 23ff 

  0x000002989644b5c0: ;   {other}
  0x000002989644b5c0: 0f1f 8400 | b07e 00f4 | baf6 ffff | ff49 8bed | 4c8b 5424 | 304c 8954 | 2420 4c8b | 5424 384c 
  0x000002989644b5e0: 8954 2428 | 4c8b 5424 | 404c 8954 | 2430 4489 | 7424 3848 | 8974 2448 | 4889 7c24 | 5066 6690 
  0x000002989644b600: ;   {runtime_call UncommonTrapBlob}
  0x000002989644b600: c5f8 77e8 

  0x000002989644b604: ; ImmutableOopMap {rbp=Oop [32]=Oop [40]=Oop [56]=NarrowOop [72]=Oop [80]=Oop }
                      ;*invokevirtual get {reexecute=0 rethrow=0 return_oop=0}
                      ; - java.lang.ClassLoader::definePackage@47
                      ; - java.lang.ClassLoader::getDefinedPackage@32
                      ; - java.net.URLClassLoader::getAndVerifyPackage@2
                      ; - java.net.URLClassLoader::defineClass@46
  0x000002989644b604: f8c6 23ff 

  0x000002989644b608: ;   {other}
  0x000002989644b608: 0f1f 8400 | f87e 00f5 | baf6 ffff | ff49 8bed | 4c8b 5424 | 304c 8954 | 2420 4c8b | 5424 384c 
  0x000002989644b628: 8954 2428 | 4c8b 5424 | 404c 8954 | 2430 4489 | 7424 3848 | 897c 2440 | 4889 7424 | 4866 6690 
  0x000002989644b648: ;   {runtime_call UncommonTrapBlob}
  0x000002989644b648: c5f8 77e8 

  0x000002989644b64c: ; ImmutableOopMap {rbp=Oop [32]=Oop [40]=Oop [56]=NarrowOop [64]=Oop [72]=Oop }
                      ;*invokevirtual isNamed {reexecute=0 rethrow=0 return_oop=0}
                      ; - java.lang.Package::isSealed@4
                      ; - java.net.URLClassLoader::getAndVerifyPackage@14
                      ; - java.net.URLClassLoader::defineClass@46
  0x000002989644b64c: b0c6 23ff 

  0x000002989644b650: ;   {other}
  0x000002989644b650: 0f1f 8400 | 407f 00f6 | baf6 ffff | ff49 8bed | 4c8b 5424 | 304c 8954 | 2420 4c8b | 5424 384c 
  0x000002989644b670: 8954 2428 | 4c8b 5424 | 404c 8954 | 2430 4489 | 7424 3848 | 897c 2440 | 4889 7424 | 4866 6690 
  0x000002989644b690: ;   {runtime_call UncommonTrapBlob}
  0x000002989644b690: c5f8 77e8 

  0x000002989644b694: ; ImmutableOopMap {rbp=Oop [32]=Oop [40]=Oop [56]=NarrowOop [64]=Oop [72]=Oop }
                      ;*getfield sealBase {reexecute=1 rethrow=0 return_oop=0}
                      ; - (reexecute) java.lang.Package::isSealed@14
                      ; - java.net.URLClassLoader::getAndVerifyPackage@14
                      ; - java.net.URLClassLoader::defineClass@46
  0x000002989644b694: 68c6 23ff 

  0x000002989644b698: ;   {other}
  0x000002989644b698: 0f1f 8400 | 887f 00f7 | 33ed 4d85 | d240 0f94 | c5ba 45ff | ffff 6690 

  0x000002989644b6b0: ;   {runtime_call UncommonTrapBlob}
  0x000002989644b6b0: c5f8 77e8 

  0x000002989644b6b4: ; ImmutableOopMap {[32]=Oop [48]=Oop [96]=Oop }
                      ;*ifeq {reexecute=1 rethrow=0 return_oop=0}
                      ; - (reexecute) java.lang.Class::getPackageName@29
                      ; - java.lang.ClassLoader::postDefineClass@2
                      ; - java.lang.ClassLoader::defineClass@37
                      ; - java.security.SecureClassLoader::defineClass@12
                      ; - java.net.URLClassLoader::defineClass@220
  0x000002989644b6b4: 48c6 23ff 

  0x000002989644b6b8: ;   {other}
  0x000002989644b6b8: 0f1f 8400 | a87f 00f8 | baf6 ffff | ff66 6690 

  0x000002989644b6c8: ;   {runtime_call UncommonTrapBlob}
  0x000002989644b6c8: c5f8 77e8 

  0x000002989644b6cc: ; ImmutableOopMap {}
                      ;*arraylength {reexecute=0 rethrow=0 return_oop=0}
                      ; - java.lang.String::length@4
                      ; - java.lang.String::lastIndexOf@3
                      ; - java.lang.Class::getPackageName@47
                      ; - java.lang.ClassLoader::postDefineClass@2
                      ; - java.lang.ClassLoader::defineClass@37
                      ; - java.security.SecureClassLoader::defineClass@12
                      ; - java.net.URLClassLoader::defineClass@220
  0x000002989644b6cc: 30c6 23ff 

  0x000002989644b6d0: ;   {other}
  0x000002989644b6d0: 0f1f 8400 | c07f 00f9 | baf6 ffff | ff66 6690 

  0x000002989644b6e0: ;   {runtime_call UncommonTrapBlob}
  0x000002989644b6e0: c5f8 77e8 

  0x000002989644b6e4: ; ImmutableOopMap {}
                      ;*arraylength {reexecute=0 rethrow=0 return_oop=0}
                      ; - java.lang.String::length@4
                      ; - java.lang.String::substring@1
                      ; - java.lang.Class::getPackageName@62
                      ; - java.lang.ClassLoader::postDefineClass@2
                      ; - java.lang.ClassLoader::defineClass@37
                      ; - java.security.SecureClassLoader::defineClass@12
                      ; - java.net.URLClassLoader::defineClass@220
  0x000002989644b6e4: 18c6 23ff 

  0x000002989644b6e8: ;   {other}
  0x000002989644b6e8: 0f1f 8400 | d87f 00fa | ba45 ffff | ff48 8b6c | 2420 4889 | 7424 4848 | 895c 2450 | 4489 7424 
  0x000002989644b708: 5866 6690 

  0x000002989644b70c: ;   {runtime_call UncommonTrapBlob}
  0x000002989644b70c: c5f8 77e8 

  0x000002989644b710: ; ImmutableOopMap {rbp=Oop [40]=Oop [72]=Oop [80]=Oop [88]=NarrowOop [96]=Oop }
                      ;*ifnull {reexecute=1 rethrow=0 return_oop=0}
                      ; - (reexecute) java.lang.ClassLoader::checkCerts@30
                      ; - java.lang.ClassLoader::preDefineClass@113
                      ; - java.lang.ClassLoader::defineClass@4
                      ; - java.security.SecureClassLoader::defineClass@12
                      ; - java.net.URLClassLoader::defineClass@220
  0x000002989644b710: ecc5 23ff 

  0x000002989644b714: ;   {other}
  0x000002989644b714: 0f1f 8400 | 0480 00fb | ba45 ffff | ff48 8b6c | 2430 448b | 4c24 3844 | 894c 2430 | 4489 5c24 
  0x000002989644b734: 4066 6690 

  0x000002989644b738: ;   {runtime_call UncommonTrapBlob}
  0x000002989644b738: c5f8 77e8 

  0x000002989644b73c: ; ImmutableOopMap {rbp=Oop [32]=Oop [40]=Oop [64]=NarrowOop [96]=Oop }
                      ;*ifnull {reexecute=1 rethrow=0 return_oop=0}
                      ; - (reexecute) java.lang.ClassLoader::defineClassSourceLocation@8
                      ; - java.lang.ClassLoader::defineClass@12
                      ; - java.security.SecureClassLoader::defineClass@12
                      ; - java.net.URLClassLoader::defineClass@220
  0x000002989644b73c: c0c5 23ff 

  0x000002989644b740: ;   {other}
  0x000002989644b740: 0f1f 8400 | 3080 00fc | ba45 ffff | ff4c 8b54 | 2430 4c89 | 5424 204c | 8b54 2438 | 4c89 5424 
  0x000002989644b760: 284c 8b54 | 2440 4c89 | 5424 304c | 896c 2450 | 4889 7424 | 6044 8974 | 243c 4c89 | 6c24 6890 
  0x000002989644b780: ;   {runtime_call UncommonTrapBlob}
  0x000002989644b780: c5f8 77e8 

  0x000002989644b784: ; ImmutableOopMap {[32]=Oop [40]=Oop [60]=NarrowOop [80]=Oop [96]=Oop [104]=Oop [176]=Oop }
                      ;*ifnonnull {reexecute=1 rethrow=0 return_oop=0}
                      ; - (reexecute) java.util.Objects::requireNonNull@1
                      ; - java.lang.ClassLoader::getDefinedPackage@4
                      ; - java.net.URLClassLoader::getAndVerifyPackage@2
                      ; - java.net.URLClassLoader::defineClass@46
  0x000002989644b784: 78c5 23ff 

  0x000002989644b788: ;   {other}
  0x000002989644b788: 0f1f 8400 | 7880 00fd | ba45 ffff | ff49 8bed | 4c8b 5c24 | 304c 895c | 2420 4c8b | 5c24 404c 
  0x000002989644b7a8: 895c 2430 | 4489 7424 | 384c 8954 | 2448 4489 | 4424 5090 

  0x000002989644b7bc: ;   {runtime_call UncommonTrapBlob}
  0x000002989644b7bc: c5f8 77e8 

  0x000002989644b7c0: ; ImmutableOopMap {rbp=Oop [32]=Oop [56]=NarrowOop [72]=Oop [80]=NarrowOop [176]=Oop }
                      ;*ifnonnull {reexecute=1 rethrow=0 return_oop=0}
                      ; - (reexecute) jdk.internal.access.SharedSecrets::javaUtilJarAccess@5
                      ; - jdk.internal.loader.URLClassPath$JarLoader$2::getManifest@0
                      ; - java.net.URLClassLoader::defineClass@34
  0x000002989644b7c0: 3cc5 23ff 

  0x000002989644b7c4: ;   {other}
  0x000002989644b7c4: 0f1f 8400 | b480 00fe | baf6 ffff | ff66 6690 

  0x000002989644b7d4: ;   {runtime_call UncommonTrapBlob}
  0x000002989644b7d4: c5f8 77e8 

  0x000002989644b7d8: ; ImmutableOopMap {}
                      ;*arraylength {reexecute=0 rethrow=0 return_oop=0}
                      ; - java.lang.String::isEmpty@4
                      ; - java.lang.NamedPackage::<init>@5
                      ; - java.lang.ClassLoader::getNamedPackage@22
                      ; - java.lang.ClassLoader::postDefineClass@9
                      ; - java.lang.ClassLoader::defineClass@37
                      ; - java.security.SecureClassLoader::defineClass@12
                      ; - java.net.URLClassLoader::defineClass@220
  0x000002989644b7d8: 24c5 23ff 

  0x000002989644b7dc: ;   {other}
  0x000002989644b7dc: 0f1f 8400 | cc80 00ff | ba45 ffff | ff48 8b6c | 2420 4489 | 4c24 2090 

  0x000002989644b7f4: ;   {runtime_call UncommonTrapBlob}
  0x000002989644b7f4: c5f8 77e8 

  0x000002989644b7f8: ; ImmutableOopMap {rbp=Oop [32]=NarrowOop }
                      ;*ifnull {reexecute=1 rethrow=0 return_oop=0}
                      ; - (reexecute) java.lang.ClassLoader::postDefineClass@17
                      ; - java.lang.ClassLoader::defineClass@37
                      ; - java.security.SecureClassLoader::defineClass@12
                      ; - java.net.URLClassLoader::defineClass@220
  0x000002989644b7f8: 04c5 23ff 

  0x000002989644b7fc: ;   {other}
  0x000002989644b7fc: 0f1f 8400 | 0000 0000 | baf4 ffff | ff48 8b6c | 2448 48ff | 7424 3048 | 8f44 2420 | 48ff 7424 
  0x000002989644b81c: 3848 8f44 | 2430 48ff | 7424 4048 | 8f44 2438 | 4c8b 5424 | 604c 8954 | 2440 4c8b | 5424 684c 
  0x000002989644b83c: 8954 2450 

  0x000002989644b840: ;   {runtime_call UncommonTrapBlob}
  0x000002989644b840: c5f8 77e8 

  0x000002989644b844: ; ImmutableOopMap {rbp=Oop [32]=Oop [44]=NarrowOop [48]=Oop [64]=Oop [80]=Oop }
                      ;*checkcast {reexecute=0 rethrow=0 return_oop=0}
                      ; - java.lang.ClassLoader::definePackage@81
                      ; - java.lang.ClassLoader::getDefinedPackage@32
                      ; - java.net.URLClassLoader::getAndVerifyPackage@2
                      ; - java.net.URLClassLoader::defineClass@46
  0x000002989644b844: b8c4 23ff 

  0x000002989644b848: ;   {other}
  0x000002989644b848: 0f1f 8400 | 0000 0000 | baf6 ffff | ff49 8bed | 4c8b 4424 | 304c 8944 | 2420 4c8b | 4424 404c 
  0x000002989644b868: 8944 2430 | 4489 7424 | 384c 8954 | 2448 4489 | 5c24 5044 | 895c 2454 

  0x000002989644b880: ;   {runtime_call UncommonTrapBlob}
  0x000002989644b880: c5f8 77e8 

  0x000002989644b884: ; ImmutableOopMap {rbp=Oop [32]=Oop [56]=NarrowOop [72]=Oop [80]=NarrowOop [84]=NarrowOop [176]=Oop }
                      ;*getfield zsrc {reexecute=1 rethrow=0 return_oop=0}
                      ; - (reexecute) java.util.zip.ZipFile::ensureOpen@22
                      ; - java.util.zip.ZipFile::getManifestName@5
                      ; - java.util.zip.ZipFile$1::getManifestName@2
                      ; - java.util.jar.JarFile::maybeInstantiateVerifier@20
                      ; - java.util.jar.JarFile::ensureInitialization@1
                      ; - java.util.jar.JavaUtilJarAccessImpl::ensureInitialization@1
                      ; - jdk.internal.loader.URLClassPath$JarLoader$2::getManifest@10
                      ; - java.net.URLClassLoader::defineClass@34
  0x000002989644b884: 78c4 23ff 

  0x000002989644b888: ;   {other}
  0x000002989644b888: 0f1f 8400 | 0000 0000 | baf6 ffff | ff48 8b6c | 2448 4c8b | 4424 304c | 8944 2420 | 4c8b 4424 
  0x000002989644b8a8: 404c 8944 | 2430 448b | 4c24 2c44 | 894c 2428 | 4c89 5424 | 4044 895c | 2448 4489 | 5c24 4c90 
  0x000002989644b8c8: ;   {runtime_call UncommonTrapBlob}
  0x000002989644b8c8: c5f8 77e8 

  0x000002989644b8cc: ; ImmutableOopMap {rbp=Oop [32]=Oop [40]=NarrowOop [64]=Oop [72]=NarrowOop [76]=NarrowOop [96]=Oop }
                      ;*getfield zsrc {reexecute=1 rethrow=0 return_oop=0}
                      ; - (reexecute) java.util.zip.ZipFile::ensureOpen@22
                      ; - java.util.zip.ZipFile::getManifestName@5
                      ; - java.util.zip.ZipFile$1::getManifestName@2
                      ; - java.util.jar.JarFile::maybeInstantiateVerifier@20
                      ; - java.util.jar.JarFile$JarFileEntry::getCodeSigners@4
                      ; - jdk.internal.loader.URLClassPath$JarLoader$2::getCodeSigners@4
                      ; - java.net.URLClassLoader::defineClass@185
  0x000002989644b8cc: 30c4 23ff 

  0x000002989644b8d0: ;   {other}
  0x000002989644b8d0: 0f1f 8400 | 0000 0000 | ba45 ffff | ff4c 896c | 2420 4c8b | 4424 304c | 8944 2428 | 4c8b 4424 
  0x000002989644b8f0: 404c 8944 | 2438 4489 | 7424 404c | 8954 2450 | 4489 5c24 | 5844 895c | 245c 6690 

  0x000002989644b90c: ;   {runtime_call UncommonTrapBlob}
  0x000002989644b90c: c5f8 77e8 

  0x000002989644b910: ; ImmutableOopMap {rbp=NarrowOop [32]=Oop [40]=Oop [64]=NarrowOop [80]=Oop [88]=NarrowOop [92]=NarrowOop [176]=Oop }
                      ;*ifnonnull {reexecute=1 rethrow=0 return_oop=0}
                      ; - (reexecute) java.util.zip.ZipFile::ensureOpen@25
                      ; - java.util.zip.ZipFile::getManifestName@5
                      ; - java.util.zip.ZipFile$1::getManifestName@2
                      ; - java.util.jar.JarFile::maybeInstantiateVerifier@20
                      ; - java.util.jar.JarFile::ensureInitialization@1
                      ; - java.util.jar.JavaUtilJarAccessImpl::ensureInitialization@1
                      ; - jdk.internal.loader.URLClassPath$JarLoader$2::getManifest@10
                      ; - java.net.URLClassLoader::defineClass@34
  0x000002989644b910: ecc3 23ff 

  0x000002989644b914: ;   {other}
  0x000002989644b914: 0f1f 8400 | 0000 0000 | ba45 ffff | ff48 ff74 | 2448 488f | 4424 204c | 8b44 2440 | 4c89 4424 
  0x000002989644b934: 3844 8b44 | 242c 4489 | 4424 284c | 8954 2448 | 4489 5c24 | 5044 895c | 2454 6690 

  0x000002989644b950: ;   {runtime_call UncommonTrapBlob}
  0x000002989644b950: c5f8 77e8 

  0x000002989644b954: ; ImmutableOopMap {rbp=NarrowOop [32]=Oop [40]=NarrowOop [48]=Oop [72]=Oop [80]=NarrowOop [84]=NarrowOop [96]=Oop }
                      ;*ifnonnull {reexecute=1 rethrow=0 return_oop=0}
                      ; - (reexecute) java.util.zip.ZipFile::ensureOpen@25
                      ; - java.util.zip.ZipFile::getManifestName@5
                      ; - java.util.zip.ZipFile$1::getManifestName@2
                      ; - java.util.jar.JarFile::maybeInstantiateVerifier@20
                      ; - java.util.jar.JarFile$JarFileEntry::getCodeSigners@4
                      ; - jdk.internal.loader.URLClassPath$JarLoader$2::getCodeSigners@4
                      ; - java.net.URLClassLoader::defineClass@185
  0x000002989644b954: a8c3 23ff 

  0x000002989644b958: ;   {other}
  0x000002989644b958: 0f1f 8400 | 0000 0000 | baf6 ffff | ff48 8b6c | 2448 48ff | 7424 3048 | 8f44 2420 | 48ff 7424 
  0x000002989644b978: 4048 8f44 | 2438 448b | 4c24 2c44 | 894c 2428 | 4489 5424 | 4844 8944 | 2458 894c | 245c 6690 
  0x000002989644b998: ;   {runtime_call UncommonTrapBlob}
  0x000002989644b998: c5f8 77e8 

  0x000002989644b99c: ; ImmutableOopMap {rbp=Oop [32]=Oop [40]=NarrowOop [96]=Oop [120]=Oop }
                      ;*invokevirtual read {reexecute=0 rethrow=0 return_oop=0}
                      ; - jdk.internal.loader.Resource::getBytes@117
                      ; - java.net.URLClassLoader::defineClass@179
  0x000002989644b99c: 60c3 23ff 

  0x000002989644b9a0: ;   {other}
  0x000002989644b9a0: 0f1f 8400 | 0000 0000 | baf6 ffff | ff44 8b5c | 242c 4489 | 5c24 2844 | 8954 242c 

  0x000002989644b9bc: ;   {runtime_call UncommonTrapBlob}
  0x000002989644b9bc: c5f8 77e8 

  0x000002989644b9c0: ; ImmutableOopMap {rbp=Oop [40]=NarrowOop [48]=Oop [72]=Oop [96]=Oop }
                      ;*invokevirtual close {reexecute=0 rethrow=0 return_oop=0}
                      ; - jdk.internal.loader.Resource::getBytes@183
                      ; - java.net.URLClassLoader::defineClass@179
  0x000002989644b9c0: 3cc3 23ff 

  0x000002989644b9c4: ;   {other}
  0x000002989644b9c4: 0f1f 8400 | 0000 0000 | baf6 ffff | ff41 8be9 

  0x000002989644b9d4: ;   {runtime_call UncommonTrapBlob}
  0x000002989644b9d4: c5f8 77e8 

  0x000002989644b9d8: ; ImmutableOopMap {}
                      ;*aaload {reexecute=0 rethrow=0 return_oop=0}
                      ; - java.security.CodeSource::getCertificates@50
                      ; - java.lang.ClassLoader::checkCerts@34
                      ; - java.lang.ClassLoader::preDefineClass@113
                      ; - java.lang.ClassLoader::defineClass@4
                      ; - java.security.SecureClassLoader::defineClass@12
                      ; - java.net.URLClassLoader::defineClass@220
  0x000002989644b9d8: 24c3 23ff 

  0x000002989644b9dc: ;   {other}
  0x000002989644b9dc: 0f1f 8400 | 0000 0000 | baf6 ffff | ff66 6690 

  0x000002989644b9ec: ;   {runtime_call UncommonTrapBlob}
  0x000002989644b9ec: c5f8 77e8 

  0x000002989644b9f0: ; ImmutableOopMap {}
                      ;*invokevirtual getSignerCertPath {reexecute=0 rethrow=0 return_oop=0}
                      ; - java.security.CodeSource::getCertificates@51
                      ; - java.lang.ClassLoader::checkCerts@34
                      ; - java.lang.ClassLoader::preDefineClass@113
                      ; - java.lang.ClassLoader::defineClass@4
                      ; - java.security.SecureClassLoader::defineClass@12
                      ; - java.net.URLClassLoader::defineClass@220
  0x000002989644b9f0: 0cc3 23ff 

  0x000002989644b9f4: ;   {other}
  0x000002989644b9f4: 0f1f 8400 | 0000 0000 | baf6 ffff | ff66 6690 

  0x000002989644ba04: ;   {runtime_call UncommonTrapBlob}
  0x000002989644ba04: c5f8 77e8 

  0x000002989644ba08: ; ImmutableOopMap {}
                      ;*invokevirtual getCertificates {reexecute=0 rethrow=0 return_oop=0}
                      ; - java.security.CodeSource::getCertificates@54
                      ; - java.lang.ClassLoader::checkCerts@34
                      ; - java.lang.ClassLoader::preDefineClass@113
                      ; - java.lang.ClassLoader::defineClass@4
                      ; - java.security.SecureClassLoader::defineClass@12
                      ; - java.net.URLClassLoader::defineClass@220
  0x000002989644ba08: f4c2 23ff 

  0x000002989644ba0c: ;   {other}
  0x000002989644ba0c: 0f1f 8400 | 0000 0000 | baf6 ffff | ff66 6690 

  0x000002989644ba1c: ;   {runtime_call UncommonTrapBlob}
  0x000002989644ba1c: c5f8 77e8 

  0x000002989644ba20: ; ImmutableOopMap {}
                      ;*arraylength {reexecute=0 rethrow=0 return_oop=0}
                      ; - java.security.CodeSource::getCertificates@40
                      ; - java.lang.ClassLoader::checkCerts@34
                      ; - java.lang.ClassLoader::preDefineClass@113
                      ; - java.lang.ClassLoader::defineClass@4
                      ; - java.security.SecureClassLoader::defineClass@12
                      ; - java.net.URLClassLoader::defineClass@220
  0x000002989644ba20: dcc2 23ff 

  0x000002989644ba24: ;   {other}
  0x000002989644ba24: 0f1f 8400 | 0000 0000 | baf6 ffff | ff41 8be8 | 4c8b 5c24 | 284c 895c | 2420 4c8b | 5c24 304c 
  0x000002989644ba44: 895c 2428 | 4c89 5424 | 3066 6690 

  0x000002989644ba50: ;   {runtime_call UncommonTrapBlob}
  0x000002989644ba50: c5f8 77e8 

  0x000002989644ba54: ; ImmutableOopMap {[32]=Oop [40]=Oop [48]=Oop }
                      ;*invokevirtual getBaseURL {reexecute=0 rethrow=0 return_oop=0}
                      ; - jdk.internal.loader.URLClassPath$FileLoader$1::getCodeSourceURL@4
                      ; - java.net.URLClassLoader::defineClass@13
  0x000002989644ba54: a8c2 23ff 

  0x000002989644ba58: ;   {other}
  0x000002989644ba58: 0f1f 8400 | 0000 0000 | baf6 ffff | ff41 8beb 

  0x000002989644ba68: ;   {runtime_call UncommonTrapBlob}
  0x000002989644ba68: c5f8 77e8 

  0x000002989644ba6c: ; ImmutableOopMap {}
                      ;*aaload {reexecute=0 rethrow=0 return_oop=0}
                      ; - java.security.CodeSource::getCertificates@50
                      ; - java.lang.ClassLoader::postDefineClass@24
                      ; - java.lang.ClassLoader::defineClass@37
                      ; - java.security.SecureClassLoader::defineClass@12
                      ; - java.net.URLClassLoader::defineClass@220
  0x000002989644ba6c: 90c2 23ff 

  0x000002989644ba70: ;   {other}
  0x000002989644ba70: 0f1f 8400 | 0000 0000 | baf6 ffff | ff66 6690 

  0x000002989644ba80: ;   {runtime_call UncommonTrapBlob}
  0x000002989644ba80: c5f8 77e8 

  0x000002989644ba84: ; ImmutableOopMap {}
                      ;*invokevirtual getSignerCertPath {reexecute=0 rethrow=0 return_oop=0}
                      ; - java.security.CodeSource::getCertificates@51
                      ; - java.lang.ClassLoader::postDefineClass@24
                      ; - java.lang.ClassLoader::defineClass@37
                      ; - java.security.SecureClassLoader::defineClass@12
                      ; - java.net.URLClassLoader::defineClass@220
  0x000002989644ba84: 78c2 23ff 

  0x000002989644ba88: ;   {other}
  0x000002989644ba88: 0f1f 8400 | 0000 0000 | baf6 ffff | ff66 6690 

  0x000002989644ba98: ;   {runtime_call UncommonTrapBlob}
  0x000002989644ba98: c5f8 77e8 

  0x000002989644ba9c: ; ImmutableOopMap {}
                      ;*invokevirtual getCertificates {reexecute=0 rethrow=0 return_oop=0}
                      ; - java.security.CodeSource::getCertificates@54
                      ; - java.lang.ClassLoader::postDefineClass@24
                      ; - java.lang.ClassLoader::defineClass@37
                      ; - java.security.SecureClassLoader::defineClass@12
                      ; - java.net.URLClassLoader::defineClass@220
  0x000002989644ba9c: 60c2 23ff 

  0x000002989644baa0: ;   {other}
  0x000002989644baa0: 0f1f 8400 | 0000 0000 | baf6 ffff | ff66 6690 

  0x000002989644bab0: ;   {runtime_call UncommonTrapBlob}
  0x000002989644bab0: c5f8 77e8 

  0x000002989644bab4: ; ImmutableOopMap {}
                      ;*arraylength {reexecute=0 rethrow=0 return_oop=0}
                      ; - java.security.CodeSource::getCertificates@40
                      ; - java.lang.ClassLoader::postDefineClass@24
                      ; - java.lang.ClassLoader::defineClass@37
                      ; - java.security.SecureClassLoader::defineClass@12
                      ; - java.net.URLClassLoader::defineClass@220
  0x000002989644bab4: 48c2 23ff 

  0x000002989644bab8: ;   {other}
  0x000002989644bab8: 0f1f 8400 | 0000 0000 | ba97 ffff | ff48 8b6c | 2448 4c8b | 5424 304c | 8954 2420 | 4c8b 5424 
  0x000002989644bad8: 384c 8954 | 2430 4c8b | 5424 404c | 8954 2438 | 448b 5c24 | 2c44 895c | 2428 4c8b | 5424 584c 
  0x000002989644baf8: 8954 2448 

  0x000002989644bafc: ;   {runtime_call UncommonTrapBlob}
  0x000002989644bafc: c5f8 77e8 

  0x000002989644bb00: ; ImmutableOopMap {rbp=Oop [32]=Oop [40]=NarrowOop [48]=Oop [72]=Oop [80]=NarrowOop [88]=Oop }
                      ;*invokevirtual clone {reexecute=1 rethrow=0 return_oop=0}
                      ; - (reexecute) java.util.Arrays::copyOfRange@18
                      ; - java.lang.StringLatin1::newString@16
                      ; - java.lang.String::substring@41
                      ; - java.net.URLClassLoader::defineClass@28
  0x000002989644bb00: fcc1 23ff 

  0x000002989644bb04: ;   {other}
  0x000002989644bb04: 0f1f 8400 | 0000 0000 | ba97 ffff | ff66 6690 

  0x000002989644bb14: ;   {runtime_call UncommonTrapBlob}
  0x000002989644bb14: c5f8 77e8 

  0x000002989644bb18: ; ImmutableOopMap {rbp=Oop [32]=Oop [40]=Oop [48]=Oop [60]=NarrowOop [64]=NarrowOop [72]=Oop }
                      ;*invokevirtual clone {reexecute=1 rethrow=0 return_oop=0}
                      ; - (reexecute) java.util.Arrays::copyOfRange@18
                      ; - java.lang.StringLatin1::newString@16
                      ; - java.lang.String::substring@41
                      ; - java.lang.ClassLoader::checkCerts@21
                      ; - java.lang.ClassLoader::preDefineClass@113
                      ; - java.lang.ClassLoader::defineClass@4
                      ; - java.security.SecureClassLoader::defineClass@12
                      ; - java.net.URLClassLoader::defineClass@220
  0x000002989644bb18: e4c1 23ff 

  0x000002989644bb1c: ;   {other}
  0x000002989644bb1c: 0f1f 8400 | 0000 0000 | ba97 ffff | ff66 6690 

  0x000002989644bb2c: ;   {runtime_call UncommonTrapBlob}
  0x000002989644bb2c: c5f8 77e8 

  0x000002989644bb30: ; ImmutableOopMap {rbp=Oop [40]=NarrowOop [48]=Oop [56]=Oop [64]=Oop }
                      ;*invokevirtual clone {reexecute=1 rethrow=0 return_oop=0}
                      ; - (reexecute) java.util.Arrays::copyOfRange@18
                      ; - java.lang.StringLatin1::newString@16
                      ; - java.lang.String::substring@41
                      ; - java.lang.Class::getPackageName@62
                      ; - java.lang.ClassLoader::postDefineClass@2
                      ; - java.lang.ClassLoader::defineClass@37
                      ; - java.security.SecureClassLoader::defineClass@12
                      ; - java.net.URLClassLoader::defineClass@220
  0x000002989644bb30: ccc1 23ff 

  0x000002989644bb34: ;   {other}
  0x000002989644bb34: 0f1f 8400 | 0000 0000 | baf4 ffff | ff66 6690 

  0x000002989644bb44: ;   {runtime_call UncommonTrapBlob}
  0x000002989644bb44: c5f8 77e8 

  0x000002989644bb48: ; ImmutableOopMap {rbp=Oop [32]=Oop [40]=Oop [48]=Oop [60]=NarrowOop [64]=Oop }
                      ;*checkcast {reexecute=0 rethrow=0 return_oop=0}
                      ; - java.security.CodeSource::getCertificates@76
                      ; - java.lang.ClassLoader::checkCerts@34
                      ; - java.lang.ClassLoader::preDefineClass@113
                      ; - java.lang.ClassLoader::defineClass@4
                      ; - java.security.SecureClassLoader::defineClass@12
                      ; - java.net.URLClassLoader::defineClass@220
  0x000002989644bb48: b4c1 23ff 

  0x000002989644bb4c: ;   {other}
  0x000002989644bb4c: 0f1f 8400 | 0000 0000 | baf4 ffff | ff66 6690 

  0x000002989644bb5c: ;   {runtime_call UncommonTrapBlob}
  0x000002989644bb5c: c5f8 77e8 

  0x000002989644bb60: ; ImmutableOopMap {rbp=NarrowOop [32]=Oop [40]=Oop }
                      ;*checkcast {reexecute=0 rethrow=0 return_oop=0}
                      ; - java.security.CodeSource::getCertificates@76
                      ; - java.lang.ClassLoader::postDefineClass@24
                      ; - java.lang.ClassLoader::defineClass@37
                      ; - java.security.SecureClassLoader::defineClass@12
                      ; - java.net.URLClassLoader::defineClass@220
  0x000002989644bb60: 9cc1 23ff 

  0x000002989644bb64: ;   {other}
  0x000002989644bb64: 0f1f 8400 | 0000 0000 | baf6 ffff | ff48 8b6c | 2428 4c8b | 5424 584c | 8954 2428 | 4c8b 5424 
  0x000002989644bb84: 404c 8954 | 2430 448b | 5424 5044 | 8954 2438 | 4489 5c24 | 5044 895c | 2454 6690 

  0x000002989644bba0: ;   {runtime_call UncommonTrapBlob}
  0x000002989644bba0: c5f8 77e8 

  0x000002989644bba4: ; ImmutableOopMap {rbp=Oop [32]=Oop [40]=Oop [56]=NarrowOop [80]=NarrowOop [84]=NarrowOop [176]=Oop }
                      ;*getfield zsrc {reexecute=1 rethrow=0 return_oop=0}
                      ; - (reexecute) java.util.zip.ZipFile::getEntryName@21
                      ; - java.util.zip.ZipFile::getManifestName@41
                      ; - java.util.zip.ZipFile$1::getManifestName@2
                      ; - java.util.jar.JarFile::maybeInstantiateVerifier@20
                      ; - java.util.jar.JarFile::ensureInitialization@1
                      ; - java.util.jar.JavaUtilJarAccessImpl::ensureInitialization@1
                      ; - jdk.internal.loader.URLClassPath$JarLoader$2::getManifest@10
                      ; - java.net.URLClassLoader::defineClass@34
  0x000002989644bba4: 58c1 23ff 

  0x000002989644bba8: ;   {other}
  0x000002989644bba8: 0f1f 8400 | 0000 0000 | baf6 ffff | ff48 8b6c | 2448 4c8b | 5424 404c | 8954 2438 | 448b 5424 
  0x000002989644bbc8: 2c44 8954 | 2428 4489 | 5c24 4844 | 895c 244c 

  0x000002989644bbd8: ;   {runtime_call UncommonTrapBlob}
  0x000002989644bbd8: c5f8 77e8 

  0x000002989644bbdc: ; ImmutableOopMap {rbp=Oop [32]=Oop [40]=NarrowOop [48]=Oop [72]=NarrowOop [76]=NarrowOop [96]=Oop }
                      ;*getfield zsrc {reexecute=1 rethrow=0 return_oop=0}
                      ; - (reexecute) java.util.zip.ZipFile::getEntryName@21
                      ; - java.util.zip.ZipFile::getManifestName@41
                      ; - java.util.zip.ZipFile$1::getManifestName@2
                      ; - java.util.jar.JarFile::maybeInstantiateVerifier@20
                      ; - java.util.jar.JarFile$JarFileEntry::getCodeSigners@4
                      ; - jdk.internal.loader.URLClassPath$JarLoader$2::getCodeSigners@4
                      ; - java.net.URLClassLoader::defineClass@185
  0x000002989644bbdc: 20c1 23ff 

  0x000002989644bbe0: ;   {other}
  0x000002989644bbe0: 0f1f 8400 | 0000 0000 | ba97 ffff | ff4c 8b54 | 2430 4c89 | 5424 204c | 8b54 2440 | 4c89 5424 
  0x000002989644bc00: 3844 8b5c | 242c 4489 | 5c24 284c | 8b54 2460 | 4c89 5424 | 4066 6690 

  0x000002989644bc18: ;   {runtime_call UncommonTrapBlob}
  0x000002989644bc18: c5f8 77e8 

  0x000002989644bc1c: ; ImmutableOopMap {rbp=Oop [32]=Oop [40]=NarrowOop [64]=Oop [104]=Oop [112]=Oop }
                      ;*invokevirtual clone {reexecute=1 rethrow=0 return_oop=0}
                      ; - (reexecute) java.util.Arrays::copyOf@7
                      ; - jdk.internal.loader.Resource::getBytes@94
                      ; - jdk.internal.loader.URLClassPath$JarLoader$2::getBytes@1
                      ; - java.net.URLClassLoader::defineClass@179
  0x000002989644bc1c: e0c0 23ff 

  0x000002989644bc20: ;   {other}
  0x000002989644bc20: 0f1f 8400 | 0000 0000 | ba97 ffff | ff48 8b6c | 2420 6690 

  0x000002989644bc34: ;   {runtime_call UncommonTrapBlob}
  0x000002989644bc34: c5f8 77e8 

  0x000002989644bc38: ; ImmutableOopMap {rbp=Oop [40]=Oop [48]=Oop [60]=NarrowOop [64]=Oop [72]=Oop }
                      ;*invokevirtual clone {reexecute=1 rethrow=0 return_oop=0}
                      ; - (reexecute) java.security.CodeSource::getCertificates@11
                      ; - java.lang.ClassLoader::checkCerts@34
                      ; - java.lang.ClassLoader::preDefineClass@113
                      ; - java.lang.ClassLoader::defineClass@4
                      ; - java.security.SecureClassLoader::defineClass@12
                      ; - java.net.URLClassLoader::defineClass@220
  0x000002989644bc38: c4c0 23ff 

  0x000002989644bc3c: ;   {other}
  0x000002989644bc3c: 0f1f 8400 | 0000 0000 | ba97 ffff | ff48 ff74 | 2448 488f | 4424 284c | 8b54 2440 | 4c89 5424 
  0x000002989644bc5c: 3866 6690 

  0x000002989644bc60: ;   {runtime_call UncommonTrapBlob}
  0x000002989644bc60: c5f8 77e8 

  0x000002989644bc64: ; ImmutableOopMap {rbp=Oop [32]=Oop [40]=Oop [48]=Oop [96]=Oop }
                      ;*invokevirtual clone {reexecute=1 rethrow=0 return_oop=0}
                      ; - (reexecute) java.security.CodeSource::<init>@42
                      ; - java.net.URLClassLoader::defineClass@198
  0x000002989644bc64: 98c0 23ff 

  0x000002989644bc68: ;   {other}
  0x000002989644bc68: 0f1f 8400 | 0000 0000 | ba97 ffff | ff4c 8b54 | 2440 4c89 | 5424 3890 

  0x000002989644bc80: ;   {runtime_call UncommonTrapBlob}
  0x000002989644bc80: c5f8 77e8 

  0x000002989644bc84: ; ImmutableOopMap {rbp=NarrowOop [44]=NarrowOop [48]=Oop [72]=Oop [96]=Oop }
                      ;*invokevirtual clone {reexecute=1 rethrow=0 return_oop=0}
                      ; - (reexecute) java.util.jar.JarFile$JarFileEntry::getCodeSigners@70
                      ; - jdk.internal.loader.URLClassPath$JarLoader$2::getCodeSigners@4
                      ; - java.net.URLClassLoader::defineClass@185
  0x000002989644bc84: 78c0 23ff 

  0x000002989644bc88: ;   {other}
  0x000002989644bc88: 0f1f 8400 | 0000 0000 | ba97 ffff | ff48 8b6c | 2428 6690 

  0x000002989644bc9c: ;   {runtime_call UncommonTrapBlob}
  0x000002989644bc9c: c5f8 77e8 

  0x000002989644bca0: ; ImmutableOopMap {rbp=Oop [32]=Oop [48]=NarrowOop }
                      ;*invokevirtual clone {reexecute=1 rethrow=0 return_oop=0}
                      ; - (reexecute) java.security.CodeSource::getCertificates@11
                      ; - java.lang.ClassLoader::postDefineClass@24
                      ; - java.lang.ClassLoader::defineClass@37
                      ; - java.security.SecureClassLoader::defineClass@12
                      ; - java.net.URLClassLoader::defineClass@220
  0x000002989644bca0: 5cc0 23ff 

  0x000002989644bca4: ;   {other}
  0x000002989644bca4: 0f1f 8400 | 0000 0000 | ba97 ffff | ff66 6690 

  0x000002989644bcb4: ;   {runtime_call UncommonTrapBlob}
  0x000002989644bcb4: c5f8 77e8 

  0x000002989644bcb8: ; ImmutableOopMap {rbp=Oop [32]=Oop [40]=Oop [48]=Oop [64]=Oop [72]=Oop }
                      ;*invokevirtual clone {reexecute=1 rethrow=0 return_oop=0}
                      ; - (reexecute) java.security.CodeSource::getCertificates@86
                      ; - java.lang.ClassLoader::checkCerts@34
                      ; - java.lang.ClassLoader::preDefineClass@113
                      ; - java.lang.ClassLoader::defineClass@4
                      ; - java.security.SecureClassLoader::defineClass@12
                      ; - java.net.URLClassLoader::defineClass@220
  0x000002989644bcb8: 44c0 23ff 

  0x000002989644bcbc: ;   {other}
  0x000002989644bcbc: 0f1f 8400 | 0000 0000 | ba97 ffff | ff66 6690 

  0x000002989644bccc: ;   {runtime_call UncommonTrapBlob}
  0x000002989644bccc: c5f8 77e8 

  0x000002989644bcd0: ; ImmutableOopMap {[32]=Oop [40]=Oop [56]=Oop }
                      ;*invokevirtual clone {reexecute=1 rethrow=0 return_oop=0}
                      ; - (reexecute) java.security.CodeSource::getCertificates@86
                      ; - java.lang.ClassLoader::postDefineClass@24
                      ; - java.lang.ClassLoader::defineClass@37
                      ; - java.security.SecureClassLoader::defineClass@12
                      ; - java.net.URLClassLoader::defineClass@220
  0x000002989644bcd0: 2cc0 23ff 

  0x000002989644bcd4: ;   {other}
  0x000002989644bcd4: 0f1f 8400 | 0000 0000 | 488b d8e9 | 9003 0000 | 448b 5808 | 4d33 d24f | 8d14 da4d 

  0x000002989644bcf0: ;   {metadata('java/io/InterruptedIOException')}
  0x000002989644bcf0: 8b5a 5049 | b8f8 e625 | 0001 0000 | 004d 3bd8 | 0f84 1403 | 0000 4d8b 

  0x000002989644bd08: ;   {metadata('java/io/IOException')}
  0x000002989644bd08: 5248 49bb | 6885 0900 | 0100 0000 | 4d3b d30f | 8516 0700 | 0044 8b54 | 2470 4585 | d20f 85ef 
  0x000002989644bd28: 0200 00e9 | 0003 0000 | e9fe 0600 | 00e9 f906 | 0000 e9fe | 0600 00e9 | f906 0000 | e9f4 0600 
  0x000002989644bd48: 00e9 ef06 | 0000 488b | e8e9 9902 | 0000 488b | e8e9 9102 | 0000 488b | e8e9 8902 | 0000 4c8b 
  0x000002989644bd68: c844 8b50 | 084d 33db | 4f8d 1cd3 | e997 0400 | 0048 8bd8 | 448b 5808 | 4d33 d24f | 8d14 dae9 
  0x000002989644bd88: d102 0000 | e9ac 0600 | 0048 8bd0 | e9a7 0600 | 0044 8b50 | 084d 33db | 4f8d 1cd3 | 4d8b 5350 
  0x000002989644bda8: ;   {metadata('java/io/InterruptedIOException')}
  0x000002989644bda8: 49b8 f8e6 | 2500 0100 | 0000 4d3b | d00f 8453 | 0600 004d 

  0x000002989644bdbc: ;   {metadata('java/io/IOException')}
  0x000002989644bdbc: 8b53 4849 | bb68 8509 | 0001 0000 | 004d 3bd3 | 0f85 6106 | 0000 448b | 5424 2845 | 85d2 0f85 
  0x000002989644bddc: 2e06 0000 | e94b 0600 | 0044 8b58 | 084d 33d2 | 4f8d 14da | e9fd 0000 | 00e9 3906 | 0000 448b 
  0x000002989644bdfc: 4008 4d33 | d24f 8d14 | c2e9 ac01 | 0000 e92e | 0600 0048 | 8be8 448b | 9424 8000 | 0000 e9c1 
  0x000002989644be1c: 0500 00e9 | 1406 0000 | e914 0600 | 0048 8bd0 | e90f 0600 | 00e9 0706 | 0000 e902 | 0600 00e9 
  0x000002989644be3c: f805 0000 | 4889 4424 | 2848 8b54 | 2430 4c8b | 5424 384c | 8954 2430 | 4c8b 5424 | 404c 8954 
  0x000002989644be5c: 2438 448b | 5c24 5044 | 895c 2440 

  0x000002989644be68: ;   {static_call}
  0x000002989644be68: c5f8 77e8 

  0x000002989644be6c: ; ImmutableOopMap {rbp=Oop [32]=Oop [40]=Oop [48]=Oop [64]=NarrowOop [104]=Oop [176]=Oop }
                      ;*invokestatic endInit {reexecute=0 rethrow=0 return_oop=0}
                      ; - java.util.jar.JarFile::ensureInitialization@53
                      ; - java.util.jar.JavaUtilJarAccessImpl::ensureInitialization@1
                      ; - jdk.internal.loader.URLClassPath$JarLoader$2::getManifest@10
                      ; - java.net.URLClassLoader::defineClass@34
  0x000002989644be6c: 103a 23ff 

  0x000002989644be70: ;   {other}
  0x000002989644be70: 0f1f 8400 | 0000 0000 | 4c8b 5424 | 2849 8bda | e9ef 0100 | 0048 8bd8 | e9e7 0100 | 0048 8bd8 
  0x000002989644be90: e9df 0100 | 00e9 a305 | 0000 e99e | 0500 00e9 | fa00 0000 | e98f 0500 | 00e9 8f05 | 0000 e98a 
  0x000002989644beb0: 0500 0048 | 8be8 4533 | d2e9 2205 | 0000 e97a | 0500 00e9 | 7505 0000 | 488b d0e9 | 7005 0000 
  0x000002989644bed0: e968 0500 | 00e9 6305 | 0000 e95e | 0500 0048 | 8bd0 e959 | 0500 0044 | 8b58 084d | 33d2 4f8d 
  0x000002989644bef0: 14da 4d8b 

  0x000002989644bef4: ;   {metadata('java/io/InterruptedIOException')}
  0x000002989644bef4: 5a50 49b8 | f8e6 2500 | 0100 0000 | 4d3b d80f | 84d7 ecff | ff4d 8b52 

  0x000002989644bf0c: ;   {metadata('java/io/IOException')}
  0x000002989644bf0c: 4849 bb68 | 8509 0001 | 0000 004d | 3bd3 0f85 | 1305 0000 | 448b 5c24 | 2045 85db | 0f84 54ac 
  0x000002989644bf2c: ffff e9b3 | ecff ff44 | 8b50 084d | 33db 4f8d | 1cd3 4d8b 

  0x000002989644bf40: ;   {metadata('java/io/InterruptedIOException')}
  0x000002989644bf40: 5350 49bb | f8e6 2500 | 0100 0000 | 4d3b d30f | 85de 0400 | 0066 6690 

  0x000002989644bf58: ;   {static_call}
  0x000002989644bf58: c5f8 77e8 

  0x000002989644bf5c: ; ImmutableOopMap {rbp=Oop [32]=Oop [40]=NarrowOop [44]=NarrowOop [48]=Oop [56]=Oop [72]=Oop [80]=Oop [96]=Oop [104]=Oop }
                      ;*invokestatic interrupted {reexecute=0 rethrow=0 return_oop=0}
                      ; - jdk.internal.loader.Resource::getBytes@20
                      ; - java.net.URLClassLoader::defineClass@179
  0x000002989644bf5c: 2039 23ff 

  0x000002989644bf60: ;   {other}
  0x000002989644bf60: 0f1f 8400 | 0000 0000 | 4d8b 9750 

  0x000002989644bf6c: ; ImmutableOopMap {rbp=Oop [32]=Oop [40]=NarrowOop [44]=NarrowOop [48]=Oop [56]=Oop [72]=Oop [80]=Oop [96]=Oop [104]=Oop }
                      ;*goto {reexecute=1 rethrow=0 return_oop=0}
                      ; - (reexecute) jdk.internal.loader.Resource::getBytes@26
                      ; - java.net.URLClassLoader::defineClass@179
                      ;   {poll}
  0x000002989644bf6c: 0400 0041 | 8502 41ba | 0100 0000 | 4c8b 5c24 | 20e9 0ca9 | ffff e9b6 | 0400 0048 | 8be8 448b 
  0x000002989644bf8c: 9424 8000 | 0000 e949 | 0400 00e9 | 9c04 0000 | eb00 488b | d0e9 9a04 | 0000 e992 | 0400 0044 
  0x000002989644bfac: 8b58 084d | 33d2 4f8d | 14da 4d8b 

  0x000002989644bfb8: ;   {metadata('java/io/InterruptedIOException')}
  0x000002989644bfb8: 5250 49bb | f8e6 2500 | 0100 0000 | 4d3b d375 | 2366 6690 

  0x000002989644bfcc: ;   {static_call}
  0x000002989644bfcc: c5f8 77e8 

  0x000002989644bfd0: ; ImmutableOopMap {[32]=Oop [40]=NarrowOop [44]=NarrowOop [48]=Oop [56]=Oop [72]=Oop [80]=Oop [96]=Oop [104]=Oop [120]=Oop }
                      ;*invokestatic interrupted {reexecute=0 rethrow=0 return_oop=0}
                      ; - jdk.internal.loader.Resource::getBytes@127
                      ; - java.net.URLClassLoader::defineClass@179
  0x000002989644bfd0: ac38 23ff 

  0x000002989644bfd4: ;   {other}
  0x000002989644bfd4: 0f1f 8400 | 0000 0000 | 448b 4c24 | 7441 ba01 | 0000 00e9 | 40ab ffff | 488b e848 | 8b54 2468 
  0x000002989644bff4: 6690 c5f8 | 7748 b8ff | ffff ffff 

  0x000002989644c000: ;   {virtual_call}
  0x000002989644c000: ffff ffe8 

  0x000002989644c004: ; ImmutableOopMap {rbp=Oop [32]=Oop [44]=NarrowOop [48]=Oop [72]=Oop [96]=Oop }
                      ;*invokevirtual close {reexecute=0 rethrow=0 return_oop=0}
                      ; - jdk.internal.loader.Resource::getBytes@214
                      ; - java.net.URLClassLoader::defineClass@179
  0x000002989644c004: 7833 23ff 

  0x000002989644c008: ;   {other}
  0x000002989644c008: 0f1f 8400 | 0000 0000 | 448b 5c24 | 7045 85db | 7416 488b | 5424 2090 

  0x000002989644c020: ;   {optimized virtual_call}
  0x000002989644c020: c5f8 77e8 

  0x000002989644c024: ; ImmutableOopMap {rbp=Oop [44]=NarrowOop [48]=Oop [72]=Oop [96]=Oop }
                      ;*invokevirtual interrupt {reexecute=0 rethrow=0 return_oop=0}
                      ; - jdk.internal.loader.Resource::getBytes@236
                      ; - java.net.URLClassLoader::defineClass@179
  0x000002989644c024: 582e 23ff 

  0x000002989644c028: ;   {other}
  0x000002989644c028: 0f1f 8400 | 0000 0000 | 488b c5e9 | fb03 0000 | e9fb 0300 | 00e9 fb03 | 0000 4c8b | d0eb 084c 
  0x000002989644c048: 8bd0 eb03 | 4c8b d049 | 8bda 458b | 4208 4d33 | d24f 8d14 | c24d 8b52 

  0x000002989644c060: ;   {metadata('java/io/IOException')}
  0x000002989644c060: 4849 bb68 | 8509 0001 | 0000 004d | 3bd3 0f84 | f403 0000 | 4c8b 5c24 | 6848 8d84 | 24c0 0000 
  0x000002989644c080: 0048 8338 | 000f 8479 | 0000 004d | 8b13 41f6 | c202 0f84 | 6200 0000 | 4983 ba86 | 0000 0000 
  0x000002989644c0a0: 7409 49ff | 8a86 0000 | 00eb 4b49 | 8b82 9600 | 0000 490b | 828e 0000 | 0075 0a49 | c742 3e00 
  0x000002989644c0c0: 0000 00eb | 3d49 83ba | 9e00 0000 | 0074 2248 | 33c0 49c7 | 423e 0000 | 0000 f083 | 0424 0049 
  0x000002989644c0e0: 83ba 9e00 | 0000 0075 | 0df0 4d0f | b17a 3e75 | 0583 c801 | eb0c a800 | eb08 4c8b | 10f0 4d0f 
  0x000002989644c100: b113 750a | 49ff 8f48 | 0500 0045 | 33d2 0f84 | a702 0000 | 488b 4c24 | 6848 8d94 | 24c0 0000 
  0x000002989644c120: 004d 8bc7 | c5f8 7749 | bab0 839d | 05fd 7f00 | 0041 ffd2 

  0x000002989644c134: ;   {other}
  0x000002989644c134: 0f1f 8400 | 0000 0000 | e97a 0200 | 00e9 f702 | 0000 e9f2 | 0200 00e9 | ed02 0000 | e9e8 0200 
  0x000002989644c154: 0048 8bd8 | eb08 488b | d8eb 0348 | 8bd8 4c8b | 5c24 6848 | 8d84 24c0 | 0000 0048 | 8338 000f 
  0x000002989644c174: 8479 0000 | 004d 8b13 | 41f6 c202 | 0f84 6200 | 0000 4983 | ba86 0000 | 0000 7409 | 49ff 8a86 
  0x000002989644c194: 0000 00eb | 4b49 8b82 | 9600 0000 | 490b 828e | 0000 0075 | 0a49 c742 | 3e00 0000 | 00eb 3d49 
  0x000002989644c1b4: 83ba 9e00 | 0000 0074 | 2248 33c0 | 49c7 423e | 0000 0000 | f083 0424 | 0049 83ba | 9e00 0000 
  0x000002989644c1d4: 0075 0df0 | 4d0f b17a | 3e75 0583 | c801 eb0c | a800 eb08 | 4c8b 10f0 | 4d0f b113 | 750a 49ff 
  0x000002989644c1f4: 8f48 0500 | 0045 33d2 | 0f85 c202 | 0000 4c8b | cb44 8b43 | 084d 33db | 4f8d 1cc3 | 4d8b 5348 
  0x000002989644c214: ;   {metadata('java/io/IOException')}
  0x000002989644c214: 49bb 6885 | 0900 0100 | 0000 4d3b | d30f 8479 | 0200 00eb | 084c 8bc8 | eb03 4c8b | c849 8bd1 
  0x000002989644c234: e907 0200 | 0044 8b58 | 084d 33d2 | 4f8d 14da | 4d8b 5250 | 4c3b d50f | 858e fcff | ff45 33c9 
  0x000002989644c254: eb4d e9e2 | 0100 00e9 | d301 0000 | 448b 5808 | 4d33 d24f | 8d14 dae9 | 9d00 0000 | 448b 5808 
  0x000002989644c274: 4d33 c04f | 8d04 d8e9 | fc00 0000 | e9b8 0100 | 00e9 b301 | 0000 448b | 5008 4d33 | db4f 8d1c 
  0x000002989644c294: d34d 8b53 | 504c 3bd5 | 753e 4c8b | 4c24 6848 | 8b54 2448 | 4c8b 4424 | 6048 8b7c | 2470 6690 
  0x000002989644c2b4: ;   {optimized virtual_call}
  0x000002989644c2b4: c5f8 77e8 

  0x000002989644c2b8: ; ImmutableOopMap {[32]=Oop [40]=NarrowOop [44]=NarrowOop [48]=Oop [56]=Oop [72]=Oop [80]=Oop [96]=Oop }
                      ;*invokevirtual getAndVerifyPackage {reexecute=0 rethrow=0 return_oop=1}
                      ; - java.net.URLClassLoader::defineClass@97
  0x000002989644c2b8: c42b 23ff 

  0x000002989644c2bc: ;   {other}
  0x000002989644c2bc: 0f1f 8400 | 0000 0000 | 4885 c00f | 8483 0100 | 004c 8b6c | 2448 448b | 7424 2ce9 | 9e8b ffff 
  0x000002989644c2dc: 488b d0e9 | 5c01 0000 | e94f 0100 | 00e9 4f01 | 0000 e945 | 0100 00e9 | 4501 0000 | e93b 0100 
  0x000002989644c2fc: 00e9 3601 | 0000 448b | 5808 4d33 | d24f 8d14 | da4d 8b5a 

  0x000002989644c310: ;   {metadata('java/io/InterruptedIOException')}
  0x000002989644c310: 5049 b8f8 | e625 0001 | 0000 004d | 3bd8 0f84 | 08d7 ffff | 4d8b 5248 

  0x000002989644c328: ;   {metadata('java/io/IOException')}
  0x000002989644c328: 49bb 6885 | 0900 0100 | 0000 4d3b | d30f 85f8 | 0000 0044 | 8b54 2468 | 4585 d20f | 84b9 8eff 
  0x000002989644c348: ffe9 e4d6 | ffff e9e5 | 0000 00e9 | e500 0000 | e9db 0000 | 00e9 d600 | 0000 e9d6 | 0000 00e9 
  0x000002989644c368: d100 0000 | e9cc 0000 | 0044 8b50 | 084d 33c0 | 4f8d 04d0 | 4d8b 5050 

  0x000002989644c380: ;   {metadata('java/io/InterruptedIOException')}
  0x000002989644c380: 49bb f8e6 | 2500 0100 | 0000 4d3b | d375 4648 | 8b6c 2448 

  0x000002989644c394: ;   {static_call}
  0x000002989644c394: c5f8 77e8 

  0x000002989644c398: ; ImmutableOopMap {rbp=Oop [32]=Oop [40]=NarrowOop [44]=NarrowOop [48]=Oop [56]=Oop [72]=Oop [80]=Oop [96]=Oop [104]=Oop [112]=Oop }
                      ;*invokestatic interrupted {reexecute=0 rethrow=0 return_oop=0}
                      ; - jdk.internal.loader.Resource::getBytes@127
                      ; - jdk.internal.loader.URLClassPath$JarLoader$2::getBytes@1
                      ; - java.net.URLClassLoader::defineClass@179
  0x000002989644c398: e434 23ff 

  0x000002989644c39c: ;   {other}
  0x000002989644c39c: 0f1f 8400 | 0000 0000 | 448b 5424 | 7cbb 0100 | 0000 e9ec | 8dff ffe9 | 8500 0000 | 488b d848 
  0x000002989644c3bc: 8bd3 e97d | 0000 00eb | 78eb 76eb | 7448 8bd0 | eb72 488b | d0eb 6deb | 5e48 8be8 | 448b 9424 
  0x000002989644c3dc: 8000 0000 | 4489 5424 | 2848 8b54 | 2468 c5f8 | 7748 b8ff | ffff ffff 

  0x000002989644c3f4: ;   {virtual_call}
  0x000002989644c3f4: ffff ffe8 

  0x000002989644c3f8: ; ImmutableOopMap {rbp=Oop [32]=Oop [44]=NarrowOop [48]=Oop [72]=Oop [96]=Oop }
                      ;*invokevirtual close {reexecute=0 rethrow=0 return_oop=0}
                      ; - jdk.internal.loader.Resource::getBytes@214
                      ; - jdk.internal.loader.URLClassPath$JarLoader$2::getBytes@1
                      ; - java.net.URLClassLoader::defineClass@179
  0x000002989644c3f8: 842f 23ff 

  0x000002989644c3fc: ;   {other}
  0x000002989644c3fc: 0f1f 8400 | 0000 0000 | 448b 5c24 | 2845 85db | 7422 488b | 5424 2048 | ff74 2448 | 488f 4424 
  0x000002989644c41c: 2066 6690 

  0x000002989644c420: ;   {optimized virtual_call}
  0x000002989644c420: c5f8 77e8 

  0x000002989644c424: ; ImmutableOopMap {rbp=Oop [32]=Oop [44]=NarrowOop [48]=Oop [96]=Oop }
                      ;*invokevirtual interrupt {reexecute=0 rethrow=0 return_oop=0}
                      ; - jdk.internal.loader.Resource::getBytes@236
                      ; - jdk.internal.loader.URLClassPath$JarLoader$2::getBytes@1
                      ; - java.net.URLClassLoader::defineClass@179
  0x000002989644c424: 582a 23ff 

  0x000002989644c428: ;   {other}
  0x000002989644c428: 0f1f 8400 | 0000 0000 | 488b c548 | 8bd0 eb08 | 488b d0eb | 0348 8bd0 | c5f8 7748 | 81c4 e000 
  0x000002989644c448: ;   {runtime_call _rethrow_Java}
  0x000002989644c448: 0000 5de9 | 30d5 30ff | bafd 0000 | 0066 6690 

  0x000002989644c458: ;   {runtime_call UncommonTrapBlob}
  0x000002989644c458: c5f8 77e8 

  0x000002989644c45c: ; ImmutableOopMap {[96]=Oop }
                      ;*new {reexecute=0 rethrow=0 return_oop=0}
                      ; - java.net.URLClassLoader::defineClass@103
  0x000002989644c45c: a0b8 23ff 

  0x000002989644c460: ;   {other}
  0x000002989644c460: 0f1f 8400 | 0000 0000 | 488b ebba | f201 0000 | 4c8b 5424 | 584c 8954 | 2430 4c8b | 5424 404c 
  0x000002989644c480: 8954 2438 | 448b 5c24 | 5044 895c | 2440 6690 

  0x000002989644c490: ;   {runtime_call UncommonTrapBlob}
  0x000002989644c490: c5f8 77e8 

  0x000002989644c494: ; ImmutableOopMap {rbp=Oop [32]=Oop [40]=Oop [48]=Oop [64]=NarrowOop [96]=NarrowOop [176]=Oop }
                      ;*new {reexecute=0 rethrow=0 return_oop=0}
                      ; - java.util.jar.JarFile::ensureInitialization@8
                      ; - java.util.jar.JavaUtilJarAccessImpl::ensureInitialization@1
                      ; - jdk.internal.loader.URLClassPath$JarLoader$2::getManifest@10
                      ; - java.net.URLClassLoader::defineClass@34
  0x000002989644c494: 68b8 23ff 

  0x000002989644c498: ;   {other}
  0x000002989644c498: 0f1f 8400 | 0000 0000 | 498b e9ba | 2a00 0000 | 4c8b 5424 | 404c 8954 | 2438 6690 

  0x000002989644c4b4: ;   {runtime_call UncommonTrapBlob}
  0x000002989644c4b4: c5f8 77e8 

  0x000002989644c4b8: ; ImmutableOopMap {rbp=Oop [44]=NarrowOop [48]=Oop [72]=Oop [96]=Oop }
                      ;*new {reexecute=0 rethrow=0 return_oop=0}
                      ; - java.util.jar.JarFile$JarFileEntry::getCodeSigners@11
                      ; - jdk.internal.loader.URLClassPath$JarLoader$2::getCodeSigners@4
                      ; - java.net.URLClassLoader::defineClass@185
  0x000002989644c4b8: 44b8 23ff 

  0x000002989644c4bc: ;   {other}
  0x000002989644c4bc: 0f1f 8400 | 0000 0000 | 498b cb48 | 8d94 24c0 | 0000 004d | 8bc7 c5f8 | 7749 bab0 | 839d 05fd 
  0x000002989644c4dc: 7f00 0041 

  0x000002989644c4e0: ;   {other}
  0x000002989644c4e0: ffd2 0f1f | 8400 0000 | 0000 e913 | fdff ffba | 97ff ffff | 48ff 7424 | 4848 8f44 | 2420 448b 
  0x000002989644c500: 5c24 2c44 | 895c 2428 

  0x000002989644c508: ;   {runtime_call UncommonTrapBlob}
  0x000002989644c508: c5f8 77e8 

  0x000002989644c50c: ; ImmutableOopMap {rbp=Oop [32]=Oop [40]=NarrowOop [48]=Oop [96]=Oop [104]=Oop }
                      ;*invokevirtual clone {reexecute=1 rethrow=0 return_oop=0}
                      ; - (reexecute) java.util.Arrays::copyOf@7
                      ; - jdk.internal.loader.Resource::getBytes@94
                      ; - java.net.URLClassLoader::defineClass@179
  0x000002989644c50c: f0b7 23ff 

  0x000002989644c510: ;   {other}
  0x000002989644c510: 0f1f 8400 | 0000 0000 

  0x000002989644c518: ;   {internal_word}
  0x000002989644c518: 49ba d360 | 4496 9802 | 0000 4d89 | 9760 0400 

  0x000002989644c528: ;   {runtime_call SafepointBlob}
  0x000002989644c528: 00e9 52a6 

  0x000002989644c52c: ;   {runtime_call StubRoutines (final stubs)}
  0x000002989644c52c: 23ff e8cd | ea21 ffe9 | a67c ffff 
[Stub Code]
  0x000002989644c538: ;   {no_reloc}
  0x000002989644c538: 48bb 0000 | 0000 0000 

  0x000002989644c540: ;   {runtime_call nmethod}
  0x000002989644c540: 0000 e9fb 

  0x000002989644c544: ;   {static_stub}
  0x000002989644c544: ffff ff48 | bb00 0000 | 0000 0000 

  0x000002989644c550: ;   {runtime_call nmethod}
  0x000002989644c550: 00e9 fbff 

  0x000002989644c554: ;   {static_stub}
  0x000002989644c554: ffff 48bb | 40a7 0fa2 | 9802 0000 

  0x000002989644c560: ;   {runtime_call I2C/C2I adapters}
  0x000002989644c560: e921 3722 

  0x000002989644c564: ;   {static_stub}
  0x000002989644c564: ff48 bb00 | 0000 0000 

  0x000002989644c56c: ;   {runtime_call nmethod}
  0x000002989644c56c: 0000 00e9 | fbff ffff 

  0x000002989644c574: ;   {static_stub}
  0x000002989644c574: 48bb a817 | 52a2 9802 

  0x000002989644c57c: ;   {runtime_call I2C/C2I adapters}
  0x000002989644c57c: 0000 e982 

  0x000002989644c580: ;   {static_stub}
  0x000002989644c580: 2522 ff48 | bb08 0852 | a298 0200 

  0x000002989644c58c: ;   {runtime_call I2C/C2I adapters}
  0x000002989644c58c: 00e9 e878 

  0x000002989644c590: ;   {static_stub}
  0x000002989644c590: 23ff 48bb | 0000 0000 | 0000 0000 

  0x000002989644c59c: ;   {runtime_call nmethod}
  0x000002989644c59c: e9fb ffff 

  0x000002989644c5a0: ;   {static_stub}
  0x000002989644c5a0: ff48 bb00 | 0000 0000 

  0x000002989644c5a8: ;   {runtime_call nmethod}
  0x000002989644c5a8: 0000 00e9 | fbff ffff 

  0x000002989644c5b0: ;   {static_stub}
  0x000002989644c5b0: 48bb 2057 | 2ea2 9802 

  0x000002989644c5b8: ;   {runtime_call I2C/C2I adapters}
  0x000002989644c5b8: 0000 e9bb 

  0x000002989644c5bc: ;   {static_stub}
  0x000002989644c5bc: 7823 ff48 | bb00 0000 | 0000 0000 

  0x000002989644c5c8: ;   {runtime_call nmethod}
  0x000002989644c5c8: 00e9 fbff 

  0x000002989644c5cc: ;   {static_stub}
  0x000002989644c5cc: ffff 48bb | 0000 0000 | 0000 0000 

  0x000002989644c5d8: ;   {runtime_call nmethod}
  0x000002989644c5d8: e9fb ffff 

  0x000002989644c5dc: ;   {static_stub}
  0x000002989644c5dc: ff48 bb00 | 0000 0000 

  0x000002989644c5e4: ;   {runtime_call nmethod}
  0x000002989644c5e4: 0000 00e9 | fbff ffff 

  0x000002989644c5ec: ;   {static_stub}
  0x000002989644c5ec: 48bb 0000 | 0000 0000 

  0x000002989644c5f4: ;   {runtime_call nmethod}
  0x000002989644c5f4: 0000 e9fb 

  0x000002989644c5f8: ;   {static_stub}
  0x000002989644c5f8: ffff ff48 | bb00 0000 | 0000 0000 

  0x000002989644c604: ;   {runtime_call nmethod}
  0x000002989644c604: 00e9 fbff 

  0x000002989644c608: ;   {static_stub}
  0x000002989644c608: ffff 48bb | 0000 0000 | 0000 0000 

  0x000002989644c614: ;   {runtime_call nmethod}
  0x000002989644c614: e9fb ffff 

  0x000002989644c618: ;   {static_stub}
  0x000002989644c618: ff48 bb00 | 0000 0000 

  0x000002989644c620: ;   {runtime_call nmethod}
  0x000002989644c620: 0000 00e9 | fbff ffff 

  0x000002989644c628: ;   {static_stub}
  0x000002989644c628: 48bb 0000 | 0000 0000 

  0x000002989644c630: ;   {runtime_call nmethod}
  0x000002989644c630: 0000 e9fb 

  0x000002989644c634: ;   {static_stub}
  0x000002989644c634: ffff ff48 | bb00 0000 | 0000 0000 

  0x000002989644c640: ;   {runtime_call nmethod}
  0x000002989644c640: 00e9 fbff 

  0x000002989644c644: ;   {static_stub}
  0x000002989644c644: ffff 48bb | 0000 0000 | 0000 0000 

  0x000002989644c650: ;   {runtime_call nmethod}
  0x000002989644c650: e9fb ffff 

  0x000002989644c654: ;   {static_stub}
  0x000002989644c654: ff48 bb00 | 0000 0000 

  0x000002989644c65c: ;   {runtime_call nmethod}
  0x000002989644c65c: 0000 00e9 | fbff ffff 

  0x000002989644c664: ;   {static_stub}
  0x000002989644c664: 48bb 0000 | 0000 0000 

  0x000002989644c66c: ;   {runtime_call nmethod}
  0x000002989644c66c: 0000 e9fb 

  0x000002989644c670: ;   {static_stub}
  0x000002989644c670: ffff ff48 | bb00 0000 | 0000 0000 

  0x000002989644c67c: ;   {runtime_call nmethod}
  0x000002989644c67c: 00e9 fbff 

  0x000002989644c680: ;   {static_stub}
  0x000002989644c680: ffff 48bb | 0000 0000 | 0000 0000 

  0x000002989644c68c: ;   {runtime_call nmethod}
  0x000002989644c68c: e9fb ffff 

  0x000002989644c690: ;   {static_stub}
  0x000002989644c690: ff48 bb00 | 0000 0000 

  0x000002989644c698: ;   {runtime_call nmethod}
  0x000002989644c698: 0000 00e9 | fbff ffff 

  0x000002989644c6a0: ;   {static_stub}
  0x000002989644c6a0: 48bb 0000 | 0000 0000 

  0x000002989644c6a8: ;   {runtime_call nmethod}
  0x000002989644c6a8: 0000 e9fb 

  0x000002989644c6ac: ;   {static_stub}
  0x000002989644c6ac: ffff ff48 | bb00 0000 | 0000 0000 

  0x000002989644c6b8: ;   {runtime_call nmethod}
  0x000002989644c6b8: 00e9 fbff 

  0x000002989644c6bc: ;   {static_stub}
  0x000002989644c6bc: ffff 48bb | 0000 0000 | 0000 0000 

  0x000002989644c6c8: ;   {runtime_call nmethod}
  0x000002989644c6c8: e9fb ffff 

  0x000002989644c6cc: ;   {static_stub}
  0x000002989644c6cc: ff48 bb00 | 0000 0000 

  0x000002989644c6d4: ;   {runtime_call nmethod}
  0x000002989644c6d4: 0000 00e9 | fbff ffff 

  0x000002989644c6dc: ;   {static_stub}
  0x000002989644c6dc: 48bb 0000 | 0000 0000 

  0x000002989644c6e4: ;   {runtime_call nmethod}
  0x000002989644c6e4: 0000 e9fb 

  0x000002989644c6e8: ;   {static_stub}
  0x000002989644c6e8: ffff ff48 | bb58 a700 | a298 0200 

  0x000002989644c6f4: ;   {runtime_call I2C/C2I adapters}
  0x000002989644c6f4: 00e9 0488 

  0x000002989644c6f8: ;   {static_stub}
  0x000002989644c6f8: 23ff 48bb | 0000 0000 | 0000 0000 

  0x000002989644c704: ;   {runtime_call nmethod}
  0x000002989644c704: e9fb ffff 

  0x000002989644c708: ;   {static_stub}
  0x000002989644c708: ff48 bb00 | 0000 0000 

  0x000002989644c710: ;   {runtime_call nmethod}
  0x000002989644c710: 0000 00e9 | fbff ffff 

  0x000002989644c718: ;   {static_stub}
  0x000002989644c718: 48bb 0000 | 0000 0000 

  0x000002989644c720: ;   {runtime_call nmethod}
  0x000002989644c720: 0000 e9fb 

  0x000002989644c724: ;   {static_stub}
  0x000002989644c724: ffff ff48 | bb00 0000 | 0000 0000 

  0x000002989644c730: ;   {runtime_call nmethod}
  0x000002989644c730: 00e9 fbff 

  0x000002989644c734: ;   {static_stub}
  0x000002989644c734: ffff 48bb | c0d9 10a2 | 9802 0000 

  0x000002989644c740: ;   {runtime_call I2C/C2I adapters}
  0x000002989644c740: e940 7620 

  0x000002989644c744: ;   {static_stub}
  0x000002989644c744: ff48 bb90 | 7d5a a298 

  0x000002989644c74c: ;   {runtime_call I2C/C2I adapters}
  0x000002989644c74c: 0200 00e9 | a217 23ff 

  0x000002989644c754: ;   {static_stub}
  0x000002989644c754: 48bb f073 | 5aa2 9802 

  0x000002989644c75c: ;   {runtime_call I2C/C2I adapters}
  0x000002989644c75c: 0000 e917 

  0x000002989644c760: ;   {static_stub}
  0x000002989644c760: 7723 ff48 | bb40 7e5a | a298 0200 

  0x000002989644c76c: ;   {runtime_call I2C/C2I adapters}
  0x000002989644c76c: 00e9 0877 

  0x000002989644c770: ;   {static_stub}
  0x000002989644c770: 23ff 48bb | 0000 0000 | 0000 0000 

  0x000002989644c77c: ;   {runtime_call nmethod}
  0x000002989644c77c: e9fb ffff 

  0x000002989644c780: ;   {static_stub}
  0x000002989644c780: ff48 bb00 | 0000 0000 

  0x000002989644c788: ;   {runtime_call nmethod}
  0x000002989644c788: 0000 00e9 | fbff ffff 

  0x000002989644c790: ;   {static_stub}
  0x000002989644c790: 48bb 0000 | 0000 0000 

  0x000002989644c798: ;   {runtime_call nmethod}
  0x000002989644c798: 0000 e9fb 

  0x000002989644c79c: ;   {static_stub}
  0x000002989644c79c: ffff ff48 | bb00 0000 | 0000 0000 

  0x000002989644c7a8: ;   {runtime_call nmethod}
  0x000002989644c7a8: 00e9 fbff 

  0x000002989644c7ac: ;   {static_stub}
  0x000002989644c7ac: ffff 48bb | 0000 0000 | 0000 0000 

  0x000002989644c7b8: ;   {runtime_call nmethod}
  0x000002989644c7b8: e9fb ffff 

  0x000002989644c7bc: ;   {static_stub}
  0x000002989644c7bc: ff48 bb00 | 0000 0000 

  0x000002989644c7c4: ;   {runtime_call nmethod}
  0x000002989644c7c4: 0000 00e9 | fbff ffff 

  0x000002989644c7cc: ;   {static_stub}
  0x000002989644c7cc: 48bb 0000 | 0000 0000 

  0x000002989644c7d4: ;   {runtime_call nmethod}
  0x000002989644c7d4: 0000 e9fb 

  0x000002989644c7d8: ;   {static_stub}
  0x000002989644c7d8: ffff ff48 | bb00 0000 | 0000 0000 

  0x000002989644c7e4: ;   {runtime_call nmethod}
  0x000002989644c7e4: 00e9 fbff 

  0x000002989644c7e8: ;   {static_stub}
  0x000002989644c7e8: ffff 48bb | 0000 0000 | 0000 0000 

  0x000002989644c7f4: ;   {runtime_call nmethod}
  0x000002989644c7f4: e9fb ffff 

  0x000002989644c7f8: ;   {static_stub}
  0x000002989644c7f8: ff48 bb00 | 0000 0000 

  0x000002989644c800: ;   {runtime_call nmethod}
  0x000002989644c800: 0000 00e9 | fbff ffff 

  0x000002989644c808: ;   {static_stub}
  0x000002989644c808: 48bb 0000 | 0000 0000 

  0x000002989644c810: ;   {runtime_call nmethod}
  0x000002989644c810: 0000 e9fb 

  0x000002989644c814: ;   {static_stub}
  0x000002989644c814: ffff ff48 | bb00 0000 | 0000 0000 

  0x000002989644c820: ;   {runtime_call nmethod}
  0x000002989644c820: 00e9 fbff 

  0x000002989644c824: ;   {runtime_call ExceptionBlob}
  0x000002989644c824: ffff e9d5 | 8230 ffe8 | 0000 0000 | 4883 2c24 

  0x000002989644c834: ;   {runtime_call DeoptimizationBlob}
  0x000002989644c834: 05e9 e6b7 | 23ff f4f4 | f4f4 f4f4 
[/MachCode]


Compiled method (c2) 443881 18975   !   4       java.net.URLClassLoader::findClass (47 bytes)
 total in heap  [0x00000298964b1990,0x00000298964b3e48] = 9400
 relocation     [0x00000298964b1af0,0x00000298964b1c58] = 360
 main code      [0x00000298964b1c60,0x00000298964b2e08] = 4520
 stub code      [0x00000298964b2e08,0x00000298964b2ea8] = 160
 oops           [0x00000298964b2ea8,0x00000298964b2ec8] = 32
 metadata       [0x00000298964b2ec8,0x00000298964b3038] = 368
 scopes data    [0x00000298964b3038,0x00000298964b3920] = 2280
 scopes pcs     [0x00000298964b3920,0x00000298964b3bd0] = 688
 dependencies   [0x00000298964b3bd0,0x00000298964b3c38] = 104
 handler table  [0x00000298964b3c38,0x00000298964b3e18] = 480
 nul chk table  [0x00000298964b3e18,0x00000298964b3e48] = 48

[Constant Pool (empty)]

[MachCode]
[Entry Point]
  # {method} {0x00000298a20fa278} 'findClass' '(Ljava/lang/String;)Ljava/lang/Class;' in 'java/net/URLClassLoader'
  # this:     rdx:rdx   = 'java/net/URLClassLoader'
  # parm0:    r8:r8     = 'java/lang/String'
  #           [sp+0x90]  (sp of caller)
  0x00000298964b1c60: 448b 5208 | 49c1 e203 

  0x00000298964b1c68: ;   {runtime_call ic_miss_stub}
  0x00000298964b1c68: 493b c20f | 850f cd1c | ff66 6690 | 0f1f 8400 | 0000 0000 | 6666 6690 
[Verified Entry Point]
  0x00000298964b1c80: 8984 2400 | 80ff ff55 | 4881 ec80 | 0000 0090 | 4181 7f20 | 3900 0000 | 0f85 5c11 | 0000 4c89 
  0x00000298964b1ca0: 4424 5048 | 8954 2458 | 448b 5a58 | 4585 db0f | 84f8 0600 | 0049 8beb | 488b d54c | 8944 2420 
  0x00000298964b1cc0: ;   {static_call}
  0x00000298964b1cc0: c5f8 77e8 

  0x00000298964b1cc4: ; ImmutableOopMap {rbp=Oop [32]=Oop [80]=Oop [88]=Oop }
                      ;*invokestatic ensureMaterializedForStackWalk {reexecute=0 rethrow=0 return_oop=0}
                      ; - java.security.AccessController::executePrivileged@5
                      ; - java.security.AccessController::doPrivileged@13
                      ; - java.net.URLClassLoader::findClass@13
  0x00000298964b1cc4: 106b 76ff 

  0x00000298964b1cc8: ;   {other}
  0x00000298964b1cc8: 0f1f 8400 | 3803 0000 | 4889 6c24 | 284c 8b54 | 2450 418b | 4a14 41b9 | 2f00 0000 | 4180 7a10 
  0x00000298964b1ce8: 000f 85e4 | 0700 0044 | 8b41 0c45 | 85c0 0f86 | 7f03 0000 | 418d 78ff | 413b f80f | 836b 0b00 
  0x00000298964b1d08: 0045 8d48 | fd48 8bd1 | 8079 102e | 0f84 a006 | 0000 4183 | f901 0f8e | 3403 0000 | bd01 0000 
  0x00000298964b1d28: 0045 8bd0 | 442b d541 | 83c2 fd33 | db44 3bcd | 440f 4cd3 | 4181 faa0 | 0f00 00bb | a00f 0000 
  0x00000298964b1d48: 440f 47d3 | 4403 d5eb | 028b eb4c | 63dd 420f | be5c 1910 | 83fb 2e74 | 4f42 0fbe | 5c19 1183 
  0x00000298964b1d68: fb2e 743d | 420f be5c | 1912 83fb | 2e74 3646 | 0fbe 5c19 | 1341 83fb | 2e74 238d | 5d04 413b 
  0x00000298964b1d88: da7c c64d | 8baf 5004 | 0000 83c5 

  0x00000298964b1d94: ; ImmutableOopMap {rcx=NarrowOop rdx=Oop [40]=Oop [80]=Oop [88]=Oop }
                      ;*if_icmpne {reexecute=1 rethrow=0 return_oop=0}
                      ; - (reexecute) java.lang.StringLatin1::replace@28
                      ; - java.lang.String::replace@18
                      ; - java.net.URLClassLoader$1::run@8
                      ; - java.net.URLClassLoader$1::run@1
                      ; - java.security.AccessController::executePrivileged@29
                      ; - java.security.AccessController::doPrivileged@13
                      ; - java.net.URLClassLoader::findClass@13
                      ;   {poll}
  0x00000298964b1d94: 0341 8545 | 0041 3bd9 | 0f8d bb02 | 0000 8beb | eb83 83c5 | 02ff c5eb | 0383 c502 | 413b e80f 
  0x00000298964b1db4: 8dc2 0200 | 0041 81f8 | 0000 1000 | 0f87 8809 | 0000 498b | 9fb8 0100 | 004d 63d0 | 4983 c217 
  0x00000298964b1dd4: 4983 e2f8 | 4c8b db4d | 03da 4d3b | 9fc8 0100 | 000f 8363 | 0900 004d | 899f b801 | 0000 410f 
  0x00000298964b1df4: 0d8b c000 | 0000 48c7 | 0301 0000 | 0041 0f0d | 8b00 0100 

  0x00000298964b1e08: ;   {metadata({type array byte})}
  0x00000298964b1e08: 00c7 4308 | 4f81 0020 | 4489 430c | 410f 0d8b | 4001 0000 | 410f 0d8b | 8001 0000 | 85ed 7e70 
  0x00000298964b1e28: 448d 5dff | 453b d80f | 8373 0b00 | 0045 85c0 | 0f86 6a0b | 0000 41ba | e803 0000 | 4533 db41 
  0x00000298964b1e48: 8bf1 448b | cd45 2bcb | 33c0 413b | eb44 0f4c | c841 81f9 | e803 0000 | 450f 47ca | 4503 cb66 
  0x00000298964b1e68: 0f1f 8400 | 0000 0000 | 4d63 eb42 | 0fbe 4429 | 1042 8844 | 2b10 41ff | c345 3bd9 | 7cea 4d8b 
  0x00000298964b1e88: 8f50 0400 

  0x00000298964b1e8c: ; ImmutableOopMap {rcx=NarrowOop rbx=Oop rdx=Oop [40]=Oop [80]=Oop [88]=Oop }
                      ;*goto {reexecute=1 rethrow=0 return_oop=0}
                      ; - (reexecute) java.lang.StringLatin1::replace@76
                      ; - java.lang.String::replace@18
                      ; - java.net.URLClassLoader$1::run@8
                      ; - java.net.URLClassLoader$1::run@1
                      ; - java.security.AccessController::executePrivileged@29
                      ; - java.security.AccessController::doPrivileged@13
                      ; - java.net.URLClassLoader::findClass@13
                      ;   {poll}
  0x00000298964b1e8c: 0041 8501 | 443b dd7c | b544 8bce | 413b e80f | 8d62 0100 | 0041 3be8 | 0f83 920a | 0000 413b 
  0x00000298964b1eac: f80f 8389 | 0a00 008d | 7501 4c63 | d542 0fbe | 7c11 1083 | ff2e 0f84 | d004 0000 | 4288 7c13 
  0x00000298964b1ecc: 1044 8d55 | 0144 3bd6 | 7d05 418b | eaeb db45 | 3bd1 0f8d | f700 0000 | ffc5 e97c | 0000 0041 
  0x00000298964b1eec: bb2f 0000 | 0046 885c | 1311 460f | be5c 1112 | 4183 fb2e | 743f 4688 | 5c13 1246 | 0fbe 5c11 
  0x00000298964b1f0c: 1341 83fb | 2e74 3e46 | 885c 1313 | 83c5 043b | ef7d 3a4c | 63d5 460f | be5c 1110 | 4183 fb2e 
  0x00000298964b1f2c: 741b 4688 | 5c13 1046 | 0fbe 5c11 | 1141 83fb | 2e75 b2eb | aa41 bb2f | 0000 00eb | b941 bb2f 
  0x00000298964b1f4c: 0000 00eb | dd41 bb2f | 0000 00eb | ba49 8bb7 

  0x00000298964b1f5c: ; ImmutableOopMap {rcx=NarrowOop rbx=Oop rdx=Oop [40]=Oop [80]=Oop [88]=Oop }
                      ;*goto {reexecute=1 rethrow=0 return_oop=0}
                      ; - (reexecute) java.lang.StringLatin1::replace@113
                      ; - java.lang.String::replace@18
                      ; - java.net.URLClassLoader$1::run@8
                      ; - java.net.URLClassLoader$1::run@1
                      ; - java.security.AccessController::executePrivileged@29
                      ; - java.security.AccessController::doPrivileged@13
                      ; - java.net.URLClassLoader::findClass@13
  0x00000298964b1f5c: 5004 0000 

  0x00000298964b1f60: ;   {poll}
  0x00000298964b1f60: 8506 413b | e97d 7741 | 8bf8 2bfd | 83c7 fd45 | 33d2 443b | cd41 0f4c | fa81 ffa0 | 0f00 0041 
  0x00000298964b1f80: baa0 0f00 | 0041 0f47 | fa03 fdeb | 9249 baff | ffff ffff | ffff ffc4 | 42b8 f5d2 | c4c1 fb92 
  0x00000298964b1fa0: fa62 f17f | af6f 0062 | f17f 2f7f | 02e9 7a02 | 0000 43c6 | 4405 102e | 43c6 4405 | 1163 43c6 
  0x00000298964b1fc0: 4405 126c | 43c6 4405 | 1361 43c6 | 4405 1473 | 43c6 4405 | 1573 e9cd | 0100 0041 | 8bea 413b 
  0x00000298964b1fe0: e87d 2090 | 4c63 d546 | 0fbe 4c11 | 1041 83f9 | 2e0f 84ab | 0300 0046 | 884c 1310 | ffc5 413b 
  0x00000298964b2000: e87c e149 | 8b8f b801 | 0000 4c8b | d149 83c2 | 184d 3b97 | c801 0000 | 0f83 9f07 | 0000 4d89 
  0x00000298964b2020: 97b8 0100 | 0041 0f0d | 8ac0 0000 | 0048 c701 | 0100 0000 | 4c8b d149 

  0x00000298964b2038: ;   {metadata('java/lang/String')}
  0x00000298964b2038: 83c2 10c7 | 4108 f483 | 0020 4489 | 610c c5fd | efc0 c4c1 | 79d6 024c | 8bd3 4489 | 5114 eb25 
  0x00000298964b2058: bb01 0000 | 0041 3bd8 | 7d19 6690 | 440f be54 | 1910 4183 | fa2e 0f84 | ca07 0000 | ffc3 413b 
  0x00000298964b2078: d87c e933 | c948 85c9 | 0f84 0803 | 0000 448b | 5914 458b | 530c 4585 | d20f 862a | 0300 0044 
  0x00000298964b2098: 0fbe 5910 | c442 22f7 | d249 63da | 4183 fb01 | 0f84 7b07 | 0000 4585 | d20f 8ca9 | 0800 004c 
  0x00000298964b20b8: 8d4b 0641 | 8be9 85ed | 0f8c c608 | 0000 4d8b | d949 c1fb | 2045 8bc3 | 450f bed8 | c462 21f7 
  0x00000298964b20d8: dd45 85db | 0f8c ea08 | 0000 4181 | fb00 0010 | 000f 877d | 0700 004d | 63c3 4181 | fb00 0010 
  0x00000298964b20f8: 000f 8775 | 0400 004d | 8baf b801 | 0000 4983 | c017 4983 | e0f8 498b | fd49 03f8 | 493b bfc8 
  0x00000298964b2118: 0100 000f | 8353 0400 | 0049 89bf | b801 0000 | 0f0d 8fc0 | 0000 0049 | c745 0001 | 0000 000f 
  0x00000298964b2138: ;   {no_reloc}
  0x00000298964b2138: 0d8f 0001 

  0x00000298964b213c: ;   {metadata({type array byte})}
  0x00000298964b213c: 0000 41c7 | 4508 4f81 | 0020 4589 | 5d0c 0f0d | 8f40 0100 | 000f 0d8f | 8001 0000 | 49b8 0000 
  0x00000298964b215c: 0000 0100 | 0000 493b | d80f 8dca | 0200 0045 | 8d4a 0645 | 3bd9 0f82 | 3007 0000 | 4d63 c245 
  0x00000298964b217c: 85d2 0f8e | 2efe ffff | 43c6 4405 | 1573 43c6 | 4405 1473 | 43c6 4405 | 1361 43c6 | 4405 126c 
  0x00000298964b219c: 43c6 4405 | 1163 43c6 | 4405 102e | 448b 4914 

  0x00000298964b21ac: ; implicit exception: dispatches to 0x00000298964b2b40
  0x00000298964b21ac: 458b 410c | 440f be51 | 10c4 c22a | f7d0 4863 | fa48 2bdf | 8bf3 48bf | 0000 0000 | 0100 0000 
  0x00000298964b21cc: 483b df0f | 8dbc 0200 | 0049 8bc9 | 498d 4110 | 4585 d20f | 8535 0400 | 0085 f60f | 8c03 0700 
  0x00000298964b21ec: 0042 8d0c | 0644 3bd9 | 0f82 f606 | 0000 4585 | c076 2d49 | 8d54 3510 | 4d63 c049 | 83f8 200f 
  0x00000298964b220c: 867c fdff | ff48 8bc8 | c5f8 7749 | ba60 5366 | 9598 0200 | 0041 ffd2 

  0x00000298964b2224: ;   {other}
  0x00000298964b2224: 0f1f 8400 | 0000 0000 | 498b ed48 | 85db 0f85 | da02 0000 | 4d8b 9fb8 | 0100 004d | 8bd3 4983 
  0x00000298964b2244: c218 4d3b | 97c8 0100 | 000f 8381 | 0300 004d | 8997 b801 | 0000 410f | 0d8a c000 | 0000 49c7 
  0x00000298964b2264: 0301 0000 | 004d 8bd3 | 4983 c210 

  0x00000298964b2270: ;   {metadata('java/lang/String')}
  0x00000298964b2270: 41c7 4308 | f483 0020 | 4589 630c | c5fd efc0 | c4c1 79d6 | 0241 896b | 144c 8b54 | 2458 458b 
  0x00000298964b2290: 5254 4585 | d20f 84aa | 0500 0049 | 8bd2 4d8b | c345 33c9 

  0x00000298964b22a4: ;   {optimized virtual_call}
  0x00000298964b22a4: c5f8 77e8 

  0x00000298964b22a8: ; ImmutableOopMap {[40]=Oop [80]=Oop [88]=Oop }
                      ;*invokevirtual getResource {reexecute=0 rethrow=0 return_oop=1}
                      ; - java.net.URLClassLoader$1::run@26
                      ; - java.net.URLClassLoader$1::run@1
                      ; - java.security.AccessController::executePrivileged@29
                      ; - java.security.AccessController::doPrivileged@13
                      ; - java.net.URLClassLoader::findClass@13
  0x00000298964b22a8: f417 7eff 

  0x00000298964b22ac: ;   {other}
  0x00000298964b22ac: 0f1f 8400 | 1c09 0004 | 4885 c00f | 858a 0000 | 0049 8b87 | b801 0000 | 4c8b d049 | 83c2 284d 
  0x00000298964b22cc: 3b97 c801 | 0000 0f83 | 2f05 0000 | 4d89 97b8 | 0100 0041 | 0f0d 8ac0 | 0000 0048 | c700 0100 
  0x00000298964b22ec: 0000 4c8b | d049 83c2 

  0x00000298964b22f4: ;   {metadata('java/lang/ClassNotFoundException')}
  0x00000298964b22f4: 10c7 4008 | 1a8a 0020 | 4489 600c | c5fd efc0 | 41b8 0700 | 0000 c4c1 | 7892 f862 | d1fe 2f7f 
  0x00000298964b2314: 0248 8be8 | 488b d54c | 8b44 2450 | 4533 c990 

  0x00000298964b2324: ;   {optimized virtual_call}
  0x00000298964b2324: c5f8 77e8 

  0x00000298964b2328: ; ImmutableOopMap {rbp=Oop }
                      ;*invokespecial <init> {reexecute=0 rethrow=0 return_oop=0}
                      ; - java.lang.ClassNotFoundException::<init>@3
                      ; - java.net.URLClassLoader::findClass@41
  0x00000298964b2328: 5425 90ff 

  0x00000298964b232c: ;   {other}
  0x00000298964b232c: 0f1f 8400 | 9c09 0005 | 488b d5c5 | f877 4881 | c480 0000 

  0x00000298964b2340: ;   {runtime_call _rethrow_Java}
  0x00000298964b2340: 005d e939 | 762a ff48 | 8944 2420 | 488b 5424 | 584c 8b44 | 2450 4c8b | c866 6690 

  0x00000298964b235c: ;   {optimized virtual_call}
  0x00000298964b235c: c5f8 77e8 

  0x00000298964b2360: ; ImmutableOopMap {[32]=Oop [40]=Oop [80]=Oop [88]=Oop }
                      ;*invokevirtual defineClass {reexecute=0 rethrow=0 return_oop=1}
                      ; - java.net.URLClassLoader$1::run@43
                      ; - java.net.URLClassLoader$1::run@1
                      ; - java.security.AccessController::executePrivileged@29
                      ; - java.security.AccessController::doPrivileged@13
                      ; - java.net.URLClassLoader::findClass@13
  0x00000298964b2360: 5c1e f9ff 

  0x00000298964b2364: ;   {other}
  0x00000298964b2364: 0f1f 8400 | d409 0006 | 4885 c00f | 8448 ffff | ffc5 f877 | 4881 c480 | 0000 005d 

  0x00000298964b2380: ;   {poll_return}
  0x00000298964b2380: 493b a748 | 0400 000f | 8757 0a00 | 00c3 488b | 4c24 50e9 | eefc ffff | bf2f 0000 | 00e9 26fb 
  0x00000298964b23a0: ffff 41b9 | 2f00 0000 | e94a fcff | ff45 33d2 | 4c89 5424 | 28e9 1bf9 | ffff 33ed | e9ef f9ff 
  0x00000298964b23c0: ff49 8b87 | b801 0000 | 4c8b d049 | 83c2 184d | 3b97 c801 | 0000 0f83 | 2006 0000 | 4d89 97b8 
  0x00000298964b23e0: 0100 0041 | 0f0d 8ac0 | 0000 0048 | c700 0100 

  0x00000298964b23f0: ;   {metadata('java/lang/String')}
  0x00000298964b23f0: 0000 c740 | 08f4 8300 | 2044 8960 | 0c44 8960 

  0x00000298964b2400: ;   {oop([B{0x00000000804d5098})}
  0x00000298964b2400: 10c7 4014 | 9850 4d80 

  0x00000298964b2408: ;   {oop(".class"{0x00000000804ab200})}
  0x00000298964b2408: 49ba 00b2 | 4a80 0000 | 0000 450f | b652 1144 

  0x00000298964b2418: ;   {oop(".class"{0x00000000804ab200})}
  0x00000298964b2418: 8850 1149 | ba00 b24a | 8000 0000 | 0045 8b5a | 0c44 8958 | 0c4c 8bd8 | e954 feff | ff4c 896c 
  0x00000298964b2438: 2448 4489 | 5c24 4048 | 895c 2438 | 4889 4c24 | 3048 ff74 | 2450 488f 

  0x00000298964b2450: ;   {oop(".class"{0x00000000804ab200})}
  0x00000298964b2450: 4424 2048 | ba00 b24a | 8000 0000 | 004d 8bc5 | 458b cabf | 0100 0000 

  0x00000298964b2468: ;   {optimized virtual_call}
  0x00000298964b2468: c5f8 77e8 

  0x00000298964b246c: ; ImmutableOopMap {[32]=Oop [40]=Oop [48]=Oop [72]=Oop [80]=Oop [88]=Oop }
                      ;*invokevirtual getBytes {reexecute=0 rethrow=0 return_oop=0}
                      ; - java.lang.StringConcatHelper::prepend@32
                      ; - java.lang.StringConcatHelper::simpleConcat@71
                      ; - java.lang.String::concat@11
                      ; - java.net.URLClassLoader$1::run@13
                      ; - java.net.URLClassLoader$1::run@1
                      ; - java.security.AccessController::executePrivileged@29
                      ; - java.security.AccessController::doPrivileged@13
                      ; - java.net.URLClassLoader::findClass@13
  0x00000298964b246c: 10ca 1cff 

  0x00000298964b2470: ;   {other}
  0x00000298964b2470: 0f1f 8400 | e00a 0007 | 488b 4c24 | 3048 8b5c | 2438 448b | 5c24 404c | 8b6c 2448 | e917 fdff 
  0x00000298964b2490: ff4c 896c | 2438 4889 | 5c24 3048 | ff74 2450 | 488f 4424 | 2048 8bd1 | 4d8b c544 | 8bce bf01 
  0x00000298964b24b0: 0000 0090 

  0x00000298964b24b4: ;   {optimized virtual_call}
  0x00000298964b24b4: c5f8 77e8 

  0x00000298964b24b8: ; ImmutableOopMap {[32]=Oop [40]=Oop [56]=Oop [80]=Oop [88]=Oop }
                      ;*invokevirtual getBytes {reexecute=0 rethrow=0 return_oop=0}
                      ; - java.lang.StringConcatHelper::prepend@32
                      ; - java.lang.StringConcatHelper::simpleConcat@81
                      ; - java.lang.String::concat@11
                      ; - java.net.URLClassLoader$1::run@13
                      ; - java.net.URLClassLoader$1::run@1
                      ; - java.security.AccessController::executePrivileged@29
                      ; - java.security.AccessController::doPrivileged@13
                      ; - java.net.URLClassLoader::findClass@13
  0x00000298964b24b8: c4c9 1cff 

  0x00000298964b24bc: ;   {other}
  0x00000298964b24bc: 0f1f 8400 | 2c0b 0008 | 488b 5c24 | 304c 8b6c | 2438 e959 | fdff ff48 | ff74 2428 | 488f 4424 
  0x00000298964b24dc: 204c 8954 | 2428 488b | 6c24 5848 | 8bd1 41b8 | 2e00 0000 

  0x00000298964b24f0: ;   {static_call}
  0x00000298964b24f0: c5f8 77e8 

  0x00000298964b24f4: ; ImmutableOopMap {rbp=Oop [32]=Oop [40]=Oop [80]=Oop [88]=Oop }
                      ;*invokestatic replace {reexecute=0 rethrow=0 return_oop=1}
                      ; - java.lang.String::replace@30
                      ; - java.net.URLClassLoader$1::run@8
                      ; - java.net.URLClassLoader$1::run@1
                      ; - java.security.AccessController::executePrivileged@29
                      ; - java.security.AccessController::doPrivileged@13
                      ; - java.net.URLClassLoader::findClass@13
  0x00000298964b24f4: 88d3 1cff 

  0x00000298964b24f8: ;   {other}
  0x00000298964b24f8: 0f1f 8400 | 680b 0009 | 48ff 7424 | 2048 8f44 | 2428 488b | c8e9 6bfb | ffff 49ba | 0000 0000 
  0x00000298964b2518: 0100 0000 | 493b da0f | 8542 0500 | 0049 8b87 | b801 0000 | 4c8b d049 | 83c2 184d | 3b97 c801 
  0x00000298964b2538: 0000 0f83 | e504 0000 | 4d89 97b8 | 0100 0041 | 0f0d 8ac0 | 0000 0048 | c700 0100 

  0x00000298964b2554: ;   {metadata('java/lang/String')}
  0x00000298964b2554: 0000 c740 | 08f4 8300 | 2044 8960 | 0c48 c740 | 1001 0000 | 0089 6814 | 4c8b d8e9 | 15fd ffff 
  0x00000298964b2574: 4489 5c24 | 3c48 895c | 2440 4489 | 5424 3848 | 894c 2430 | 48ff 7424 | 5048 8f44 

  0x00000298964b2590: ;   {metadata({type array byte})}
  0x00000298964b2590: 2420 48ba | 780a 0400 | 0100 0000 | 448b 4424 | 3c4c 894c | 2448 6690 

  0x00000298964b25a8: ;   {runtime_call _new_array_Java}
  0x00000298964b25a8: c5f8 77e8 

  0x00000298964b25ac: ; ImmutableOopMap {[32]=Oop [40]=Oop [48]=Oop [80]=Oop [88]=Oop }
                      ;*invokevirtual allocateUninitializedArray0 {reexecute=0 rethrow=0 return_oop=1}
                      ; - jdk.internal.misc.Unsafe::allocateUninitializedArray@51
                      ; - java.lang.StringConcatHelper::newArray@33
                      ; - java.lang.StringConcatHelper::simpleConcat@61
                      ; - java.lang.String::concat@11
                      ; - java.net.URLClassLoader$1::run@13
                      ; - java.net.URLClassLoader$1::run@1
                      ; - java.security.AccessController::executePrivileged@29
                      ; - java.security.AccessController::doPrivileged@13
                      ; - java.net.URLClassLoader::findClass@13
  0x00000298964b25ac: 501f 2aff 

  0x00000298964b25b0: ;   {other}
  0x00000298964b25b0: 0f1f 8400 | 200c 000a | 488b 4c24 | 3044 8b54 | 2438 488b | 5c24 4044 | 8b5c 243c | 4c8b e8e9 
  0x00000298964b25d0: 84fb ffff | 48ff 7424 | 2848 8f44 | 2430 48ff | 7424 5048 | 8f44 2420 

  0x00000298964b25e8: ;   {metadata('java/lang/String')}
  0x00000298964b25e8: 48ba a01f | 0400 0100 | 0000 4c89 | 6c24 3890 

  0x00000298964b25f8: ;   {runtime_call _new_instance_Java}
  0x00000298964b25f8: c5f8 77e8 

  0x00000298964b25fc: ; ImmutableOopMap {rbp=NarrowOop [32]=Oop [48]=Oop [56]=Oop [80]=Oop [88]=Oop }
                      ;*new {reexecute=0 rethrow=0 return_oop=1}
                      ; - java.lang.StringConcatHelper::newString@6
                      ; - java.lang.StringConcatHelper::simpleConcat@90
                      ; - java.lang.String::concat@11
                      ; - java.net.URLClassLoader$1::run@13
                      ; - java.net.URLClassLoader$1::run@1
                      ; - java.security.AccessController::executePrivileged@29
                      ; - java.security.AccessController::doPrivileged@13
                      ; - java.net.URLClassLoader::findClass@13
  0x00000298964b25fc: 0022 2aff 

  0x00000298964b2600: ;   {other}
  0x00000298964b2600: 0f1f 8400 | 700c 000b | 48ff 7424 | 3048 8f44 | 2428 4c8b | d8e9 6bfc | ffff 8d0c | 3685 c90f 
  0x00000298964b2620: 8c67 0400 | 0047 8d14 | 0045 85d2 | 0f8c 5a04 | 0000 428d | 1411 443b | da0f 824d | 0400 0049 
  0x00000298964b2640: 8d7c 0d10 | 488b f041 | 8bd0 8bca | f7c2 f0ff | ffff 0f84 | 8400 0000 | f7c2 00f0 | ffff 0f84 
  0x00000298964b2660: 5400 0000 | 83e1 1f83 | e2e0 741f | 488d 3416 | 488d 3c57 | 48f7 da62 | f27d 4830 | 0416 62f1 
  0x00000298964b2680: ff48 7f04 | 5748 83c2 | 2075 ecf7 | c1ff ffff | ff0f 84b2 | 0000 00ba | ffff ffff | c4e2 71f7 
  0x00000298964b26a0: d2f7 d2c5 | fb92 fa62 | f27d cf30 | 0662 f1ff | 4f7f 07e9 | 9100 0000 | 83e1 0f83 | e2f0 741c 
  0x00000298964b26c0: 488d 3416 | 488d 3c57 | 48f7 dac4 | e27d 3004 | 16c5 fe7f | 0457 4883 | c210 75ef | 8bd1 83e1 
  0x00000298964b26e0: 0783 e2f8 | 7427 c4e2 | 7930 06c5 | fa7f 0748 | 83c6 0848 | 83c7 10e9 | 1100 0000 

  0x00000298964b26fc: ;   {no_reloc}
  0x00000298964b26fc: c4e2 7930 | 0416 c5fa | 7f04 5748 | 83c2 0875 | ef8b d183 | fa04 7c19 | c5f9 6e06 | c4e2 7930 
  0x00000298964b271c: c0c5 f9d6 | 0748 83ea | 0448 83c6 | 0448 83c7 | 0885 d274 | 1848 8d34 | 1648 8d3c | 5748 f7da 
  0x00000298964b273c: 0fb6 0c16 | 6689 0c57 | 48ff c275 | f3e9 defa | ffff 4489 | 4c24 6489 | 7c24 6089 | 4c24 3c48 
  0x00000298964b275c: 8954 2440 | 4489 4424 | 3848 ff74 | 2428 488f | 4424 3048 | ff74 2450 | 488f 4424 

  0x00000298964b2778: ;   {metadata({type array byte})}
  0x00000298964b2778: 2848 ba78 | 0a04 0001 | 0000 0090 

  0x00000298964b2784: ;   {runtime_call _new_array_Java}
  0x00000298964b2784: c5f8 77e8 

  0x00000298964b2788: ; ImmutableOopMap {[40]=Oop [48]=Oop [60]=NarrowOop [64]=Oop [80]=Oop [88]=Oop }
                      ;*invokevirtual allocateUninitializedArray0 {reexecute=0 rethrow=0 return_oop=1}
                      ; - jdk.internal.misc.Unsafe::allocateUninitializedArray@51
                      ; - java.lang.StringConcatHelper::newArray@33
                      ; - java.lang.StringLatin1::replace@49
                      ; - java.lang.String::replace@18
                      ; - java.net.URLClassLoader$1::run@8
                      ; - java.net.URLClassLoader$1::run@1
                      ; - java.security.AccessController::executePrivileged@29
                      ; - java.security.AccessController::doPrivileged@13
                      ; - java.net.URLClassLoader::findClass@13
  0x00000298964b2788: 741d 2aff 

  0x00000298964b278c: ;   {other}
  0x00000298964b278c: 0f1f 8400 | fc0d 000c | 48ff 7424 | 3048 8f44 | 2428 448b | 4424 3848 | 8b54 2440 | 488b d88b 
  0x00000298964b27ac: 4c24 3c8b | 7c24 6044 | 8b4c 2464 | e967 f6ff | ff48 895c | 2430 48ff | 7424 2848 | 8f44 2420 
  0x00000298964b27cc: 48ff 7424 | 5048 8f44 

  0x00000298964b27d4: ;   {metadata('java/lang/String')}
  0x00000298964b27d4: 2428 48ba | a01f 0400 | 0100 0000 

  0x00000298964b27e0: ;   {runtime_call _new_instance_Java}
  0x00000298964b27e0: c5f8 77e8 

  0x00000298964b27e4: ; ImmutableOopMap {[32]=Oop [40]=Oop [48]=Oop [80]=Oop [88]=Oop }
                      ;*new {reexecute=0 rethrow=0 return_oop=1}
                      ; - java.lang.StringLatin1::replace@116
                      ; - java.lang.String::replace@18
                      ; - java.net.URLClassLoader$1::run@8
                      ; - java.net.URLClassLoader$1::run@1
                      ; - java.security.AccessController::executePrivileged@29
                      ; - java.security.AccessController::doPrivileged@13
                      ; - java.net.URLClassLoader::findClass@13
  0x00000298964b27e4: 1820 2aff 

  0x00000298964b27e8: ;   {other}
  0x00000298964b27e8: 0f1f 8400 | 580e 000d | 48ff 7424 | 2048 8f44 | 2428 488b | 5c24 3048 | 8bc8 e948 

  0x00000298964b2804: ;   {metadata('java/lang/ClassNotFoundException')}
  0x00000298964b2804: f8ff ff48 | bad0 5004 | 0001 0000 | 0066 6690 

  0x00000298964b2814: ;   {runtime_call _new_instance_Java}
  0x00000298964b2814: c5f8 77e8 

  0x00000298964b2818: ; ImmutableOopMap {[80]=Oop }
                      ;*new {reexecute=0 rethrow=0 return_oop=1}
                      ; - java.net.URLClassLoader::findClass@36
  0x00000298964b2818: e41f 2aff 

  0x00000298964b281c: ;   {other}
  0x00000298964b281c: 0f1f 8400 | 8c0e 000e | e9ec faff | ff49 ba00 | 0000 0001 | 0000 0049 | 0bda 448b | d3e9 70f8 
  0x00000298964b283c: ffff 8beb | e96b f5ff | ffba f6ff | ffff 48ff | 7424 2848 | 8f44 2420 | 4c89 5c24 | 3866 6690 
  0x00000298964b285c: ;   {runtime_call UncommonTrapBlob}
  0x00000298964b285c: c5f8 77e8 

  0x00000298964b2860: ; ImmutableOopMap {[32]=Oop [56]=Oop [80]=Oop [88]=Oop }
                      ;*invokevirtual getResource {reexecute=0 rethrow=0 return_oop=0}
                      ; - java.net.URLClassLoader$1::run@26
                      ; - java.net.URLClassLoader$1::run@1
                      ; - java.security.AccessController::executePrivileged@29
                      ; - java.security.AccessController::doPrivileged@13
                      ; - java.net.URLClassLoader::findClass@13
  0x00000298964b2860: 9c54 1dff 

  0x00000298964b2864: ;   {other}
  0x00000298964b2864: 0f1f 8400 | d40e 000f | 4d63 c3e9 | 7ef8 ffff | ba76 ffff | ff48 ff74 | 2428 488f | 4424 204c 
  0x00000298964b2884: 8954 2428 | 894c 2430 | 4489 4424 | 384c 8954 | 2440 6690 

  0x00000298964b2898: ;   {runtime_call UncommonTrapBlob}
  0x00000298964b2898: c5f8 77e8 

  0x00000298964b289c: ; ImmutableOopMap {[32]=Oop [40]=Oop [48]=NarrowOop [64]=Oop [88]=Oop }
                      ;*if_icmpge {reexecute=1 rethrow=0 return_oop=0}
                      ; - (reexecute) java.lang.StringLatin1::replace@19
                      ; - java.lang.String::replace@18
                      ; - java.net.URLClassLoader$1::run@8
                      ; - java.net.URLClassLoader$1::run@1
                      ; - java.security.AccessController::executePrivileged@29
                      ; - java.security.AccessController::doPrivileged@13
                      ; - java.net.URLClassLoader::findClass@13
  0x00000298964b289c: 6054 1dff 

  0x00000298964b28a0: ;   {other}
  0x00000298964b28a0: 0f1f 8400 | 100f 0010 | bacc ffff | ff48 ff74 | 2428 488f | 4424 2048 | ff74 2450 | 488f 4424 
  0x00000298964b28c0: 2848 ff74 | 2458 488f | 4424 3048 | 894c 2438 | 4889 5c24 | 484c 896c | 2450 4489 | 5424 5890 
  0x00000298964b28e0: ;   {runtime_call UncommonTrapBlob}
  0x00000298964b28e0: c5f8 77e8 

  0x00000298964b28e4: ; ImmutableOopMap {[32]=Oop [40]=Oop [48]=Oop [56]=Oop [80]=Oop }
                      ;*invokestatic arraycopy {reexecute=0 rethrow=0 return_oop=0}
                      ; - java.lang.String::getBytes@22
                      ; - java.lang.StringConcatHelper::prepend@21
                      ; - java.lang.StringConcatHelper::simpleConcat@71
                      ; - java.lang.String::concat@11
                      ; - java.net.URLClassLoader$1::run@13
                      ; - java.net.URLClassLoader$1::run@1
                      ; - java.security.AccessController::executePrivileged@29
                      ; - java.security.AccessController::doPrivileged@13
                      ; - java.net.URLClassLoader::findClass@13
  0x00000298964b28e4: 1854 1dff 

  0x00000298964b28e8: ;   {other}
  0x00000298964b28e8: 0f1f 8400 | 580f 0011 | bacc ffff | ff48 ff74 | 2428 488f | 4424 2048 | ff74 2450 | 488f 4424 
  0x00000298964b2908: 2848 ff74 | 2458 488f | 4424 3048 | 895c 2440 | 4489 4c24 | 484c 896c | 2450 8974 | 244c 4489 
  0x00000298964b2928: 4424 5890 

  0x00000298964b292c: ;   {runtime_call UncommonTrapBlob}
  0x00000298964b292c: c5f8 77e8 

  0x00000298964b2930: ; ImmutableOopMap {[32]=Oop [40]=Oop [48]=Oop [72]=NarrowOop [80]=Oop }
                      ;*invokestatic arraycopy {reexecute=0 rethrow=0 return_oop=0}
                      ; - java.lang.String::getBytes@22
                      ; - java.lang.StringConcatHelper::prepend@21
                      ; - java.lang.StringConcatHelper::simpleConcat@81
                      ; - java.lang.String::concat@11
                      ; - java.net.URLClassLoader$1::run@13
                      ; - java.net.URLClassLoader$1::run@1
                      ; - java.security.AccessController::executePrivileged@29
                      ; - java.security.AccessController::doPrivileged@13
                      ; - java.net.URLClassLoader::findClass@13
  0x00000298964b2930: cc53 1dff 

  0x00000298964b2934: ;   {other}
  0x00000298964b2934: 0f1f 8400 | a40f 0012 | ba76 ffff | ff89 4c24 | 3848 895c | 2440 4489 | 4424 4c90 

  0x00000298964b2950: ;   {runtime_call UncommonTrapBlob}
  0x00000298964b2950: c5f8 77e8 

  0x00000298964b2954: ; ImmutableOopMap {[40]=Oop [56]=NarrowOop [64]=Oop [80]=Oop [88]=Oop }
                      ;*if_icmpge {reexecute=1 rethrow=0 return_oop=0}
                      ; - (reexecute) java.lang.StringLatin1::replace@82
                      ; - java.lang.String::replace@18
                      ; - java.net.URLClassLoader$1::run@8
                      ; - java.net.URLClassLoader$1::run@1
                      ; - java.security.AccessController::executePrivileged@29
                      ; - java.security.AccessController::doPrivileged@13
                      ; - java.net.URLClassLoader::findClass@13
  0x00000298964b2954: a853 1dff 

  0x00000298964b2958: ;   {other}
  0x00000298964b2958: 0f1f 8400 | c80f 0013 | ba45 ffff | ff48 ff74 | 2428 488f | 4424 2048 | 894c 2438 | 4489 5424 
  0x00000298964b2978: 4066 6690 

  0x00000298964b297c: ;   {runtime_call UncommonTrapBlob}
  0x00000298964b297c: c5f8 77e8 

  0x00000298964b2980: ; ImmutableOopMap {[32]=Oop [56]=Oop [80]=Oop [88]=Oop }
                      ;*iflt {reexecute=1 rethrow=0 return_oop=0}
                      ; - (reexecute) java.lang.StringConcatHelper::checkOverflow@2
                      ; - java.lang.StringConcatHelper::mix@23
                      ; - java.lang.StringConcatHelper::simpleConcat@46
                      ; - java.lang.String::concat@11
                      ; - java.net.URLClassLoader$1::run@13
                      ; - java.net.URLClassLoader$1::run@1
                      ; - java.security.AccessController::executePrivileged@29
                      ; - java.security.AccessController::doPrivileged@13
                      ; - java.net.URLClassLoader::findClass@13
  0x00000298964b2980: 7c53 1dff 

  0x00000298964b2984: ;   {other}
  0x00000298964b2984: 0f1f 8400 | f40f 0014 | ba45 ffff | ff48 894c | 2440 6690 

  0x00000298964b2998: ;   {runtime_call UncommonTrapBlob}
  0x00000298964b2998: c5f8 77e8 

  0x00000298964b299c: ; ImmutableOopMap {[40]=Oop [64]=Oop [80]=Oop [88]=Oop }
                      ;*iflt {reexecute=1 rethrow=0 return_oop=0}
                      ; - (reexecute) java.lang.StringConcatHelper::checkOverflow@2
                      ; - java.lang.StringConcatHelper::mix@23
                      ; - java.lang.StringConcatHelper::simpleConcat@54
                      ; - java.lang.String::concat@11
                      ; - java.net.URLClassLoader$1::run@13
                      ; - java.net.URLClassLoader$1::run@1
                      ; - java.security.AccessController::executePrivileged@29
                      ; - java.security.AccessController::doPrivileged@13
                      ; - java.net.URLClassLoader::findClass@13
  0x00000298964b299c: 6053 1dff 

  0x00000298964b29a0: ;   {other}
  0x00000298964b29a0: 0f1f 8400 | 1010 0015 | ba76 ffff | ff89 4c24 | 3844 8944 | 243c 4889 | 5c24 4090 

  0x00000298964b29bc: ;   {runtime_call UncommonTrapBlob}
  0x00000298964b29bc: c5f8 77e8 

  0x00000298964b29c0: ; ImmutableOopMap {[40]=Oop [56]=NarrowOop [64]=Oop [80]=Oop [88]=Oop }
                      ;*if_icmpge {reexecute=1 rethrow=0 return_oop=0}
                      ; - (reexecute) java.lang.StringLatin1::replace@61
                      ; - java.lang.String::replace@18
                      ; - java.net.URLClassLoader$1::run@8
                      ; - java.net.URLClassLoader$1::run@1
                      ; - java.security.AccessController::executePrivileged@29
                      ; - java.security.AccessController::doPrivileged@13
                      ; - java.net.URLClassLoader::findClass@13
  0x00000298964b29c0: 3c53 1dff 

  0x00000298964b29c4: ;   {other}
  0x00000298964b29c4: 0f1f 8400 | 3410 0016 | ba45 ffff | ff48 ff74 | 2428 488f | 4424 2048 | 894c 2438 | 4c89 4c24 
  0x00000298964b29e4: 4044 895c | 2448 6690 

  0x00000298964b29ec: ;   {runtime_call UncommonTrapBlob}
  0x00000298964b29ec: c5f8 77e8 

  0x00000298964b29f0: ; ImmutableOopMap {[32]=Oop [56]=Oop [80]=Oop [88]=Oop }
                      ;*ifge {reexecute=1 rethrow=0 return_oop=0}
                      ; - (reexecute) java.lang.StringConcatHelper::newArray@13
                      ; - java.lang.StringConcatHelper::simpleConcat@61
                      ; - java.lang.String::concat@11
                      ; - java.net.URLClassLoader$1::run@13
                      ; - java.net.URLClassLoader$1::run@1
                      ; - java.security.AccessController::executePrivileged@29
                      ; - java.security.AccessController::doPrivileged@13
                      ; - java.net.URLClassLoader::findClass@13
  0x00000298964b29f0: 0c53 1dff 

  0x00000298964b29f4: ;   {other}
  0x00000298964b29f4: 0f1f 8400 | 6410 0017 | 48ff 7424 | 5048 8f44 

  0x00000298964b2a04: ;   {metadata('java/lang/String')}
  0x00000298964b2a04: 2420 48ba | a01f 0400 | 0100 0000 

  0x00000298964b2a10: ;   {runtime_call _new_instance_Java}
  0x00000298964b2a10: c5f8 77e8 

  0x00000298964b2a14: ; ImmutableOopMap {[32]=Oop [40]=Oop [80]=Oop [88]=Oop }
                      ;*new {reexecute=0 rethrow=0 return_oop=1}
                      ; - java.lang.StringConcatHelper::simpleConcat@17
                      ; - java.lang.String::concat@11
                      ; - java.net.URLClassLoader$1::run@13
                      ; - java.net.URLClassLoader$1::run@1
                      ; - java.security.AccessController::executePrivileged@29
                      ; - java.security.AccessController::doPrivileged@13
                      ; - java.net.URLClassLoader::findClass@13
  0x00000298964b2a14: e81d 2aff 

  0x00000298964b2a18: ;   {other}
  0x00000298964b2a18: 0f1f 8400 | 8810 0018 | e9dc f9ff | ff48 ff74 | 2428 488f | 4424 3048 | ff74 2450 | 488f 4424 
  0x00000298964b2a38: ;   {metadata('java/lang/String')}
  0x00000298964b2a38: 2048 baa0 | 1f04 0001 | 0000 004c | 896c 2438 

  0x00000298964b2a48: ;   {runtime_call _new_instance_Java}
  0x00000298964b2a48: c5f8 77e8 

  0x00000298964b2a4c: ; ImmutableOopMap {rbp=NarrowOop [32]=Oop [48]=Oop [56]=Oop [80]=Oop [88]=Oop }
                      ;*new {reexecute=0 rethrow=0 return_oop=1}
                      ; - java.lang.StringConcatHelper::newString@24
                      ; - java.lang.StringConcatHelper::simpleConcat@90
                      ; - java.lang.String::concat@11
                      ; - java.net.URLClassLoader$1::run@13
                      ; - java.net.URLClassLoader$1::run@1
                      ; - java.security.AccessController::executePrivileged@29
                      ; - java.security.AccessController::doPrivileged@13
                      ; - java.net.URLClassLoader::findClass@13
  0x00000298964b2a4c: b01d 2aff 

  0x00000298964b2a50: ;   {other}
  0x00000298964b2a50: 0f1f 8400 | c010 0019 | 48ff 7424 | 3048 8f44 | 2428 e9fa | faff ffba | 7000 0000 | 48ff 7424 
  0x00000298964b2a70: 2848 8f44 | 2420 4889 | 5c24 3890 

  0x00000298964b2a7c: ;   {runtime_call UncommonTrapBlob}
  0x00000298964b2a7c: c5f8 77e8 

  0x00000298964b2a80: ; ImmutableOopMap {[32]=Oop [80]=Oop [88]=Oop }
                      ;*new {reexecute=0 rethrow=0 return_oop=0}
                      ; - java.lang.StringConcatHelper::newString@34
                      ; - java.lang.StringConcatHelper::simpleConcat@90
                      ; - java.lang.String::concat@11
                      ; - java.net.URLClassLoader$1::run@13
                      ; - java.net.URLClassLoader$1::run@1
                      ; - java.security.AccessController::executePrivileged@29
                      ; - java.security.AccessController::doPrivileged@13
                      ; - java.net.URLClassLoader::findClass@13
  0x00000298964b2a80: 7c52 1dff 

  0x00000298964b2a84: ;   {other}
  0x00000298964b2a84: 0f1f 8400 | f410 001a | bace ffff | ff48 ff74 | 2428 488f | 4424 2048 | ff74 2450 | 488f 4424 
  0x00000298964b2aa4: 2848 ff74 | 2458 488f | 4424 3048 | 895c 2440 | 4489 4c24 | 484c 896c | 2450 8974 | 244c 4489 
  0x00000298964b2ac4: 4424 5890 

  0x00000298964b2ac8: ;   {runtime_call UncommonTrapBlob}
  0x00000298964b2ac8: c5f8 77e8 

  0x00000298964b2acc: ; ImmutableOopMap {[32]=Oop [40]=Oop [48]=Oop [72]=NarrowOop [80]=Oop }
                      ;*invokestatic inflate {reexecute=0 rethrow=0 return_oop=0}
                      ; - java.lang.String::getBytes@40
                      ; - java.lang.StringConcatHelper::prepend@21
                      ; - java.lang.StringConcatHelper::simpleConcat@81
                      ; - java.lang.String::concat@11
                      ; - java.net.URLClassLoader$1::run@13
                      ; - java.net.URLClassLoader$1::run@1
                      ; - java.security.AccessController::executePrivileged@29
                      ; - java.security.AccessController::doPrivileged@13
                      ; - java.net.URLClassLoader::findClass@13
  0x00000298964b2acc: 3052 1dff 

  0x00000298964b2ad0: ;   {other}
  0x00000298964b2ad0: 0f1f 8400 | 4011 001b | baf6 ffff | ff48 ff74 | 2428 488f | 4424 204c | 8954 2428 

  0x00000298964b2aec: ;   {runtime_call UncommonTrapBlob}
  0x00000298964b2aec: c5f8 77e8 

  0x00000298964b2af0: ; ImmutableOopMap {[32]=Oop [40]=Oop [80]=Oop [88]=Oop }
                      ;*invokevirtual replace {reexecute=0 rethrow=0 return_oop=0}
                      ; - java.net.URLClassLoader$1::run@8
                      ; - java.net.URLClassLoader$1::run@1
                      ; - java.security.AccessController::executePrivileged@29
                      ; - java.security.AccessController::doPrivileged@13
                      ; - java.net.URLClassLoader::findClass@13
  0x00000298964b2af0: 0c52 1dff 

  0x00000298964b2af4: ;   {other}
  0x00000298964b2af4: 0f1f 8400 | 6411 001c | baf6 ffff | ff48 ff74 | 2428 488f | 4424 2090 

  0x00000298964b2b0c: ;   {runtime_call UncommonTrapBlob}
  0x00000298964b2b0c: c5f8 77e8 

  0x00000298964b2b10: ; ImmutableOopMap {[32]=Oop [80]=Oop [88]=Oop }
                      ;*arraylength {reexecute=0 rethrow=0 return_oop=0}
                      ; - java.lang.String::isEmpty@4
                      ; - java.lang.StringConcatHelper::simpleConcat@11
                      ; - java.lang.String::concat@11
                      ; - java.net.URLClassLoader$1::run@13
                      ; - java.net.URLClassLoader$1::run@1
                      ; - java.security.AccessController::executePrivileged@29
                      ; - java.security.AccessController::doPrivileged@13
                      ; - java.net.URLClassLoader::findClass@13
  0x00000298964b2b10: ec51 1dff 

  0x00000298964b2b14: ;   {other}
  0x00000298964b2b14: 0f1f 8400 | 8411 001d | baf6 ffff | ff48 ff74 | 2428 488f | 4424 204c | 8954 2428 

  0x00000298964b2b30: ;   {runtime_call UncommonTrapBlob}
  0x00000298964b2b30: c5f8 77e8 

  0x00000298964b2b34: ; ImmutableOopMap {[32]=Oop [40]=Oop [80]=Oop [88]=Oop }
                      ;*arraylength {reexecute=0 rethrow=0 return_oop=0}
                      ; - java.lang.StringLatin1::replace@8
                      ; - java.lang.String::replace@18
                      ; - java.net.URLClassLoader$1::run@8
                      ; - java.net.URLClassLoader$1::run@1
                      ; - java.security.AccessController::executePrivileged@29
                      ; - java.security.AccessController::doPrivileged@13
                      ; - java.net.URLClassLoader::findClass@13
  0x00000298964b2b34: c851 1dff 

  0x00000298964b2b38: ;   {other}
  0x00000298964b2b38: 0f1f 8400 | a811 001e | baf6 ffff | ff48 ff74 | 2428 488f | 4424 2090 

  0x00000298964b2b50: ;   {runtime_call UncommonTrapBlob}
  0x00000298964b2b50: c5f8 77e8 

  0x00000298964b2b54: ; ImmutableOopMap {[32]=Oop [80]=Oop [88]=Oop }
                      ;*arraylength {reexecute=0 rethrow=0 return_oop=0}
                      ; - java.lang.String::length@4
                      ; - java.lang.StringConcatHelper::prepend@2
                      ; - java.lang.StringConcatHelper::simpleConcat@81
                      ; - java.lang.String::concat@11
                      ; - java.net.URLClassLoader$1::run@13
                      ; - java.net.URLClassLoader$1::run@1
                      ; - java.security.AccessController::executePrivileged@29
                      ; - java.security.AccessController::doPrivileged@13
                      ; - java.net.URLClassLoader::findClass@13
  0x00000298964b2b54: a851 1dff 

  0x00000298964b2b58: ;   {other}
  0x00000298964b2b58: 0f1f 8400 | c811 001f | baf4 ffff | ff66 6690 

  0x00000298964b2b68: ;   {runtime_call UncommonTrapBlob}
  0x00000298964b2b68: c5f8 77e8 

  0x00000298964b2b6c: ; ImmutableOopMap {}
                      ;*checkcast {reexecute=0 rethrow=0 return_oop=0}
                      ; - java.net.URLClassLoader::findClass@28
  0x00000298964b2b6c: 9051 1dff 

  0x00000298964b2b70: ;   {other}
  0x00000298964b2b70: 0f1f 8400 | e011 0020 | eb04 eb44 | eb42 448b | 5008 4d33 | db4f 8d1c | d3e9 e201 | 0000 e9f5 
  0x00000298964b2b90: 0100 00e9 | dc00 0000 | e9d7 0000 | 00e9 d200 | 0000 e9e1 | 0100 00eb | 06eb 04eb | 13eb 1148 
  0x00000298964b2bb0: ff74 2428 | 488f 4424 | 50e9 b600 | 0000 eb00 | 48ff 7424 | 2048 8f44 | 2450 e9a5 | 0000 0044 
  0x00000298964b2bd0: ;   {metadata('java/io/IOException')}
  0x00000298964b2bd0: 8b58 0849 | ba68 8509 | 0001 0000 | 004d 33c0 | 4f8d 04d8 | 4d8b 5848 | 4d3b da0f | 84c0 0100 
  0x00000298964b2bf0: 004d 8b50 

  0x00000298964b2bf4: ;   {metadata('java/lang/ClassFormatError')}
  0x00000298964b2bf4: 5049 bb88 | 6b26 0001 | 0000 004d | 3bd3 7570 | 488b e848 | 8b54 2420 | 6690 c5f8 | 7748 b8ff 
  0x00000298964b2c14: ffff ffff 

  0x00000298964b2c18: ;   {virtual_call}
  0x00000298964b2c18: ffff ffe8 

  0x00000298964b2c1c: ; ImmutableOopMap {rbp=Oop [32]=Oop [40]=Oop [80]=Oop }
                      ;*invokevirtual getDataError {reexecute=0 rethrow=0 return_oop=1}
                      ; - java.net.URLClassLoader$1::run@63
                      ; - java.net.URLClassLoader$1::run@1
                      ; - java.security.AccessController::executePrivileged@29
                      ; - java.security.AccessController::doPrivileged@13
                      ; - java.net.URLClassLoader::findClass@13
  0x00000298964b2c1c: 60c7 1cff 

  0x00000298964b2c20: ;   {other}
  0x00000298964b2c20: 0f1f 8400 | 9012 0021 | 4885 c074 | 3f48 8b54 | 2420 c5f8 | 7748 b8ff | ffff ffff 

  0x00000298964b2c3c: ;   {virtual_call}
  0x00000298964b2c3c: ffff ffe8 

  0x00000298964b2c40: ; ImmutableOopMap {rbp=Oop [40]=Oop [80]=Oop }
                      ;*invokevirtual getDataError {reexecute=0 rethrow=0 return_oop=1}
                      ; - java.net.URLClassLoader$1::run@71
                      ; - java.net.URLClassLoader$1::run@1
                      ; - java.security.AccessController::executePrivileged@29
                      ; - java.security.AccessController::doPrivileged@13
                      ; - java.net.URLClassLoader::findClass@13
  0x00000298964b2c40: 3cc7 1cff 

  0x00000298964b2c44: ;   {other}
  0x00000298964b2c44: 0f1f 8400 | b412 0022 | 4c8b 5c24 | 284c 895c | 2420 488b | d54c 8bc0 

  0x00000298964b2c5c: ;   {optimized virtual_call}
  0x00000298964b2c5c: c5f8 77e8 

  0x00000298964b2c60: ; ImmutableOopMap {rbp=Oop [32]=Oop [80]=Oop }
                      ;*invokevirtual addSuppressed {reexecute=0 rethrow=0 return_oop=0}
                      ; - java.net.URLClassLoader$1::run@74
                      ; - java.net.URLClassLoader$1::run@1
                      ; - java.security.AccessController::executePrivileged@29
                      ; - java.security.AccessController::doPrivileged@13
                      ; - java.net.URLClassLoader::findClass@13
  0x00000298964b2c60: 1cc2 1cff 

  0x00000298964b2c64: ;   {other}
  0x00000298964b2c64: 0f1f 8400 | d412 0023 | 488b d5e9 | c3f6 ffff | 448b 4008 | 4d33 db4f | 8d1c c3eb | 0b44 8b50 
  0x00000298964b2c84: 084d 33db | 4f8d 1cd3 | 4d8b 5348 

  0x00000298964b2c90: ;   {metadata('java/lang/RuntimeException')}
  0x00000298964b2c90: 49b8 003f | 0400 0100 | 0000 4d3b | d075 0848 | 8bd0 e990 | f6ff ff4d 

  0x00000298964b2ca8: ;   {metadata('java/lang/Exception')}
  0x00000298964b2ca8: 8b53 4049 | bb80 3c04 | 0001 0000 | 004d 3bd3 | 0f85 a700 | 0000 4c8b | d04c 8954 | 2428 498b 
  0x00000298964b2cc8: 87b8 0100 | 004c 8bd0 | 4983 c228 | 4d3b 97c8 | 0100 000f | 83af 0000 | 004d 8997 | b801 0000 
  0x00000298964b2ce8: 410f 0d8a | c000 0000 | 48c7 0001 | 0000 004c | 8bd0 4983 

  0x00000298964b2cfc: ;   {metadata('java/security/PrivilegedActionException')}
  0x00000298964b2cfc: c210 c740 | 08a2 8a04 | 2044 8960 | 0cc5 fdef | c041 bb07 | 0000 00c4 | c178 92fb | 62d1 fe2f 
  0x00000298964b2d1c: 7f02 488b | e848 8bd5 | 4c8b 4424 | 2866 6690 

  0x00000298964b2d2c: ;   {optimized virtual_call}
  0x00000298964b2d2c: c5f8 77e8 

  0x00000298964b2d30: ; ImmutableOopMap {rbp=Oop [80]=Oop }
                      ;*invokespecial <init> {reexecute=0 rethrow=0 return_oop=0}
                      ; - java.security.AccessController::wrapException@5
                      ; - java.security.AccessController::doPrivileged@22
                      ; - java.net.URLClassLoader::findClass@13
  0x00000298964b2d30: 4cc1 1cff 

  0x00000298964b2d34: ;   {other}
  0x00000298964b2d34: 0f1f 8400 | a413 0024 | 488b d590 

  0x00000298964b2d40: ;   {optimized virtual_call}
  0x00000298964b2d40: c5f8 77e8 

  0x00000298964b2d44: ; ImmutableOopMap {}
                      ;*invokevirtual getException {reexecute=0 rethrow=0 return_oop=1}
                      ; - java.net.URLClassLoader::findClass@25
  0x00000298964b2d44: 38c1 1cff 

  0x00000298964b2d48: ;   {other}
  0x00000298964b2d48: 0f1f 8400 | b813 0025 

  0x00000298964b2d50: ; implicit exception: dispatches to 0x00000298964b2b60
  0x00000298964b2d50: 448b 5808 

  0x00000298964b2d54: ;   {metadata('java/lang/ClassNotFoundException')}
  0x00000298964b2d54: 4181 fb1a | 8a00 2075 | 6f48 8bd0 | e9d2 f5ff | ff44 8b50 | 084d 33db | 4f8d 1cd3 | 4d8b 5348 
  0x00000298964b2d74: ;   {metadata('java/security/PrivilegedActionException')}
  0x00000298964b2d74: 49bb 1055 | 2400 0100 | 0000 4d3b | d375 0548 | 8bd0 ebb7 | 488b d0e9 | a7f5 ffff 

  0x00000298964b2d90: ;   {metadata('java/security/PrivilegedActionException')}
  0x00000298964b2d90: 48ba 1055 | 2400 0100 | 0000 6690 

  0x00000298964b2d9c: ;   {runtime_call _new_instance_Java}
  0x00000298964b2d9c: c5f8 77e8 

  0x00000298964b2da0: ; ImmutableOopMap {[40]=Oop [80]=Oop }
                      ;*new {reexecute=0 rethrow=0 return_oop=1}
                      ; - java.security.AccessController::wrapException@0
                      ; - java.security.AccessController::doPrivileged@22
                      ; - java.net.URLClassLoader::findClass@13
  0x00000298964b2da0: 5c1a 2aff 

  0x00000298964b2da4: ;   {other}
  0x00000298964b2da4: 0f1f 8400 | 1414 0026 | e96d ffff | ff48 8be8 | ba2f 0000 | 0066 6690 

  0x00000298964b2dbc: ;   {runtime_call UncommonTrapBlob}
  0x00000298964b2dbc: c5f8 77e8 

  0x00000298964b2dc0: ; ImmutableOopMap {rbp=Oop [40]=Oop [80]=Oop [88]=Oop }
                      ;*new {reexecute=0 rethrow=0 return_oop=0}
                      ; - java.net.URLClassLoader$1::run@48
                      ; - java.net.URLClassLoader$1::run@1
                      ; - java.security.AccessController::executePrivileged@29
                      ; - java.security.AccessController::doPrivileged@13
                      ; - java.net.URLClassLoader::findClass@13
  0x00000298964b2dc0: 3c4f 1dff 

  0x00000298964b2dc4: ;   {other}
  0x00000298964b2dc4: 0f1f 8400 | 3414 0027 | bade ffff | ff48 8be8 

  0x00000298964b2dd4: ;   {runtime_call UncommonTrapBlob}
  0x00000298964b2dd4: c5f8 77e8 

  0x00000298964b2dd8: ; ImmutableOopMap {rbp=Oop }
                      ;*checkcast {reexecute=0 rethrow=0 return_oop=0}
                      ; - java.net.URLClassLoader::findClass@28
  0x00000298964b2dd8: 244f 1dff 

  0x00000298964b2ddc: ;   {other}
  0x00000298964b2ddc: 0f1f 8400 | 4c14 0028 

  0x00000298964b2de4: ;   {internal_word}
  0x00000298964b2de4: 49ba 8023 | 4b96 9802 | 0000 4d89 | 9760 0400 

  0x00000298964b2df4: ;   {runtime_call SafepointBlob}
  0x00000298964b2df4: 00e9 863d 

  0x00000298964b2df8: ;   {runtime_call StubRoutines (final stubs)}
  0x00000298964b2df8: 1dff e801 | 821b ffe9 | 9aee ffff | f4f4 f4f4 
[Stub Code]
  0x00000298964b2e08: ;   {no_reloc}
  0x00000298964b2e08: 48bb 0000 | 0000 0000 

  0x00000298964b2e10: ;   {runtime_call nmethod}
  0x00000298964b2e10: 0000 e9fb 

  0x00000298964b2e14: ;   {static_stub}
  0x00000298964b2e14: ffff ff48 | bb00 0000 | 0000 0000 

  0x00000298964b2e20: ;   {runtime_call nmethod}
  0x00000298964b2e20: 00e9 fbff 

  0x00000298964b2e24: ;   {static_stub}
  0x00000298964b2e24: ffff 48bb | 0000 0000 | 0000 0000 

  0x00000298964b2e30: ;   {runtime_call nmethod}
  0x00000298964b2e30: e9fb ffff 

  0x00000298964b2e34: ;   {static_stub}
  0x00000298964b2e34: ff48 bb00 | 0000 0000 

  0x00000298964b2e3c: ;   {runtime_call nmethod}
  0x00000298964b2e3c: 0000 00e9 | fbff ffff 

  0x00000298964b2e44: ;   {static_stub}
  0x00000298964b2e44: 48bb 0000 | 0000 0000 

  0x00000298964b2e4c: ;   {runtime_call nmethod}
  0x00000298964b2e4c: 0000 e9fb 

  0x00000298964b2e50: ;   {static_stub}
  0x00000298964b2e50: ffff ff48 | bb00 0000 | 0000 0000 

  0x00000298964b2e5c: ;   {runtime_call nmethod}
  0x00000298964b2e5c: 00e9 fbff 

  0x00000298964b2e60: ;   {static_stub}
  0x00000298964b2e60: ffff 48bb | 0000 0000 | 0000 0000 

  0x00000298964b2e6c: ;   {runtime_call nmethod}
  0x00000298964b2e6c: e9fb ffff 

  0x00000298964b2e70: ;   {static_stub}
  0x00000298964b2e70: ff48 bb00 | 0000 0000 

  0x00000298964b2e78: ;   {runtime_call nmethod}
  0x00000298964b2e78: 0000 00e9 | fbff ffff 

  0x00000298964b2e80: ;   {static_stub}
  0x00000298964b2e80: 48bb 0000 | 0000 0000 

  0x00000298964b2e88: ;   {runtime_call nmethod}
  0x00000298964b2e88: 0000 e9fb 

  0x00000298964b2e8c: ;   {runtime_call ExceptionBlob}
  0x00000298964b2e8c: ffff ffe9 | 6c1c 2aff 
[Deopt Handler Code]
  0x00000298964b2e94: e800 0000 | 0048 832c 

  0x00000298964b2e9c: ;   {runtime_call DeoptimizationBlob}
  0x00000298964b2e9c: 2405 e97d | 511d fff4 | f4f4 f4f4 
[/MachCode]


---------------  P R O C E S S  ---------------

Threads class SMR info:
_java_thread_list=0x00000298b15e5190, length=89, elements={
0x000002988afadd40, 0x00000298a6043190, 0x00000298a601d690, 0x00000298a605a950,
0x00000298a606e4b0, 0x00000298a606ef10, 0x00000298a6070110, 0x00000298a605e050,
0x00000298a60606c0, 0x00000298a607fa60, 0x00000298a63741b0, 0x00000298a6fb5970,
0x00000298a7b5f070, 0x00000298a6bebee0, 0x00000298a7d834b0, 0x00000298a7c77280,
0x00000298a7cdc460, 0x00000298a7cdb0b0, 0x00000298a7cdbdd0, 0x00000298a7cdb740,
0x00000298a7e104f0, 0x00000298a7e14000, 0x00000298a7e13970, 0x00000298a7e10b80,
0x00000298a7e11f30, 0x00000298a7e125c0, 0x00000298a7e132e0, 0x00000298a7e153b0,
0x00000298a7e14690, 0x00000298a7e14d20, 0x00000298a7e0f7d0, 0x00000298a9df32e0,
0x00000298a9df4d20, 0x00000298a9df0b80, 0x00000298a9df1210, 0x00000298a9df53b0,
0x00000298a9df18a0, 0x00000298a9def7d0, 0x00000298a9df1f30, 0x00000298a9df3970,
0x00000298a9df60d0, 0x00000298abfbe8a0, 0x00000298abfbef30, 0x00000298abfbdb80,
0x00000298abfbbab0, 0x00000298abfbc140, 0x00000298abfbd4f0, 0x00000298abfbc7d0,
0x00000298abfbce60, 0x00000298a665d260, 0x00000298a665f330, 0x00000298a6661400,
0x00000298a6661a90, 0x00000298a66627b0, 0x00000298a6662e40, 0x00000298a665eca0,
0x00000298a6660050, 0x00000298a665cbd0, 0x00000298a66606e0, 0x00000298a66634d0,
0x00000298b17ce060, 0x00000298bbe18330, 0x00000298bbe189c0, 0x00000298bc035d10,
0x00000298bc034ff0, 0x00000298bc0335b0, 0x00000298bb299a10, 0x00000298bc0363a0,
0x00000298bc0342d0, 0x00000298bc034960, 0x00000298b155f380, 0x00000298b155da00,
0x00000298b155d370, 0x00000298b155cce0, 0x00000298bb917140, 0x00000298bb9184f0,
0x00000298bb780e10, 0x00000298ac68bf50, 0x00000298ac687720, 0x00000298b1387db0,
0x00000298b1386a00, 0x00000298b1388440, 0x00000298b3456af0, 0x00000298ac68a510,
0x00000298bd441f20, 0x00000298b2767f90, 0x00000298bd4432d0, 0x00000298bb2112a0,
0x00000298b2ce5e60
}

Java Threads: ( => current thread )
  0x000002988afadd40 JavaThread "main"                              [_thread_blocked, id=7504, stack(0x000000b17e300000,0x000000b17e400000) (1024K)]
  0x00000298a6043190 JavaThread "Common-Cleaner"             daemon [_thread_blocked, id=316, stack(0x000000b17eb00000,0x000000b17ec00000) (1024K)]
  0x00000298a601d690 JavaThread "Reference Handler"          daemon [_thread_blocked, id=13612, stack(0x000000b17ec00000,0x000000b17ed00000) (1024K)]
  0x00000298a605a950 JavaThread "Finalizer"                  daemon [_thread_blocked, id=5448, stack(0x000000b17ed00000,0x000000b17ee00000) (1024K)]
  0x00000298a606e4b0 JavaThread "Signal Dispatcher"          daemon [_thread_blocked, id=11900, stack(0x000000b17ee00000,0x000000b17ef00000) (1024K)]
  0x00000298a606ef10 JavaThread "Attach Listener"            daemon [_thread_blocked, id=15076, stack(0x000000b17ef00000,0x000000b17f000000) (1024K)]
  0x00000298a6070110 JavaThread "Service Thread"             daemon [_thread_blocked, id=6628, stack(0x000000b17f000000,0x000000b17f100000) (1024K)]
  0x00000298a605e050 JavaThread "Monitor Deflation Thread"   daemon [_thread_blocked, id=1884, stack(0x000000b17f100000,0x000000b17f200000) (1024K)]
  0x00000298a60606c0 JavaThread "C2 CompilerThread0"         daemon [_thread_in_native, id=8872, stack(0x000000b17f200000,0x000000b17f300000) (1024K)]
  0x00000298a607fa60 JavaThread "C1 CompilerThread0"         daemon [_thread_blocked, id=7880, stack(0x000000b17f300000,0x000000b17f400000) (1024K)]
  0x00000298a63741b0 JavaThread "Notification Thread"        daemon [_thread_blocked, id=7432, stack(0x000000b17f400000,0x000000b17f500000) (1024K)]
  0x00000298a6fb5970 JavaThread "Daemon health stats"               [_thread_blocked, id=6752, stack(0x000000b17f500000,0x000000b17f600000) (1024K)]
  0x00000298a7b5f070 JavaThread "Incoming local TCP Connector on port 54757"        [_thread_in_native, id=6392, stack(0x000000b17f900000,0x000000b17fa00000) (1024K)]
  0x00000298a6bebee0 JavaThread "Daemon periodic checks"            [_thread_blocked, id=4988, stack(0x000000b17fa00000,0x000000b17fb00000) (1024K)]
  0x00000298a7d834b0 JavaThread "Daemon"                            [_thread_blocked, id=1640, stack(0x000000b17fb00000,0x000000b17fc00000) (1024K)]
  0x00000298a7c77280 JavaThread "Handler for socket connection from /127.0.0.1:54757 to /127.0.0.1:54758"        [_thread_in_native, id=8600, stack(0x000000b17fc00000,0x000000b17fd00000) (1024K)]
  0x00000298a7cdc460 JavaThread "Cancel handler"                    [_thread_blocked, id=14932, stack(0x000000b17fd00000,0x000000b17fe00000) (1024K)]
  0x00000298a7cdb0b0 JavaThread "Daemon worker"                     [_thread_in_vm, id=14892, stack(0x000000b17fe00000,0x000000b17ff00000) (1024K)]
  0x00000298a7cdbdd0 JavaThread "Asynchronous log dispatcher for DefaultDaemonConnection: socket connection from /127.0.0.1:54757 to /127.0.0.1:54758"        [_thread_blocked, id=8272, stack(0x000000b17ff00000,0x000000b180000000) (1024K)]
  0x00000298a7cdb740 JavaThread "Stdin handler"                     [_thread_blocked, id=11584, stack(0x000000b100000000,0x000000b100100000) (1024K)]
  0x00000298a7e104f0 JavaThread "Daemon client event forwarder"        [_thread_blocked, id=5368, stack(0x000000b100100000,0x000000b100200000) (1024K)]
  0x00000298a7e14000 JavaThread "Cache worker for journal cache (C:\Users\USER\.gradle\caches\journal-1)"        [_thread_blocked, id=8900, stack(0x000000b100200000,0x000000b100300000) (1024K)]
  0x00000298a7e13970 JavaThread "File lock request listener"        [_thread_in_native, id=8596, stack(0x000000b100300000,0x000000b100400000) (1024K)]
  0x00000298a7e10b80 JavaThread "Cache worker for file hash cache (C:\Users\USER\.gradle\caches\8.12\fileHashes)"        [_thread_blocked, id=13792, stack(0x000000b100400000,0x000000b100500000) (1024K)]
  0x00000298a7e11f30 JavaThread "File watcher server"        daemon [_thread_in_native, id=8576, stack(0x000000b100800000,0x000000b100900000) (1024K)]
  0x00000298a7e125c0 JavaThread "File watcher consumer"      daemon [_thread_blocked, id=14772, stack(0x000000b100900000,0x000000b100a00000) (1024K)]
  0x00000298a7e132e0 JavaThread "jar transforms"                    [_thread_blocked, id=4700, stack(0x000000b100a00000,0x000000b100b00000) (1024K)]
  0x00000298a7e153b0 JavaThread "jar transforms Thread 2"           [_thread_blocked, id=7180, stack(0x000000b100b00000,0x000000b100c00000) (1024K)]
  0x00000298a7e14690 JavaThread "Cache worker for file content cache (C:\Users\USER\.gradle\caches\8.12\fileContent)"        [_thread_blocked, id=8848, stack(0x000000b100d00000,0x000000b100e00000) (1024K)]
  0x00000298a7e14d20 JavaThread "jar transforms Thread 3"           [_thread_blocked, id=14640, stack(0x000000b100e00000,0x000000b100f00000) (1024K)]
  0x00000298a7e0f7d0 JavaThread "Unconstrained build operations"        [_thread_blocked, id=9228, stack(0x000000b101100000,0x000000b101200000) (1024K)]
  0x00000298a9df32e0 JavaThread "Unconstrained build operations Thread 2"        [_thread_blocked, id=7264, stack(0x000000b101200000,0x000000b101300000) (1024K)]
  0x00000298a9df4d20 JavaThread "Unconstrained build operations Thread 3"        [_thread_blocked, id=4832, stack(0x000000b101300000,0x000000b101400000) (1024K)]
  0x00000298a9df0b80 JavaThread "Unconstrained build operations Thread 4"        [_thread_blocked, id=9564, stack(0x000000b101400000,0x000000b101500000) (1024K)]
  0x00000298a9df1210 JavaThread "Unconstrained build operations Thread 5"        [_thread_blocked, id=11908, stack(0x000000b101500000,0x000000b101600000) (1024K)]
  0x00000298a9df53b0 JavaThread "Unconstrained build operations Thread 6"        [_thread_blocked, id=7124, stack(0x000000b101600000,0x000000b101700000) (1024K)]
  0x00000298a9df18a0 JavaThread "jar transforms Thread 4"           [_thread_blocked, id=14532, stack(0x000000b101700000,0x000000b101800000) (1024K)]
  0x00000298a9def7d0 JavaThread "Unconstrained build operations Thread 7"        [_thread_blocked, id=1580, stack(0x000000b101800000,0x000000b101900000) (1024K)]
  0x00000298a9df1f30 JavaThread "Unconstrained build operations Thread 8"        [_thread_blocked, id=6732, stack(0x000000b101900000,0x000000b101a00000) (1024K)]
  0x00000298a9df3970 JavaThread "Unconstrained build operations Thread 9"        [_thread_blocked, id=14308, stack(0x000000b101a00000,0x000000b101b00000) (1024K)]
  0x00000298a9df60d0 JavaThread "Unconstrained build operations Thread 10"        [_thread_blocked, id=1384, stack(0x000000b100500000,0x000000b100600000) (1024K)]
  0x00000298abfbe8a0 JavaThread "Unconstrained build operations Thread 11"        [_thread_blocked, id=10444, stack(0x000000b101b00000,0x000000b101c00000) (1024K)]
  0x00000298abfbef30 JavaThread "Unconstrained build operations Thread 12"        [_thread_blocked, id=9972, stack(0x000000b101c00000,0x000000b101d00000) (1024K)]
  0x00000298abfbdb80 JavaThread "Unconstrained build operations Thread 13"        [_thread_blocked, id=8864, stack(0x000000b101e00000,0x000000b101f00000) (1024K)]
  0x00000298abfbbab0 JavaThread "Unconstrained build operations Thread 14"        [_thread_blocked, id=3016, stack(0x000000b101f00000,0x000000b102000000) (1024K)]
  0x00000298abfbc140 JavaThread "Unconstrained build operations Thread 15"        [_thread_blocked, id=5420, stack(0x000000b102000000,0x000000b102100000) (1024K)]
  0x00000298abfbd4f0 JavaThread "Unconstrained build operations Thread 16"        [_thread_blocked, id=8020, stack(0x000000b102100000,0x000000b102200000) (1024K)]
  0x00000298abfbc7d0 JavaThread "Unconstrained build operations Thread 17"        [_thread_blocked, id=5036, stack(0x000000b102200000,0x000000b102300000) (1024K)]
  0x00000298abfbce60 JavaThread "Unconstrained build operations Thread 18"        [_thread_blocked, id=7332, stack(0x000000b102300000,0x000000b102400000) (1024K)]
  0x00000298a665d260 JavaThread "Unconstrained build operations Thread 19"        [_thread_blocked, id=4816, stack(0x000000b102400000,0x000000b102500000) (1024K)]
  0x00000298a665f330 JavaThread "Unconstrained build operations Thread 20"        [_thread_blocked, id=3296, stack(0x000000b102500000,0x000000b102600000) (1024K)]
  0x00000298a6661400 JavaThread "Unconstrained build operations Thread 21"        [_thread_blocked, id=2276, stack(0x000000b102600000,0x000000b102700000) (1024K)]
  0x00000298a6661a90 JavaThread "Unconstrained build operations Thread 22"        [_thread_blocked, id=2256, stack(0x000000b102700000,0x000000b102800000) (1024K)]
  0x00000298a66627b0 JavaThread "Unconstrained build operations Thread 23"        [_thread_blocked, id=4808, stack(0x000000b102800000,0x000000b102900000) (1024K)]
  0x00000298a6662e40 JavaThread "Unconstrained build operations Thread 24"        [_thread_blocked, id=10424, stack(0x000000b102900000,0x000000b102a00000) (1024K)]
  0x00000298a665eca0 JavaThread "Unconstrained build operations Thread 25"        [_thread_blocked, id=14420, stack(0x000000b102a00000,0x000000b102b00000) (1024K)]
  0x00000298a6660050 JavaThread "Unconstrained build operations Thread 26"        [_thread_blocked, id=5544, stack(0x000000b102b00000,0x000000b102c00000) (1024K)]
  0x00000298a665cbd0 JavaThread "Unconstrained build operations Thread 27"        [_thread_blocked, id=9324, stack(0x000000b102d00000,0x000000b102e00000) (1024K)]
  0x00000298a66606e0 JavaThread "Unconstrained build operations Thread 28"        [_thread_blocked, id=2180, stack(0x000000b102e00000,0x000000b102f00000) (1024K)]
  0x00000298a66634d0 JavaThread "Unconstrained build operations Thread 29"        [_thread_blocked, id=11968, stack(0x000000b102f00000,0x000000b103000000) (1024K)]
  0x00000298b17ce060 JavaThread "Memory manager"                    [_thread_blocked, id=708, stack(0x000000b103100000,0x000000b103200000) (1024K)]
  0x00000298bbe18330 JavaThread "pool-3-thread-1"                   [_thread_blocked, id=9064, stack(0x000000b103500000,0x000000b103600000) (1024K)]
  0x00000298bbe189c0 JavaThread "included builds"                   [_thread_blocked, id=8140, stack(0x000000b103700000,0x000000b103800000) (1024K)]
  0x00000298bc035d10 JavaThread "Unconstrained build operations Thread 30"        [_thread_blocked, id=9380, stack(0x000000b103c00000,0x000000b103d00000) (1024K)]
  0x00000298bc034ff0 JavaThread "Unconstrained build operations Thread 31"        [_thread_blocked, id=1572, stack(0x000000b103d00000,0x000000b103e00000) (1024K)]
  0x00000298bc0335b0 JavaThread "Unconstrained build operations Thread 32"        [_thread_blocked, id=11492, stack(0x000000b103e00000,0x000000b103f00000) (1024K)]
  0x00000298bb299a10 JavaThread "WorkerExecutor Queue"              [_thread_blocked, id=3068, stack(0x000000b103f00000,0x000000b104000000) (1024K)]
  0x00000298bc0363a0 JavaThread "Unconstrained build operations Thread 33"        [_thread_blocked, id=3796, stack(0x000000b104000000,0x000000b104100000) (1024K)]
  0x00000298bc0342d0 JavaThread "Unconstrained build operations Thread 34"        [_thread_blocked, id=9672, stack(0x000000b104100000,0x000000b104200000) (1024K)]
  0x00000298bc034960 JavaThread "Unconstrained build operations Thread 35"        [_thread_blocked, id=10188, stack(0x000000b104200000,0x000000b104300000) (1024K)]
  0x00000298b155f380 JavaThread "WorkerExecutor Queue Thread 3"        [_thread_blocked, id=11628, stack(0x000000b104400000,0x000000b104500000) (1024K)]
  0x00000298b155da00 JavaThread "Unconstrained build operations Thread 36"        [_thread_blocked, id=11368, stack(0x000000b104600000,0x000000b104700000) (1024K)]
  0x00000298b155d370 JavaThread "Unconstrained build operations Thread 37"        [_thread_blocked, id=11204, stack(0x000000b104700000,0x000000b104800000) (1024K)]
  0x00000298b155cce0 JavaThread "Unconstrained build operations Thread 38"        [_thread_blocked, id=8176, stack(0x000000b104800000,0x000000b104900000) (1024K)]
  0x00000298bb917140 JavaThread "Unconstrained build operations Thread 39"        [_thread_blocked, id=15332, stack(0x000000b104900000,0x000000b104a00000) (1024K)]
  0x00000298bb9184f0 JavaThread "Unconstrained build operations Thread 40"        [_thread_blocked, id=2736, stack(0x000000b104a00000,0x000000b104b00000) (1024K)]
  0x00000298bb780e10 JavaThread "WorkerExecutor Queue Thread 5"        [_thread_blocked, id=10032, stack(0x000000b103400000,0x000000b103500000) (1024K)]
  0x00000298ac68bf50 JavaThread "RMI Scheduler(0)"           daemon [_thread_blocked, id=10684, stack(0x000000b104f00000,0x000000b105000000) (1024K)]
  0x00000298ac687720 JavaThread "RMI GC Daemon"              daemon [_thread_blocked, id=5196, stack(0x000000b105200000,0x000000b105300000) (1024K)]
  0x00000298b1387db0 JavaThread "RMI TCP Accept-0"           daemon [_thread_in_native, id=5176, stack(0x000000b105300000,0x000000b105400000) (1024K)]
  0x00000298b1386a00 JavaThread "RMI Reaper"                        [_thread_blocked, id=10760, stack(0x000000b105400000,0x000000b105500000) (1024K)]
  0x00000298b1388440 JavaThread "RMI TCP Connection(3)-127.0.0.1" daemon [_thread_in_native, id=8152, stack(0x000000b105500000,0x000000b105600000) (1024K)]
  0x00000298b3456af0 JavaThread "RMI TCP Connection(2)-127.0.0.1" daemon [_thread_in_native, id=6240, stack(0x000000b105000000,0x000000b105100000) (1024K)]
  0x00000298ac68a510 JavaThread "WorkerExecutor Queue Thread 9"        [_thread_blocked, id=10972, stack(0x000000b105600000,0x000000b105700000) (1024K)]
  0x00000298bd441f20 JavaThread "ForkJoinPool.commonPool-worker-1" daemon [_thread_blocked, id=3900, stack(0x000000b104500000,0x000000b104600000) (1024K)]
  0x00000298b2767f90 JavaThread "ForkJoinPool.commonPool-worker-2" daemon [_thread_blocked, id=5668, stack(0x000000b104b00000,0x000000b104c00000) (1024K)]
  0x00000298bd4432d0 JavaThread "ForkJoinPool.commonPool-worker-3" daemon [_thread_blocked, id=14376, stack(0x000000b105100000,0x000000b105200000) (1024K)]
  0x00000298bb2112a0 JavaThread "C2 CompilerThread1"         daemon [_thread_blocked, id=10720, stack(0x000000b102c00000,0x000000b102d00000) (1024K)]
=>0x00000298b2ce5e60 JavaThread "pool-2-thread-1"                   [_thread_in_vm, id=9832, stack(0x000000b103200000,0x000000b103300000) (1024K)]
Total: 89

Other Threads:
  0x00000298a1dee3d0 VMThread "VM Thread"                           [id=4624, stack(0x000000b17ea00000,0x000000b17eb00000) (1024K)]
  0x00000298a1d8e7f0 WatcherThread "VM Periodic Task Thread"        [id=13508, stack(0x000000b17e900000,0x000000b17ea00000) (1024K)]
  0x000002988b0022a0 WorkerThread "GC Thread#0"                     [id=14940, stack(0x000000b17e400000,0x000000b17e500000) (1024K)]
  0x00000298a64b4f10 WorkerThread "GC Thread#1"                     [id=1092, stack(0x000000b17f600000,0x000000b17f700000) (1024K)]
  0x00000298a64e3d10 WorkerThread "GC Thread#2"                     [id=3460, stack(0x000000b17f700000,0x000000b17f800000) (1024K)]
  0x00000298a68ea170 WorkerThread "GC Thread#3"                     [id=7948, stack(0x000000b17f800000,0x000000b17f900000) (1024K)]
  0x000002988b013c80 ConcurrentGCThread "G1 Main Marker"            [id=10164, stack(0x000000b17e500000,0x000000b17e600000) (1024K)]
  0x000002988b014f20 WorkerThread "G1 Conc#0"                       [id=15004, stack(0x000000b17e600000,0x000000b17e700000) (1024K)]
  0x00000298a1c634e0 ConcurrentGCThread "G1 Refine#0"               [id=9208, stack(0x000000b17e700000,0x000000b17e800000) (1024K)]
  0x000002988b06d1e0 ConcurrentGCThread "G1 Service"                [id=6596, stack(0x000000b17e800000,0x000000b17e900000) (1024K)]
Total: 10

Threads with active compile tasks:
C2 CompilerThread0  443912 43843   !   4       java.io.ObjectOutputStream::writeObject0 (620 bytes)
Total: 1

VM state: not at safepoint (normal execution)

VM Mutex/Monitor currently owned by a thread:  ([mutex/lock_event])
[0x00007ffd05e4f2e8] Metaspace_lock - owner thread: 0x00000298b2ce5e60

Heap address: 0x0000000080000000, size: 2048 MB, Compressed Oops mode: 32-bit

CDS archive(s) not mapped
Compressed class space mapped at: 0x0000000100000000-0x0000000140000000, reserved size: 1073741824
Narrow klass base: 0x0000000000000000, Narrow klass shift: 3, Narrow klass range: 0x140000000

GC Precious Log:
 CardTable entry size: 512
 Card Set container configuration: InlinePtr #cards 5 size 8 Array Of Cards #cards 12 size 40 Howl #buckets 4 coarsen threshold 1843 Howl Bitmap #cards 512 size 80 coarsen threshold 460 Card regions per heap region 1 cards per card region 2048
 CPUs: 4 total, 4 available
 Memory: 7894M
 Large Page Support: Disabled
 NUMA Support: Disabled
 Compressed Oops: Enabled (32-bit)
 Heap Region Size: 1M
 Heap Min Capacity: 8M
 Heap Initial Capacity: 124M
 Heap Max Capacity: 2G
 Pre-touch: Disabled
 Parallel Workers: 4
 Concurrent Workers: 1
 Concurrent Refinement Workers: 4
 Periodic GC: Disabled

Heap:
 garbage-first heap   total 797696K, used 427008K [0x0000000080000000, 0x0000000100000000)
  region size 1024K, 65 young (66560K), 23 survivors (23552K)
 Metaspace       used 242004K, committed 244928K, reserved 1310720K
  class space    used 30827K, committed 32320K, reserved 1048576K

Heap Regions: E=young(eden), S=young(survivor), O=old, HS=humongous(starts), HC=humongous(continues), CS=collection set, F=free, TAMS=top-at-mark-start, PB=parsable bottom
|   0|0x0000000080000000, 0x0000000080100000, 0x0000000080100000|100%|HS|  |TAMS 0x0000000080000000| PB 0x0000000080000000| Complete 
|   1|0x0000000080100000, 0x0000000080200000, 0x0000000080200000|100%|HC|  |TAMS 0x0000000080100000| PB 0x0000000080100000| Complete 
|   2|0x0000000080200000, 0x0000000080300000, 0x0000000080300000|100%|HC|  |TAMS 0x0000000080200000| PB 0x0000000080200000| Complete 
|   3|0x0000000080300000, 0x0000000080400000, 0x0000000080400000|100%| O|  |TAMS 0x0000000080300000| PB 0x0000000080300000| Untracked 
|   4|0x0000000080400000, 0x0000000080500000, 0x0000000080500000|100%| O|  |TAMS 0x0000000080400000| PB 0x0000000080400000| Untracked 
|   5|0x0000000080500000, 0x0000000080600000, 0x0000000080600000|100%| O|  |TAMS 0x0000000080500000| PB 0x0000000080500000| Untracked 
|   6|0x0000000080600000, 0x0000000080700000, 0x0000000080700000|100%|HS|  |TAMS 0x0000000080600000| PB 0x0000000080600000| Complete 
|   7|0x0000000080700000, 0x0000000080800000, 0x0000000080800000|100%| O|  |TAMS 0x0000000080700000| PB 0x0000000080700000| Untracked 
|   8|0x0000000080800000, 0x0000000080900000, 0x0000000080900000|100%| O|  |TAMS 0x0000000080800000| PB 0x0000000080800000| Untracked 
|   9|0x0000000080900000, 0x0000000080a00000, 0x0000000080a00000|100%| O|  |TAMS 0x0000000080900000| PB 0x0000000080900000| Untracked 
|  10|0x0000000080a00000, 0x0000000080b00000, 0x0000000080b00000|100%| O|  |TAMS 0x0000000080a00000| PB 0x0000000080a00000| Untracked 
|  11|0x0000000080b00000, 0x0000000080c00000, 0x0000000080c00000|100%| O|  |TAMS 0x0000000080b00000| PB 0x0000000080b00000| Untracked 
|  12|0x0000000080c00000, 0x0000000080d00000, 0x0000000080d00000|100%| O|  |TAMS 0x0000000080c00000| PB 0x0000000080c00000| Untracked 
|  13|0x0000000080d00000, 0x0000000080e00000, 0x0000000080e00000|100%| O|  |TAMS 0x0000000080d00000| PB 0x0000000080d00000| Untracked 
|  14|0x0000000080e00000, 0x0000000080f00000, 0x0000000080f00000|100%| O|  |TAMS 0x0000000080e00000| PB 0x0000000080e00000| Untracked 
|  15|0x0000000080f00000, 0x0000000081000000, 0x0000000081000000|100%| O|  |TAMS 0x0000000080f00000| PB 0x0000000080f00000| Untracked 
|  16|0x0000000081000000, 0x0000000081100000, 0x0000000081100000|100%| O|  |TAMS 0x0000000081000000| PB 0x0000000081000000| Untracked 
|  17|0x0000000081100000, 0x0000000081200000, 0x0000000081200000|100%| O|  |TAMS 0x0000000081100000| PB 0x0000000081100000| Untracked 
|  18|0x0000000081200000, 0x0000000081300000, 0x0000000081300000|100%| O|  |TAMS 0x0000000081200000| PB 0x0000000081200000| Untracked 
|  19|0x0000000081300000, 0x0000000081400000, 0x0000000081400000|100%| O|  |TAMS 0x0000000081300000| PB 0x0000000081300000| Untracked 
|  20|0x0000000081400000, 0x0000000081500000, 0x0000000081500000|100%| O|  |TAMS 0x0000000081400000| PB 0x0000000081400000| Untracked 
|  21|0x0000000081500000, 0x0000000081600000, 0x0000000081600000|100%| O|  |TAMS 0x0000000081500000| PB 0x0000000081500000| Untracked 
|  22|0x0000000081600000, 0x0000000081700000, 0x0000000081700000|100%| O|  |TAMS 0x0000000081600000| PB 0x0000000081600000| Untracked 
|  23|0x0000000081700000, 0x0000000081800000, 0x0000000081800000|100%| O|  |TAMS 0x0000000081700000| PB 0x0000000081700000| Untracked 
|  24|0x0000000081800000, 0x0000000081900000, 0x0000000081900000|100%| O|  |TAMS 0x0000000081800000| PB 0x0000000081800000| Untracked 
|  25|0x0000000081900000, 0x0000000081a00000, 0x0000000081a00000|100%| O|  |TAMS 0x0000000081900000| PB 0x0000000081900000| Untracked 
|  26|0x0000000081a00000, 0x0000000081b00000, 0x0000000081b00000|100%| O|  |TAMS 0x0000000081a00000| PB 0x0000000081a00000| Untracked 
|  27|0x0000000081b00000, 0x0000000081c00000, 0x0000000081c00000|100%| O|  |TAMS 0x0000000081b00000| PB 0x0000000081b00000| Untracked 
|  28|0x0000000081c00000, 0x0000000081d00000, 0x0000000081d00000|100%| O|  |TAMS 0x0000000081c00000| PB 0x0000000081c00000| Untracked 
|  29|0x0000000081d00000, 0x0000000081e00000, 0x0000000081e00000|100%| O|  |TAMS 0x0000000081d00000| PB 0x0000000081d00000| Untracked 
|  30|0x0000000081e00000, 0x0000000081f00000, 0x0000000081f00000|100%| O|  |TAMS 0x0000000081e00000| PB 0x0000000081e00000| Untracked 
|  31|0x0000000081f00000, 0x0000000082000000, 0x0000000082000000|100%| O|  |TAMS 0x0000000081f00000| PB 0x0000000081f00000| Untracked 
|  32|0x0000000082000000, 0x0000000082100000, 0x0000000082100000|100%| O|  |TAMS 0x0000000082000000| PB 0x0000000082000000| Untracked 
|  33|0x0000000082100000, 0x0000000082200000, 0x0000000082200000|100%| O|  |TAMS 0x0000000082100000| PB 0x0000000082100000| Untracked 
|  34|0x0000000082200000, 0x0000000082300000, 0x0000000082300000|100%| O|  |TAMS 0x0000000082200000| PB 0x0000000082200000| Untracked 
|  35|0x0000000082300000, 0x0000000082400000, 0x0000000082400000|100%| O|  |TAMS 0x0000000082300000| PB 0x0000000082300000| Untracked 
|  36|0x0000000082400000, 0x0000000082500000, 0x0000000082500000|100%| O|  |TAMS 0x0000000082400000| PB 0x0000000082400000| Untracked 
|  37|0x0000000082500000, 0x0000000082600000, 0x0000000082600000|100%| O|  |TAMS 0x0000000082500000| PB 0x0000000082500000| Untracked 
|  38|0x0000000082600000, 0x0000000082700000, 0x0000000082700000|100%| O|  |TAMS 0x0000000082600000| PB 0x0000000082600000| Untracked 
|  39|0x0000000082700000, 0x0000000082800000, 0x0000000082800000|100%| O|  |TAMS 0x0000000082700000| PB 0x0000000082700000| Untracked 
|  40|0x0000000082800000, 0x0000000082900000, 0x0000000082900000|100%| O|  |TAMS 0x0000000082800000| PB 0x0000000082800000| Untracked 
|  41|0x0000000082900000, 0x0000000082a00000, 0x0000000082a00000|100%| O|  |TAMS 0x0000000082900000| PB 0x0000000082900000| Untracked 
|  42|0x0000000082a00000, 0x0000000082b00000, 0x0000000082b00000|100%| O|  |TAMS 0x0000000082a00000| PB 0x0000000082a00000| Untracked 
|  43|0x0000000082b00000, 0x0000000082c00000, 0x0000000082c00000|100%| O|  |TAMS 0x0000000082b00000| PB 0x0000000082b00000| Untracked 
|  44|0x0000000082c00000, 0x0000000082d00000, 0x0000000082d00000|100%| O|  |TAMS 0x0000000082c00000| PB 0x0000000082c00000| Untracked 
|  45|0x0000000082d00000, 0x0000000082e00000, 0x0000000082e00000|100%| O|  |TAMS 0x0000000082d00000| PB 0x0000000082d00000| Untracked 
|  46|0x0000000082e00000, 0x0000000082f00000, 0x0000000082f00000|100%| O|  |TAMS 0x0000000082e00000| PB 0x0000000082e00000| Untracked 
|  47|0x0000000082f00000, 0x0000000083000000, 0x0000000083000000|100%| O|  |TAMS 0x0000000082f00000| PB 0x0000000082f00000| Untracked 
|  48|0x0000000083000000, 0x0000000083100000, 0x0000000083100000|100%| O|  |TAMS 0x0000000083000000| PB 0x0000000083000000| Untracked 
|  49|0x0000000083100000, 0x0000000083200000, 0x0000000083200000|100%| O|  |TAMS 0x0000000083100000| PB 0x0000000083100000| Untracked 
|  50|0x0000000083200000, 0x0000000083300000, 0x0000000083300000|100%| O|  |TAMS 0x0000000083200000| PB 0x0000000083200000| Untracked 
|  51|0x0000000083300000, 0x0000000083400000, 0x0000000083400000|100%| O|  |TAMS 0x0000000083300000| PB 0x0000000083300000| Untracked 
|  52|0x0000000083400000, 0x0000000083500000, 0x0000000083500000|100%|HS|  |TAMS 0x0000000083400000| PB 0x0000000083400000| Complete 
|  53|0x0000000083500000, 0x0000000083600000, 0x0000000083600000|100%|HS|  |TAMS 0x0000000083500000| PB 0x0000000083500000| Complete 
|  54|0x0000000083600000, 0x0000000083700000, 0x0000000083700000|100%|HS|  |TAMS 0x0000000083600000| PB 0x0000000083600000| Complete 
|  55|0x0000000083700000, 0x0000000083800000, 0x0000000083800000|100%|HC|  |TAMS 0x0000000083700000| PB 0x0000000083700000| Complete 
|  56|0x0000000083800000, 0x0000000083900000, 0x0000000083900000|100%| O|  |TAMS 0x0000000083800000| PB 0x0000000083800000| Untracked 
|  57|0x0000000083900000, 0x0000000083a00000, 0x0000000083a00000|100%|HS|  |TAMS 0x0000000083900000| PB 0x0000000083900000| Complete 
|  58|0x0000000083a00000, 0x0000000083b00000, 0x0000000083b00000|100%|HC|  |TAMS 0x0000000083a00000| PB 0x0000000083a00000| Complete 
|  59|0x0000000083b00000, 0x0000000083c00000, 0x0000000083c00000|100%|HS|  |TAMS 0x0000000083b00000| PB 0x0000000083b00000| Complete 
|  60|0x0000000083c00000, 0x0000000083d00000, 0x0000000083d00000|100%|HS|  |TAMS 0x0000000083c00000| PB 0x0000000083c00000| Complete 
|  61|0x0000000083d00000, 0x0000000083e00000, 0x0000000083e00000|100%| O|  |TAMS 0x0000000083d00000| PB 0x0000000083d00000| Untracked 
|  62|0x0000000083e00000, 0x0000000083f00000, 0x0000000083f00000|100%| O|  |TAMS 0x0000000083e00000| PB 0x0000000083e00000| Untracked 
|  63|0x0000000083f00000, 0x0000000084000000, 0x0000000084000000|100%| O|  |TAMS 0x0000000083f00000| PB 0x0000000083f00000| Untracked 
|  64|0x0000000084000000, 0x0000000084100000, 0x0000000084100000|100%| O|  |TAMS 0x0000000084000000| PB 0x0000000084000000| Untracked 
|  65|0x0000000084100000, 0x0000000084200000, 0x0000000084200000|100%| O|  |TAMS 0x0000000084100000| PB 0x0000000084100000| Untracked 
|  66|0x0000000084200000, 0x0000000084300000, 0x0000000084300000|100%| O|  |TAMS 0x0000000084200000| PB 0x0000000084200000| Untracked 
|  67|0x0000000084300000, 0x0000000084400000, 0x0000000084400000|100%|HS|  |TAMS 0x0000000084300000| PB 0x0000000084300000| Complete 
|  68|0x0000000084400000, 0x0000000084500000, 0x0000000084500000|100%|HS|  |TAMS 0x0000000084400000| PB 0x0000000084400000| Complete 
|  69|0x0000000084500000, 0x0000000084600000, 0x0000000084600000|100%| O|  |TAMS 0x0000000084500000| PB 0x0000000084500000| Untracked 
|  70|0x0000000084600000, 0x0000000084700000, 0x0000000084700000|100%| O|  |TAMS 0x0000000084600000| PB 0x0000000084600000| Untracked 
|  71|0x0000000084700000, 0x0000000084800000, 0x0000000084800000|100%| O|  |TAMS 0x0000000084700000| PB 0x0000000084700000| Untracked 
|  72|0x0000000084800000, 0x0000000084900000, 0x0000000084900000|100%| O|  |TAMS 0x0000000084800000| PB 0x0000000084800000| Untracked 
|  73|0x0000000084900000, 0x0000000084a00000, 0x0000000084a00000|100%| O|  |TAMS 0x0000000084900000| PB 0x0000000084900000| Untracked 
|  74|0x0000000084a00000, 0x0000000084b00000, 0x0000000084b00000|100%| O|  |TAMS 0x0000000084a00000| PB 0x0000000084a00000| Untracked 
|  75|0x0000000084b00000, 0x0000000084c00000, 0x0000000084c00000|100%|HS|  |TAMS 0x0000000084b00000| PB 0x0000000084b00000| Complete 
|  76|0x0000000084c00000, 0x0000000084d00000, 0x0000000084d00000|100%| O|  |TAMS 0x0000000084c00000| PB 0x0000000084c00000| Untracked 
|  77|0x0000000084d00000, 0x0000000084e00000, 0x0000000084e00000|100%| O|  |TAMS 0x0000000084d00000| PB 0x0000000084d00000| Untracked 
|  78|0x0000000084e00000, 0x0000000084f00000, 0x0000000084f00000|100%| O|  |TAMS 0x0000000084e00000| PB 0x0000000084e00000| Untracked 
|  79|0x0000000084f00000, 0x0000000085000000, 0x0000000085000000|100%| O|  |TAMS 0x0000000084f00000| PB 0x0000000084f00000| Untracked 
|  80|0x0000000085000000, 0x0000000085100000, 0x0000000085100000|100%| O|  |TAMS 0x0000000085000000| PB 0x0000000085000000| Untracked 
|  81|0x0000000085100000, 0x0000000085200000, 0x0000000085200000|100%| O|  |TAMS 0x0000000085100000| PB 0x0000000085100000| Untracked 
|  82|0x0000000085200000, 0x0000000085300000, 0x0000000085300000|100%| O|  |TAMS 0x0000000085200000| PB 0x0000000085200000| Untracked 
|  83|0x0000000085300000, 0x0000000085400000, 0x0000000085400000|100%| O|  |TAMS 0x0000000085300000| PB 0x0000000085300000| Untracked 
|  84|0x0000000085400000, 0x0000000085500000, 0x0000000085500000|100%| O|  |TAMS 0x0000000085400000| PB 0x0000000085400000| Untracked 
|  85|0x0000000085500000, 0x0000000085600000, 0x0000000085600000|100%| O|  |TAMS 0x0000000085500000| PB 0x0000000085500000| Untracked 
|  86|0x0000000085600000, 0x0000000085700000, 0x0000000085700000|100%| O|  |TAMS 0x0000000085600000| PB 0x0000000085600000| Untracked 
|  87|0x0000000085700000, 0x0000000085800000, 0x0000000085800000|100%| O|  |TAMS 0x0000000085700000| PB 0x0000000085700000| Untracked 
|  88|0x0000000085800000, 0x0000000085900000, 0x0000000085900000|100%| O|  |TAMS 0x0000000085800000| PB 0x0000000085800000| Untracked 
|  89|0x0000000085900000, 0x0000000085a00000, 0x0000000085a00000|100%| O|  |TAMS 0x0000000085900000| PB 0x0000000085900000| Untracked 
|  90|0x0000000085a00000, 0x0000000085b00000, 0x0000000085b00000|100%| O|  |TAMS 0x0000000085a00000| PB 0x0000000085a00000| Untracked 
|  91|0x0000000085b00000, 0x0000000085c00000, 0x0000000085c00000|100%| O|  |TAMS 0x0000000085b00000| PB 0x0000000085b00000| Untracked 
|  92|0x0000000085c00000, 0x0000000085d00000, 0x0000000085d00000|100%| O|Cm|TAMS 0x0000000085c00000| PB 0x0000000085c00000| Complete 
|  93|0x0000000085d00000, 0x0000000085e00000, 0x0000000085e00000|100%| O|  |TAMS 0x0000000085d00000| PB 0x0000000085d00000| Untracked 
|  94|0x0000000085e00000, 0x0000000085f00000, 0x0000000085f00000|100%| O|  |TAMS 0x0000000085e00000| PB 0x0000000085e00000| Untracked 
|  95|0x0000000085f00000, 0x0000000086000000, 0x0000000086000000|100%| O|  |TAMS 0x0000000085f00000| PB 0x0000000085f00000| Untracked 
|  96|0x0000000086000000, 0x0000000086100000, 0x0000000086100000|100%| O|  |TAMS 0x0000000086000000| PB 0x0000000086000000| Untracked 
|  97|0x0000000086100000, 0x0000000086200000, 0x0000000086200000|100%| O|  |TAMS 0x0000000086100000| PB 0x0000000086100000| Untracked 
|  98|0x0000000086200000, 0x0000000086300000, 0x0000000086300000|100%| O|  |TAMS 0x0000000086200000| PB 0x0000000086200000| Untracked 
|  99|0x0000000086300000, 0x0000000086400000, 0x0000000086400000|100%| O|  |TAMS 0x0000000086300000| PB 0x0000000086300000| Untracked 
| 100|0x0000000086400000, 0x0000000086500000, 0x0000000086500000|100%| O|  |TAMS 0x0000000086400000| PB 0x0000000086400000| Untracked 
| 101|0x0000000086500000, 0x0000000086600000, 0x0000000086600000|100%| O|  |TAMS 0x0000000086500000| PB 0x0000000086500000| Untracked 
| 102|0x0000000086600000, 0x0000000086700000, 0x0000000086700000|100%| O|  |TAMS 0x0000000086600000| PB 0x0000000086600000| Untracked 
| 103|0x0000000086700000, 0x0000000086800000, 0x0000000086800000|100%| O|  |TAMS 0x0000000086700000| PB 0x0000000086700000| Untracked 
| 104|0x0000000086800000, 0x0000000086900000, 0x0000000086900000|100%| O|  |TAMS 0x0000000086800000| PB 0x0000000086800000| Untracked 
| 105|0x0000000086900000, 0x0000000086a00000, 0x0000000086a00000|100%| O|  |TAMS 0x0000000086900000| PB 0x0000000086900000| Untracked 
| 106|0x0000000086a00000, 0x0000000086b00000, 0x0000000086b00000|100%| O|  |TAMS 0x0000000086a00000| PB 0x0000000086a00000| Untracked 
| 107|0x0000000086b00000, 0x0000000086c00000, 0x0000000086c00000|100%| O|  |TAMS 0x0000000086b00000| PB 0x0000000086b00000| Untracked 
| 108|0x0000000086c00000, 0x0000000086d00000, 0x0000000086d00000|100%| O|  |TAMS 0x0000000086c00000| PB 0x0000000086c00000| Untracked 
| 109|0x0000000086d00000, 0x0000000086e00000, 0x0000000086e00000|100%| O|  |TAMS 0x0000000086d00000| PB 0x0000000086d00000| Untracked 
| 110|0x0000000086e00000, 0x0000000086f00000, 0x0000000086f00000|100%| O|  |TAMS 0x0000000086e00000| PB 0x0000000086e00000| Untracked 
| 111|0x0000000086f00000, 0x0000000087000000, 0x0000000087000000|100%| O|  |TAMS 0x0000000086f00000| PB 0x0000000086f00000| Untracked 
| 112|0x0000000087000000, 0x0000000087100000, 0x0000000087100000|100%| O|  |TAMS 0x0000000087000000| PB 0x0000000087000000| Untracked 
| 113|0x0000000087100000, 0x0000000087200000, 0x0000000087200000|100%| O|  |TAMS 0x0000000087100000| PB 0x0000000087100000| Untracked 
| 114|0x0000000087200000, 0x0000000087300000, 0x0000000087300000|100%| O|  |TAMS 0x0000000087200000| PB 0x0000000087200000| Untracked 
| 115|0x0000000087300000, 0x0000000087400000, 0x0000000087400000|100%| O|  |TAMS 0x0000000087300000| PB 0x0000000087300000| Untracked 
| 116|0x0000000087400000, 0x0000000087500000, 0x0000000087500000|100%| O|  |TAMS 0x0000000087400000| PB 0x0000000087400000| Untracked 
| 117|0x0000000087500000, 0x0000000087600000, 0x0000000087600000|100%| O|  |TAMS 0x0000000087500000| PB 0x0000000087500000| Untracked 
| 118|0x0000000087600000, 0x0000000087700000, 0x0000000087700000|100%| O|  |TAMS 0x0000000087600000| PB 0x0000000087600000| Untracked 
| 119|0x0000000087700000, 0x0000000087800000, 0x0000000087800000|100%| O|  |TAMS 0x0000000087700000| PB 0x0000000087700000| Untracked 
| 120|0x0000000087800000, 0x0000000087900000, 0x0000000087900000|100%| O|  |TAMS 0x0000000087800000| PB 0x0000000087800000| Untracked 
| 121|0x0000000087900000, 0x0000000087a00000, 0x0000000087a00000|100%|HS|  |TAMS 0x0000000087900000| PB 0x0000000087900000| Complete 
| 122|0x0000000087a00000, 0x0000000087b00000, 0x0000000087b00000|100%| O|  |TAMS 0x0000000087a00000| PB 0x0000000087a00000| Untracked 
| 123|0x0000000087b00000, 0x0000000087c00000, 0x0000000087c00000|100%| O|  |TAMS 0x0000000087b00000| PB 0x0000000087b00000| Untracked 
| 124|0x0000000087c00000, 0x0000000087d00000, 0x0000000087d00000|100%| O|  |TAMS 0x0000000087c00000| PB 0x0000000087c00000| Untracked 
| 125|0x0000000087d00000, 0x0000000087e00000, 0x0000000087e00000|100%|HS|  |TAMS 0x0000000087d00000| PB 0x0000000087d00000| Complete 
| 126|0x0000000087e00000, 0x0000000087f00000, 0x0000000087f00000|100%|HC|  |TAMS 0x0000000087e00000| PB 0x0000000087e00000| Complete 
| 127|0x0000000087f00000, 0x0000000088000000, 0x0000000088000000|100%| O|  |TAMS 0x0000000087f00000| PB 0x0000000087f00000| Untracked 
| 128|0x0000000088000000, 0x0000000088100000, 0x0000000088100000|100%| O|  |TAMS 0x0000000088000000| PB 0x0000000088000000| Untracked 
| 129|0x0000000088100000, 0x0000000088200000, 0x0000000088200000|100%| O|  |TAMS 0x0000000088100000| PB 0x0000000088100000| Untracked 
| 130|0x0000000088200000, 0x0000000088300000, 0x0000000088300000|100%| O|  |TAMS 0x0000000088200000| PB 0x0000000088200000| Untracked 
| 131|0x0000000088300000, 0x0000000088400000, 0x0000000088400000|100%| O|  |TAMS 0x0000000088300000| PB 0x0000000088300000| Untracked 
| 132|0x0000000088400000, 0x0000000088400000, 0x0000000088500000|  0%| F|  |TAMS 0x0000000088400000| PB 0x0000000088400000| Untracked 
| 133|0x0000000088500000, 0x0000000088600000, 0x0000000088600000|100%| O|  |TAMS 0x0000000088500000| PB 0x0000000088500000| Untracked 
| 134|0x0000000088600000, 0x0000000088700000, 0x0000000088700000|100%| O|  |TAMS 0x0000000088600000| PB 0x0000000088600000| Untracked 
| 135|0x0000000088700000, 0x0000000088800000, 0x0000000088800000|100%| O|  |TAMS 0x0000000088700000| PB 0x0000000088700000| Untracked 
| 136|0x0000000088800000, 0x0000000088800000, 0x0000000088900000|  0%| F|  |TAMS 0x0000000088800000| PB 0x0000000088800000| Untracked 
| 137|0x0000000088900000, 0x0000000088a00000, 0x0000000088a00000|100%| O|  |TAMS 0x0000000088900000| PB 0x0000000088900000| Untracked 
| 138|0x0000000088a00000, 0x0000000088b00000, 0x0000000088b00000|100%| O|  |TAMS 0x0000000088a00000| PB 0x0000000088a00000| Untracked 
| 139|0x0000000088b00000, 0x0000000088c00000, 0x0000000088c00000|100%| O|  |TAMS 0x0000000088b00000| PB 0x0000000088b00000| Untracked 
| 140|0x0000000088c00000, 0x0000000088d00000, 0x0000000088d00000|100%| O|  |TAMS 0x0000000088c00000| PB 0x0000000088c00000| Untracked 
| 141|0x0000000088d00000, 0x0000000088e00000, 0x0000000088e00000|100%| O|  |TAMS 0x0000000088d00000| PB 0x0000000088d00000| Untracked 
| 142|0x0000000088e00000, 0x0000000088f00000, 0x0000000088f00000|100%| O|  |TAMS 0x0000000088e00000| PB 0x0000000088e00000| Untracked 
| 143|0x0000000088f00000, 0x0000000089000000, 0x0000000089000000|100%| O|  |TAMS 0x0000000088f00000| PB 0x0000000088f00000| Untracked 
| 144|0x0000000089000000, 0x0000000089100000, 0x0000000089100000|100%| O|  |TAMS 0x0000000089000000| PB 0x0000000089000000| Untracked 
| 145|0x0000000089100000, 0x0000000089200000, 0x0000000089200000|100%| O|  |TAMS 0x0000000089100000| PB 0x0000000089100000| Untracked 
| 146|0x0000000089200000, 0x0000000089300000, 0x0000000089300000|100%| O|  |TAMS 0x0000000089200000| PB 0x0000000089200000| Untracked 
| 147|0x0000000089300000, 0x0000000089400000, 0x0000000089400000|100%| O|  |TAMS 0x0000000089300000| PB 0x0000000089300000| Untracked 
| 148|0x0000000089400000, 0x0000000089500000, 0x0000000089500000|100%| O|  |TAMS 0x0000000089400000| PB 0x0000000089400000| Untracked 
| 149|0x0000000089500000, 0x0000000089600000, 0x0000000089600000|100%| O|  |TAMS 0x0000000089500000| PB 0x0000000089500000| Untracked 
| 150|0x0000000089600000, 0x0000000089700000, 0x0000000089700000|100%| O|  |TAMS 0x0000000089600000| PB 0x0000000089600000| Untracked 
| 151|0x0000000089700000, 0x0000000089800000, 0x0000000089800000|100%| O|  |TAMS 0x0000000089700000| PB 0x0000000089700000| Untracked 
| 152|0x0000000089800000, 0x0000000089900000, 0x0000000089900000|100%| O|  |TAMS 0x0000000089800000| PB 0x0000000089800000| Untracked 
| 153|0x0000000089900000, 0x0000000089a00000, 0x0000000089a00000|100%| O|  |TAMS 0x0000000089900000| PB 0x0000000089900000| Untracked 
| 154|0x0000000089a00000, 0x0000000089b00000, 0x0000000089b00000|100%| O|  |TAMS 0x0000000089a00000| PB 0x0000000089a00000| Untracked 
| 155|0x0000000089b00000, 0x0000000089c00000, 0x0000000089c00000|100%| O|  |TAMS 0x0000000089b00000| PB 0x0000000089b00000| Untracked 
| 156|0x0000000089c00000, 0x0000000089d00000, 0x0000000089d00000|100%| O|  |TAMS 0x0000000089c00000| PB 0x0000000089c00000| Untracked 
| 157|0x0000000089d00000, 0x0000000089e00000, 0x0000000089e00000|100%| O|  |TAMS 0x0000000089d00000| PB 0x0000000089d00000| Untracked 
| 158|0x0000000089e00000, 0x0000000089f00000, 0x0000000089f00000|100%| O|  |TAMS 0x0000000089e00000| PB 0x0000000089e00000| Untracked 
| 159|0x0000000089f00000, 0x000000008a000000, 0x000000008a000000|100%| O|  |TAMS 0x0000000089f00000| PB 0x0000000089f00000| Untracked 
| 160|0x000000008a000000, 0x000000008a100000, 0x000000008a100000|100%| O|  |TAMS 0x000000008a000000| PB 0x000000008a000000| Untracked 
| 161|0x000000008a100000, 0x000000008a200000, 0x000000008a200000|100%| O|  |TAMS 0x000000008a100000| PB 0x000000008a100000| Untracked 
| 162|0x000000008a200000, 0x000000008a300000, 0x000000008a300000|100%| O|  |TAMS 0x000000008a200000| PB 0x000000008a200000| Untracked 
| 163|0x000000008a300000, 0x000000008a400000, 0x000000008a400000|100%| O|  |TAMS 0x000000008a300000| PB 0x000000008a300000| Untracked 
| 164|0x000000008a400000, 0x000000008a500000, 0x000000008a500000|100%| O|  |TAMS 0x000000008a400000| PB 0x000000008a400000| Untracked 
| 165|0x000000008a500000, 0x000000008a600000, 0x000000008a600000|100%| O|  |TAMS 0x000000008a500000| PB 0x000000008a500000| Untracked 
| 166|0x000000008a600000, 0x000000008a700000, 0x000000008a700000|100%| O|  |TAMS 0x000000008a600000| PB 0x000000008a600000| Untracked 
| 167|0x000000008a700000, 0x000000008a700000, 0x000000008a800000|  0%| F|  |TAMS 0x000000008a700000| PB 0x000000008a700000| Untracked 
| 168|0x000000008a800000, 0x000000008a900000, 0x000000008a900000|100%| O|  |TAMS 0x000000008a800000| PB 0x000000008a800000| Untracked 
| 169|0x000000008a900000, 0x000000008aa00000, 0x000000008aa00000|100%| O|  |TAMS 0x000000008a900000| PB 0x000000008a900000| Untracked 
| 170|0x000000008aa00000, 0x000000008ab00000, 0x000000008ab00000|100%| O|  |TAMS 0x000000008aa00000| PB 0x000000008aa00000| Untracked 
| 171|0x000000008ab00000, 0x000000008ac00000, 0x000000008ac00000|100%| O|  |TAMS 0x000000008ab00000| PB 0x000000008ab00000| Untracked 
| 172|0x000000008ac00000, 0x000000008ad00000, 0x000000008ad00000|100%| O|  |TAMS 0x000000008ac00000| PB 0x000000008ac00000| Untracked 
| 173|0x000000008ad00000, 0x000000008ae00000, 0x000000008ae00000|100%| O|  |TAMS 0x000000008ad00000| PB 0x000000008ad00000| Untracked 
| 174|0x000000008ae00000, 0x000000008ae00000, 0x000000008af00000|  0%| F|  |TAMS 0x000000008ae00000| PB 0x000000008ae00000| Untracked 
| 175|0x000000008af00000, 0x000000008b000000, 0x000000008b000000|100%| O|  |TAMS 0x000000008af00000| PB 0x000000008af00000| Untracked 
| 176|0x000000008b000000, 0x000000008b100000, 0x000000008b100000|100%| O|  |TAMS 0x000000008b000000| PB 0x000000008b000000| Untracked 
| 177|0x000000008b100000, 0x000000008b200000, 0x000000008b200000|100%| O|  |TAMS 0x000000008b100000| PB 0x000000008b100000| Untracked 
| 178|0x000000008b200000, 0x000000008b300000, 0x000000008b300000|100%| O|  |TAMS 0x000000008b200000| PB 0x000000008b200000| Untracked 
| 179|0x000000008b300000, 0x000000008b400000, 0x000000008b400000|100%| O|  |TAMS 0x000000008b300000| PB 0x000000008b300000| Untracked 
| 180|0x000000008b400000, 0x000000008b500000, 0x000000008b500000|100%| O|  |TAMS 0x000000008b400000| PB 0x000000008b400000| Untracked 
| 181|0x000000008b500000, 0x000000008b600000, 0x000000008b600000|100%| O|  |TAMS 0x000000008b500000| PB 0x000000008b500000| Untracked 
| 182|0x000000008b600000, 0x000000008b700000, 0x000000008b700000|100%| O|  |TAMS 0x000000008b600000| PB 0x000000008b600000| Untracked 
| 183|0x000000008b700000, 0x000000008b800000, 0x000000008b800000|100%| O|  |TAMS 0x000000008b700000| PB 0x000000008b700000| Untracked 
| 184|0x000000008b800000, 0x000000008b900000, 0x000000008b900000|100%| O|  |TAMS 0x000000008b800000| PB 0x000000008b800000| Untracked 
| 185|0x000000008b900000, 0x000000008ba00000, 0x000000008ba00000|100%| O|  |TAMS 0x000000008b900000| PB 0x000000008b900000| Untracked 
| 186|0x000000008ba00000, 0x000000008bb00000, 0x000000008bb00000|100%| O|  |TAMS 0x000000008ba00000| PB 0x000000008ba00000| Untracked 
| 187|0x000000008bb00000, 0x000000008bc00000, 0x000000008bc00000|100%| O|  |TAMS 0x000000008bb00000| PB 0x000000008bb00000| Untracked 
| 188|0x000000008bc00000, 0x000000008bd00000, 0x000000008bd00000|100%| O|  |TAMS 0x000000008bc00000| PB 0x000000008bc00000| Untracked 
| 189|0x000000008bd00000, 0x000000008be00000, 0x000000008be00000|100%| O|  |TAMS 0x000000008bd00000| PB 0x000000008bd00000| Untracked 
| 190|0x000000008be00000, 0x000000008bf00000, 0x000000008bf00000|100%| O|  |TAMS 0x000000008be00000| PB 0x000000008be00000| Untracked 
| 191|0x000000008bf00000, 0x000000008c000000, 0x000000008c000000|100%| O|  |TAMS 0x000000008bf00000| PB 0x000000008bf00000| Untracked 
| 192|0x000000008c000000, 0x000000008c100000, 0x000000008c100000|100%| O|  |TAMS 0x000000008c000000| PB 0x000000008c000000| Untracked 
| 193|0x000000008c100000, 0x000000008c100000, 0x000000008c200000|  0%| F|  |TAMS 0x000000008c100000| PB 0x000000008c100000| Untracked 
| 194|0x000000008c200000, 0x000000008c300000, 0x000000008c300000|100%| O|  |TAMS 0x000000008c200000| PB 0x000000008c200000| Untracked 
| 195|0x000000008c300000, 0x000000008c400000, 0x000000008c400000|100%| O|  |TAMS 0x000000008c300000| PB 0x000000008c300000| Untracked 
| 196|0x000000008c400000, 0x000000008c500000, 0x000000008c500000|100%| O|  |TAMS 0x000000008c400000| PB 0x000000008c400000| Untracked 
| 197|0x000000008c500000, 0x000000008c600000, 0x000000008c600000|100%| O|  |TAMS 0x000000008c500000| PB 0x000000008c500000| Untracked 
| 198|0x000000008c600000, 0x000000008c700000, 0x000000008c700000|100%| O|  |TAMS 0x000000008c600000| PB 0x000000008c600000| Untracked 
| 199|0x000000008c700000, 0x000000008c800000, 0x000000008c800000|100%| O|  |TAMS 0x000000008c700000| PB 0x000000008c700000| Untracked 
| 200|0x000000008c800000, 0x000000008c900000, 0x000000008c900000|100%| O|  |TAMS 0x000000008c800000| PB 0x000000008c800000| Untracked 
| 201|0x000000008c900000, 0x000000008ca00000, 0x000000008ca00000|100%| O|  |TAMS 0x000000008c900000| PB 0x000000008c900000| Untracked 
| 202|0x000000008ca00000, 0x000000008cb00000, 0x000000008cb00000|100%| O|  |TAMS 0x000000008ca00000| PB 0x000000008ca00000| Untracked 
| 203|0x000000008cb00000, 0x000000008cc00000, 0x000000008cc00000|100%| O|  |TAMS 0x000000008cb00000| PB 0x000000008cb00000| Untracked 
| 204|0x000000008cc00000, 0x000000008cd00000, 0x000000008cd00000|100%| O|  |TAMS 0x000000008cc00000| PB 0x000000008cc00000| Untracked 
| 205|0x000000008cd00000, 0x000000008ce00000, 0x000000008ce00000|100%| O|  |TAMS 0x000000008cd00000| PB 0x000000008cd00000| Untracked 
| 206|0x000000008ce00000, 0x000000008cf00000, 0x000000008cf00000|100%| O|  |TAMS 0x000000008ce00000| PB 0x000000008ce00000| Untracked 
| 207|0x000000008cf00000, 0x000000008d000000, 0x000000008d000000|100%| O|  |TAMS 0x000000008cf00000| PB 0x000000008cf00000| Untracked 
| 208|0x000000008d000000, 0x000000008d100000, 0x000000008d100000|100%| O|  |TAMS 0x000000008d000000| PB 0x000000008d000000| Untracked 
| 209|0x000000008d100000, 0x000000008d200000, 0x000000008d200000|100%| O|  |TAMS 0x000000008d100000| PB 0x000000008d100000| Untracked 
| 210|0x000000008d200000, 0x000000008d300000, 0x000000008d300000|100%| O|Cm|TAMS 0x000000008d200000| PB 0x000000008d200000| Complete 
| 211|0x000000008d300000, 0x000000008d380000, 0x000000008d400000| 50%| O|  |TAMS 0x000000008d300000| PB 0x000000008d300000| Untracked 
| 212|0x000000008d400000, 0x000000008d500000, 0x000000008d500000|100%|HS|  |TAMS 0x000000008d400000| PB 0x000000008d400000| Complete 
| 213|0x000000008d500000, 0x000000008d600000, 0x000000008d600000|100%|HC|  |TAMS 0x000000008d500000| PB 0x000000008d500000| Complete 
| 214|0x000000008d600000, 0x000000008d700000, 0x000000008d700000|100%|HS|  |TAMS 0x000000008d600000| PB 0x000000008d600000| Complete 
| 215|0x000000008d700000, 0x000000008d800000, 0x000000008d800000|100%|HC|  |TAMS 0x000000008d700000| PB 0x000000008d700000| Complete 
| 216|0x000000008d800000, 0x000000008d900000, 0x000000008d900000|100%|HS|  |TAMS 0x000000008d800000| PB 0x000000008d800000| Complete 
| 217|0x000000008d900000, 0x000000008da00000, 0x000000008da00000|100%|HC|  |TAMS 0x000000008d900000| PB 0x000000008d900000| Complete 
| 218|0x000000008da00000, 0x000000008db00000, 0x000000008db00000|100%| O|  |TAMS 0x000000008da00000| PB 0x000000008da00000| Untracked 
| 219|0x000000008db00000, 0x000000008dc00000, 0x000000008dc00000|100%|HS|  |TAMS 0x000000008db00000| PB 0x000000008db00000| Complete 
| 220|0x000000008dc00000, 0x000000008dd00000, 0x000000008dd00000|100%|HC|  |TAMS 0x000000008dc00000| PB 0x000000008dc00000| Complete 
| 221|0x000000008dd00000, 0x000000008de00000, 0x000000008de00000|100%| O|  |TAMS 0x000000008dd00000| PB 0x000000008dd00000| Untracked 
| 222|0x000000008de00000, 0x000000008df00000, 0x000000008df00000|100%| O|  |TAMS 0x000000008de00000| PB 0x000000008de00000| Untracked 
| 223|0x000000008df00000, 0x000000008e000000, 0x000000008e000000|100%| O|  |TAMS 0x000000008df00000| PB 0x000000008df00000| Untracked 
| 224|0x000000008e000000, 0x000000008e100000, 0x000000008e100000|100%| O|  |TAMS 0x000000008e000000| PB 0x000000008e000000| Untracked 
| 225|0x000000008e100000, 0x000000008e200000, 0x000000008e200000|100%| O|  |TAMS 0x000000008e100000| PB 0x000000008e100000| Untracked 
| 226|0x000000008e200000, 0x000000008e300000, 0x000000008e300000|100%|HS|  |TAMS 0x000000008e200000| PB 0x000000008e200000| Complete 
| 227|0x000000008e300000, 0x000000008e400000, 0x000000008e400000|100%|HC|  |TAMS 0x000000008e300000| PB 0x000000008e300000| Complete 
| 228|0x000000008e400000, 0x000000008e500000, 0x000000008e500000|100%|HS|  |TAMS 0x000000008e400000| PB 0x000000008e400000| Complete 
| 229|0x000000008e500000, 0x000000008e600000, 0x000000008e600000|100%|HC|  |TAMS 0x000000008e500000| PB 0x000000008e500000| Complete 
| 230|0x000000008e600000, 0x000000008e700000, 0x000000008e700000|100%| O|  |TAMS 0x000000008e600000| PB 0x000000008e600000| Untracked 
| 231|0x000000008e700000, 0x000000008e800000, 0x000000008e800000|100%| O|  |TAMS 0x000000008e700000| PB 0x000000008e700000| Untracked 
| 232|0x000000008e800000, 0x000000008e900000, 0x000000008e900000|100%| O|  |TAMS 0x000000008e800000| PB 0x000000008e800000| Untracked 
| 233|0x000000008e900000, 0x000000008ea00000, 0x000000008ea00000|100%|HS|  |TAMS 0x000000008e900000| PB 0x000000008e900000| Complete 
| 234|0x000000008ea00000, 0x000000008eb00000, 0x000000008eb00000|100%|HC|  |TAMS 0x000000008ea00000| PB 0x000000008ea00000| Complete 
| 235|0x000000008eb00000, 0x000000008ec00000, 0x000000008ec00000|100%| O|  |TAMS 0x000000008eb00000| PB 0x000000008eb00000| Untracked 
| 236|0x000000008ec00000, 0x000000008ed00000, 0x000000008ed00000|100%| O|  |TAMS 0x000000008ec00000| PB 0x000000008ec00000| Untracked 
| 237|0x000000008ed00000, 0x000000008ee00000, 0x000000008ee00000|100%| O|  |TAMS 0x000000008ed00000| PB 0x000000008ed00000| Untracked 
| 238|0x000000008ee00000, 0x000000008ef00000, 0x000000008ef00000|100%| O|  |TAMS 0x000000008ee00000| PB 0x000000008ee00000| Untracked 
| 239|0x000000008ef00000, 0x000000008ef00000, 0x000000008f000000|  0%| F|  |TAMS 0x000000008ef00000| PB 0x000000008ef00000| Untracked 
| 240|0x000000008f000000, 0x000000008f100000, 0x000000008f100000|100%| O|  |TAMS 0x000000008f000000| PB 0x000000008f000000| Untracked 
| 241|0x000000008f100000, 0x000000008f200000, 0x000000008f200000|100%| O|  |TAMS 0x000000008f100000| PB 0x000000008f100000| Untracked 
| 242|0x000000008f200000, 0x000000008f300000, 0x000000008f300000|100%|HS|  |TAMS 0x000000008f200000| PB 0x000000008f200000| Complete 
| 243|0x000000008f300000, 0x000000008f400000, 0x000000008f400000|100%|HC|  |TAMS 0x000000008f300000| PB 0x000000008f300000| Complete 
| 244|0x000000008f400000, 0x000000008f400000, 0x000000008f500000|  0%| F|  |TAMS 0x000000008f400000| PB 0x000000008f400000| Untracked 
| 245|0x000000008f500000, 0x000000008f600000, 0x000000008f600000|100%|HS|  |TAMS 0x000000008f500000| PB 0x000000008f500000| Complete 
| 246|0x000000008f600000, 0x000000008f700000, 0x000000008f700000|100%|HS|  |TAMS 0x000000008f600000| PB 0x000000008f600000| Complete 
| 247|0x000000008f700000, 0x000000008f800000, 0x000000008f800000|100%|HC|  |TAMS 0x000000008f700000| PB 0x000000008f700000| Complete 
| 248|0x000000008f800000, 0x000000008f800000, 0x000000008f900000|  0%| F|  |TAMS 0x000000008f800000| PB 0x000000008f800000| Untracked 
| 249|0x000000008f900000, 0x000000008fa00000, 0x000000008fa00000|100%| O|Cm|TAMS 0x000000008f900000| PB 0x000000008f900000| Complete 
| 250|0x000000008fa00000, 0x000000008fa00000, 0x000000008fb00000|  0%| F|  |TAMS 0x000000008fa00000| PB 0x000000008fa00000| Untracked 
| 251|0x000000008fb00000, 0x000000008fb00000, 0x000000008fc00000|  0%| F|  |TAMS 0x000000008fb00000| PB 0x000000008fb00000| Untracked 
| 252|0x000000008fc00000, 0x000000008fc00000, 0x000000008fd00000|  0%| F|  |TAMS 0x000000008fc00000| PB 0x000000008fc00000| Untracked 
| 253|0x000000008fd00000, 0x000000008fd00000, 0x000000008fe00000|  0%| F|  |TAMS 0x000000008fd00000| PB 0x000000008fd00000| Untracked 
| 254|0x000000008fe00000, 0x000000008ff00000, 0x000000008ff00000|100%| O|  |TAMS 0x000000008fe00000| PB 0x000000008fe00000| Untracked 
| 255|0x000000008ff00000, 0x0000000090000000, 0x0000000090000000|100%| O|  |TAMS 0x000000008ff00000| PB 0x000000008ff00000| Untracked 
| 256|0x0000000090000000, 0x0000000090100000, 0x0000000090100000|100%| O|  |TAMS 0x0000000090000000| PB 0x0000000090000000| Untracked 
| 257|0x0000000090100000, 0x0000000090200000, 0x0000000090200000|100%| O|  |TAMS 0x0000000090100000| PB 0x0000000090100000| Untracked 
| 258|0x0000000090200000, 0x0000000090200000, 0x0000000090300000|  0%| F|  |TAMS 0x0000000090200000| PB 0x0000000090200000| Untracked 
| 259|0x0000000090300000, 0x0000000090300000, 0x0000000090400000|  0%| F|  |TAMS 0x0000000090300000| PB 0x0000000090300000| Untracked 
| 260|0x0000000090400000, 0x0000000090500000, 0x0000000090500000|100%| O|Cm|TAMS 0x0000000090400000| PB 0x0000000090400000| Complete 
| 261|0x0000000090500000, 0x0000000090500000, 0x0000000090600000|  0%| F|  |TAMS 0x0000000090500000| PB 0x0000000090500000| Untracked 
| 262|0x0000000090600000, 0x0000000090700000, 0x0000000090700000|100%| O|  |TAMS 0x0000000090600000| PB 0x0000000090600000| Untracked 
| 263|0x0000000090700000, 0x0000000090700000, 0x0000000090800000|  0%| F|  |TAMS 0x0000000090700000| PB 0x0000000090700000| Untracked 
| 264|0x0000000090800000, 0x0000000090900000, 0x0000000090900000|100%| O|  |TAMS 0x0000000090800000| PB 0x0000000090800000| Untracked 
| 265|0x0000000090900000, 0x0000000090900000, 0x0000000090a00000|  0%| F|  |TAMS 0x0000000090900000| PB 0x0000000090900000| Untracked 
| 266|0x0000000090a00000, 0x0000000090b00000, 0x0000000090b00000|100%| O|  |TAMS 0x0000000090a00000| PB 0x0000000090a00000| Untracked 
| 267|0x0000000090b00000, 0x0000000090b00000, 0x0000000090c00000|  0%| F|  |TAMS 0x0000000090b00000| PB 0x0000000090b00000| Untracked 
| 268|0x0000000090c00000, 0x0000000090c00000, 0x0000000090d00000|  0%| F|  |TAMS 0x0000000090c00000| PB 0x0000000090c00000| Untracked 
| 269|0x0000000090d00000, 0x0000000090d00000, 0x0000000090e00000|  0%| F|  |TAMS 0x0000000090d00000| PB 0x0000000090d00000| Untracked 
| 270|0x0000000090e00000, 0x0000000090e00000, 0x0000000090f00000|  0%| F|  |TAMS 0x0000000090e00000| PB 0x0000000090e00000| Untracked 
| 271|0x0000000090f00000, 0x0000000091000000, 0x0000000091000000|100%| O|  |TAMS 0x0000000090f00000| PB 0x0000000090f00000| Untracked 
| 272|0x0000000091000000, 0x0000000091000000, 0x0000000091100000|  0%| F|  |TAMS 0x0000000091000000| PB 0x0000000091000000| Untracked 
| 273|0x0000000091100000, 0x0000000091200000, 0x0000000091200000|100%| O|  |TAMS 0x0000000091100000| PB 0x0000000091100000| Untracked 
| 274|0x0000000091200000, 0x0000000091300000, 0x0000000091300000|100%| O|  |TAMS 0x0000000091200000| PB 0x0000000091200000| Untracked 
| 275|0x0000000091300000, 0x0000000091400000, 0x0000000091400000|100%| O|  |TAMS 0x0000000091300000| PB 0x0000000091300000| Untracked 
| 276|0x0000000091400000, 0x0000000091500000, 0x0000000091500000|100%| O|  |TAMS 0x0000000091400000| PB 0x0000000091400000| Untracked 
| 277|0x0000000091500000, 0x0000000091600000, 0x0000000091600000|100%| O|  |TAMS 0x0000000091500000| PB 0x0000000091500000| Untracked 
| 278|0x0000000091600000, 0x0000000091700000, 0x0000000091700000|100%| O|  |TAMS 0x0000000091600000| PB 0x0000000091600000| Untracked 
| 279|0x0000000091700000, 0x0000000091700000, 0x0000000091800000|  0%| F|  |TAMS 0x0000000091700000| PB 0x0000000091700000| Untracked 
| 280|0x0000000091800000, 0x0000000091800000, 0x0000000091900000|  0%| F|  |TAMS 0x0000000091800000| PB 0x0000000091800000| Untracked 
| 281|0x0000000091900000, 0x0000000091900000, 0x0000000091a00000|  0%| F|  |TAMS 0x0000000091900000| PB 0x0000000091900000| Untracked 
| 282|0x0000000091a00000, 0x0000000091b00000, 0x0000000091b00000|100%| O|Cm|TAMS 0x0000000091a00000| PB 0x0000000091a00000| Complete 
| 283|0x0000000091b00000, 0x0000000091c00000, 0x0000000091c00000|100%| O|  |TAMS 0x0000000091b00000| PB 0x0000000091b00000| Untracked 
| 284|0x0000000091c00000, 0x0000000091d00000, 0x0000000091d00000|100%| O|  |TAMS 0x0000000091c00000| PB 0x0000000091c00000| Untracked 
| 285|0x0000000091d00000, 0x0000000091d00000, 0x0000000091e00000|  0%| F|  |TAMS 0x0000000091d00000| PB 0x0000000091d00000| Untracked 
| 286|0x0000000091e00000, 0x0000000091e00000, 0x0000000091f00000|  0%| F|  |TAMS 0x0000000091e00000| PB 0x0000000091e00000| Untracked 
| 287|0x0000000091f00000, 0x0000000092000000, 0x0000000092000000|100%| O|  |TAMS 0x0000000091f00000| PB 0x0000000091f00000| Untracked 
| 288|0x0000000092000000, 0x0000000092100000, 0x0000000092100000|100%| O|  |TAMS 0x0000000092000000| PB 0x0000000092000000| Untracked 
| 289|0x0000000092100000, 0x0000000092200000, 0x0000000092200000|100%| O|  |TAMS 0x0000000092100000| PB 0x0000000092100000| Untracked 
| 290|0x0000000092200000, 0x0000000092200000, 0x0000000092300000|  0%| F|  |TAMS 0x0000000092200000| PB 0x0000000092200000| Untracked 
| 291|0x0000000092300000, 0x0000000092300000, 0x0000000092400000|  0%| F|  |TAMS 0x0000000092300000| PB 0x0000000092300000| Untracked 
| 292|0x0000000092400000, 0x0000000092500000, 0x0000000092500000|100%| O|Cm|TAMS 0x0000000092400000| PB 0x0000000092400000| Complete 
| 293|0x0000000092500000, 0x0000000092500000, 0x0000000092600000|  0%| F|  |TAMS 0x0000000092500000| PB 0x0000000092500000| Untracked 
| 294|0x0000000092600000, 0x0000000092600000, 0x0000000092700000|  0%| F|  |TAMS 0x0000000092600000| PB 0x0000000092600000| Untracked 
| 295|0x0000000092700000, 0x0000000092700000, 0x0000000092800000|  0%| F|  |TAMS 0x0000000092700000| PB 0x0000000092700000| Untracked 
| 296|0x0000000092800000, 0x0000000092800000, 0x0000000092900000|  0%| F|  |TAMS 0x0000000092800000| PB 0x0000000092800000| Untracked 
| 297|0x0000000092900000, 0x0000000092900000, 0x0000000092a00000|  0%| F|  |TAMS 0x0000000092900000| PB 0x0000000092900000| Untracked 
| 298|0x0000000092a00000, 0x0000000092a00000, 0x0000000092b00000|  0%| F|  |TAMS 0x0000000092a00000| PB 0x0000000092a00000| Untracked 
| 299|0x0000000092b00000, 0x0000000092c00000, 0x0000000092c00000|100%| O|  |TAMS 0x0000000092b00000| PB 0x0000000092b00000| Untracked 
| 300|0x0000000092c00000, 0x0000000092d00000, 0x0000000092d00000|100%|HS|  |TAMS 0x0000000092c00000| PB 0x0000000092c00000| Complete 
| 301|0x0000000092d00000, 0x0000000092e00000, 0x0000000092e00000|100%|HC|  |TAMS 0x0000000092d00000| PB 0x0000000092d00000| Complete 
| 302|0x0000000092e00000, 0x0000000092f00000, 0x0000000092f00000|100%|HC|  |TAMS 0x0000000092e00000| PB 0x0000000092e00000| Complete 
| 303|0x0000000092f00000, 0x0000000093000000, 0x0000000093000000|100%|HC|  |TAMS 0x0000000092f00000| PB 0x0000000092f00000| Complete 
| 304|0x0000000093000000, 0x0000000093100000, 0x0000000093100000|100%|HC|  |TAMS 0x0000000093000000| PB 0x0000000093000000| Complete 
| 305|0x0000000093100000, 0x0000000093200000, 0x0000000093200000|100%|HC|  |TAMS 0x0000000093100000| PB 0x0000000093100000| Complete 
| 306|0x0000000093200000, 0x0000000093300000, 0x0000000093300000|100%|HC|  |TAMS 0x0000000093200000| PB 0x0000000093200000| Complete 
| 307|0x0000000093300000, 0x0000000093400000, 0x0000000093400000|100%|HC|  |TAMS 0x0000000093300000| PB 0x0000000093300000| Complete 
| 308|0x0000000093400000, 0x0000000093400000, 0x0000000093500000|  0%| F|  |TAMS 0x0000000093400000| PB 0x0000000093400000| Untracked 
| 309|0x0000000093500000, 0x0000000093500000, 0x0000000093600000|  0%| F|  |TAMS 0x0000000093500000| PB 0x0000000093500000| Untracked 
| 310|0x0000000093600000, 0x0000000093600000, 0x0000000093700000|  0%| F|  |TAMS 0x0000000093600000| PB 0x0000000093600000| Untracked 
| 311|0x0000000093700000, 0x0000000093700000, 0x0000000093800000|  0%| F|  |TAMS 0x0000000093700000| PB 0x0000000093700000| Untracked 
| 312|0x0000000093800000, 0x0000000093800000, 0x0000000093900000|  0%| F|  |TAMS 0x0000000093800000| PB 0x0000000093800000| Untracked 
| 313|0x0000000093900000, 0x0000000093900000, 0x0000000093a00000|  0%| F|  |TAMS 0x0000000093900000| PB 0x0000000093900000| Untracked 
| 314|0x0000000093a00000, 0x0000000093b00000, 0x0000000093b00000|100%|HS|  |TAMS 0x0000000093a00000| PB 0x0000000093a00000| Complete 
| 315|0x0000000093b00000, 0x0000000093c00000, 0x0000000093c00000|100%|HC|  |TAMS 0x0000000093b00000| PB 0x0000000093b00000| Complete 
| 316|0x0000000093c00000, 0x0000000093d00000, 0x0000000093d00000|100%|HC|  |TAMS 0x0000000093c00000| PB 0x0000000093c00000| Complete 
| 317|0x0000000093d00000, 0x0000000093e00000, 0x0000000093e00000|100%|HC|  |TAMS 0x0000000093d00000| PB 0x0000000093d00000| Complete 
| 318|0x0000000093e00000, 0x0000000093e00000, 0x0000000093f00000|  0%| F|  |TAMS 0x0000000093e00000| PB 0x0000000093e00000| Untracked 
| 319|0x0000000093f00000, 0x0000000093f00000, 0x0000000094000000|  0%| F|  |TAMS 0x0000000093f00000| PB 0x0000000093f00000| Untracked 
| 320|0x0000000094000000, 0x0000000094000000, 0x0000000094100000|  0%| F|  |TAMS 0x0000000094000000| PB 0x0000000094000000| Untracked 
| 321|0x0000000094100000, 0x0000000094100000, 0x0000000094200000|  0%| F|  |TAMS 0x0000000094100000| PB 0x0000000094100000| Untracked 
| 322|0x0000000094200000, 0x0000000094200000, 0x0000000094300000|  0%| F|  |TAMS 0x0000000094200000| PB 0x0000000094200000| Untracked 
| 323|0x0000000094300000, 0x0000000094300000, 0x0000000094400000|  0%| F|  |TAMS 0x0000000094300000| PB 0x0000000094300000| Untracked 
| 324|0x0000000094400000, 0x0000000094400000, 0x0000000094500000|  0%| F|  |TAMS 0x0000000094400000| PB 0x0000000094400000| Untracked 
| 325|0x0000000094500000, 0x0000000094600000, 0x0000000094600000|100%| O|  |TAMS 0x0000000094500000| PB 0x0000000094500000| Untracked 
| 326|0x0000000094600000, 0x0000000094700000, 0x0000000094700000|100%|HS|  |TAMS 0x0000000094600000| PB 0x0000000094600000| Complete 
| 327|0x0000000094700000, 0x0000000094800000, 0x0000000094800000|100%|HC|  |TAMS 0x0000000094700000| PB 0x0000000094700000| Complete 
| 328|0x0000000094800000, 0x0000000094900000, 0x0000000094900000|100%|HC|  |TAMS 0x0000000094800000| PB 0x0000000094800000| Complete 
| 329|0x0000000094900000, 0x0000000094a00000, 0x0000000094a00000|100%|HC|  |TAMS 0x0000000094900000| PB 0x0000000094900000| Complete 
| 330|0x0000000094a00000, 0x0000000094b00000, 0x0000000094b00000|100%|HC|  |TAMS 0x0000000094a00000| PB 0x0000000094a00000| Complete 
| 331|0x0000000094b00000, 0x0000000094c00000, 0x0000000094c00000|100%|HC|  |TAMS 0x0000000094b00000| PB 0x0000000094b00000| Complete 
| 332|0x0000000094c00000, 0x0000000094d00000, 0x0000000094d00000|100%|HC|  |TAMS 0x0000000094c00000| PB 0x0000000094c00000| Complete 
| 333|0x0000000094d00000, 0x0000000094e00000, 0x0000000094e00000|100%|HC|  |TAMS 0x0000000094d00000| PB 0x0000000094d00000| Complete 
| 334|0x0000000094e00000, 0x0000000094e00000, 0x0000000094f00000|  0%| F|  |TAMS 0x0000000094e00000| PB 0x0000000094e00000| Untracked 
| 335|0x0000000094f00000, 0x0000000094f00000, 0x0000000095000000|  0%| F|  |TAMS 0x0000000094f00000| PB 0x0000000094f00000| Untracked 
| 336|0x0000000095000000, 0x0000000095100000, 0x0000000095100000|100%|HS|  |TAMS 0x0000000095000000| PB 0x0000000095000000| Complete 
| 337|0x0000000095100000, 0x0000000095200000, 0x0000000095200000|100%| O|  |TAMS 0x0000000095100000| PB 0x0000000095100000| Untracked 
| 338|0x0000000095200000, 0x0000000095300000, 0x0000000095300000|100%|HS|  |TAMS 0x0000000095200000| PB 0x0000000095200000| Complete 
| 339|0x0000000095300000, 0x0000000095400000, 0x0000000095400000|100%|HS|  |TAMS 0x0000000095300000| PB 0x0000000095300000| Complete 
| 340|0x0000000095400000, 0x0000000095500000, 0x0000000095500000|100%|HS|  |TAMS 0x0000000095400000| PB 0x0000000095400000| Complete 
| 341|0x0000000095500000, 0x0000000095600000, 0x0000000095600000|100%|HC|  |TAMS 0x0000000095500000| PB 0x0000000095500000| Complete 
| 342|0x0000000095600000, 0x0000000095600000, 0x0000000095700000|  0%| F|  |TAMS 0x0000000095600000| PB 0x0000000095600000| Untracked 
| 343|0x0000000095700000, 0x0000000095700000, 0x0000000095800000|  0%| F|  |TAMS 0x0000000095700000| PB 0x0000000095700000| Untracked 
| 344|0x0000000095800000, 0x0000000095800000, 0x0000000095900000|  0%| F|  |TAMS 0x0000000095800000| PB 0x0000000095800000| Untracked 
| 345|0x0000000095900000, 0x0000000095900000, 0x0000000095a00000|  0%| F|  |TAMS 0x0000000095900000| PB 0x0000000095900000| Untracked 
| 346|0x0000000095a00000, 0x0000000095a00000, 0x0000000095b00000|  0%| F|  |TAMS 0x0000000095a00000| PB 0x0000000095a00000| Untracked 
| 347|0x0000000095b00000, 0x0000000095b00000, 0x0000000095c00000|  0%| F|  |TAMS 0x0000000095b00000| PB 0x0000000095b00000| Untracked 
| 348|0x0000000095c00000, 0x0000000095c00000, 0x0000000095d00000|  0%| F|  |TAMS 0x0000000095c00000| PB 0x0000000095c00000| Untracked 
| 349|0x0000000095d00000, 0x0000000095d00000, 0x0000000095e00000|  0%| F|  |TAMS 0x0000000095d00000| PB 0x0000000095d00000| Untracked 
| 350|0x0000000095e00000, 0x0000000095e00000, 0x0000000095f00000|  0%| F|  |TAMS 0x0000000095e00000| PB 0x0000000095e00000| Untracked 
| 351|0x0000000095f00000, 0x0000000095f00000, 0x0000000096000000|  0%| F|  |TAMS 0x0000000095f00000| PB 0x0000000095f00000| Untracked 
| 352|0x0000000096000000, 0x0000000096000000, 0x0000000096100000|  0%| F|  |TAMS 0x0000000096000000| PB 0x0000000096000000| Untracked 
| 353|0x0000000096100000, 0x0000000096100000, 0x0000000096200000|  0%| F|  |TAMS 0x0000000096100000| PB 0x0000000096100000| Untracked 
| 354|0x0000000096200000, 0x0000000096200000, 0x0000000096300000|  0%| F|  |TAMS 0x0000000096200000| PB 0x0000000096200000| Untracked 
| 355|0x0000000096300000, 0x0000000096300000, 0x0000000096400000|  0%| F|  |TAMS 0x0000000096300000| PB 0x0000000096300000| Untracked 
| 356|0x0000000096400000, 0x0000000096400000, 0x0000000096500000|  0%| F|  |TAMS 0x0000000096400000| PB 0x0000000096400000| Untracked 
| 357|0x0000000096500000, 0x0000000096500000, 0x0000000096600000|  0%| F|  |TAMS 0x0000000096500000| PB 0x0000000096500000| Untracked 
| 358|0x0000000096600000, 0x0000000096700000, 0x0000000096700000|100%| O|Cm|TAMS 0x0000000096600000| PB 0x0000000096600000| Complete 
| 359|0x0000000096700000, 0x0000000096700000, 0x0000000096800000|  0%| F|  |TAMS 0x0000000096700000| PB 0x0000000096700000| Untracked 
| 360|0x0000000096800000, 0x0000000096800000, 0x0000000096900000|  0%| F|  |TAMS 0x0000000096800000| PB 0x0000000096800000| Untracked 
| 361|0x0000000096900000, 0x0000000096900000, 0x0000000096a00000|  0%| F|  |TAMS 0x0000000096900000| PB 0x0000000096900000| Untracked 
| 362|0x0000000096a00000, 0x0000000096b00000, 0x0000000096b00000|100%| O|  |TAMS 0x0000000096a00000| PB 0x0000000096a00000| Untracked 
| 363|0x0000000096b00000, 0x0000000096c00000, 0x0000000096c00000|100%| O|  |TAMS 0x0000000096b00000| PB 0x0000000096b00000| Untracked 
| 364|0x0000000096c00000, 0x0000000096c00000, 0x0000000096d00000|  0%| F|  |TAMS 0x0000000096c00000| PB 0x0000000096c00000| Untracked 
| 365|0x0000000096d00000, 0x0000000096e00000, 0x0000000096e00000|100%| O|  |TAMS 0x0000000096d00000| PB 0x0000000096d00000| Untracked 
| 366|0x0000000096e00000, 0x0000000096f00000, 0x0000000096f00000|100%|HS|  |TAMS 0x0000000096e00000| PB 0x0000000096e00000| Complete 
| 367|0x0000000096f00000, 0x0000000097000000, 0x0000000097000000|100%|HC|  |TAMS 0x0000000096f00000| PB 0x0000000096f00000| Complete 
| 368|0x0000000097000000, 0x0000000097100000, 0x0000000097100000|100%|HC|  |TAMS 0x0000000097000000| PB 0x0000000097000000| Complete 
| 369|0x0000000097100000, 0x0000000097200000, 0x0000000097200000|100%|HC|  |TAMS 0x0000000097100000| PB 0x0000000097100000| Complete 
| 370|0x0000000097200000, 0x0000000097300000, 0x0000000097300000|100%|HC|  |TAMS 0x0000000097200000| PB 0x0000000097200000| Complete 
| 371|0x0000000097300000, 0x0000000097400000, 0x0000000097400000|100%|HC|  |TAMS 0x0000000097300000| PB 0x0000000097300000| Complete 
| 372|0x0000000097400000, 0x0000000097500000, 0x0000000097500000|100%|HC|  |TAMS 0x0000000097400000| PB 0x0000000097400000| Complete 
| 373|0x0000000097500000, 0x0000000097600000, 0x0000000097600000|100%|HC|  |TAMS 0x0000000097500000| PB 0x0000000097500000| Complete 
| 374|0x0000000097600000, 0x0000000097700000, 0x0000000097700000|100%|HC|  |TAMS 0x0000000097600000| PB 0x0000000097600000| Complete 
| 375|0x0000000097700000, 0x0000000097800000, 0x0000000097800000|100%|HC|  |TAMS 0x0000000097700000| PB 0x0000000097700000| Complete 
| 376|0x0000000097800000, 0x0000000097900000, 0x0000000097900000|100%|HC|  |TAMS 0x0000000097800000| PB 0x0000000097800000| Complete 
| 377|0x0000000097900000, 0x0000000097a00000, 0x0000000097a00000|100%|HC|  |TAMS 0x0000000097900000| PB 0x0000000097900000| Complete 
| 378|0x0000000097a00000, 0x0000000097b00000, 0x0000000097b00000|100%|HC|  |TAMS 0x0000000097a00000| PB 0x0000000097a00000| Complete 
| 379|0x0000000097b00000, 0x0000000097c00000, 0x0000000097c00000|100%|HC|  |TAMS 0x0000000097b00000| PB 0x0000000097b00000| Complete 
| 380|0x0000000097c00000, 0x0000000097d00000, 0x0000000097d00000|100%|HC|  |TAMS 0x0000000097c00000| PB 0x0000000097c00000| Complete 
| 381|0x0000000097d00000, 0x0000000097e00000, 0x0000000097e00000|100%|HC|  |TAMS 0x0000000097d00000| PB 0x0000000097d00000| Complete 
| 382|0x0000000097e00000, 0x0000000097f00000, 0x0000000097f00000|100%|HC|  |TAMS 0x0000000097e00000| PB 0x0000000097e00000| Complete 
| 383|0x0000000097f00000, 0x0000000098000000, 0x0000000098000000|100%|HC|  |TAMS 0x0000000097f00000| PB 0x0000000097f00000| Complete 
| 384|0x0000000098000000, 0x0000000098100000, 0x0000000098100000|100%|HS|  |TAMS 0x0000000098000000| PB 0x0000000098000000| Complete 
| 385|0x0000000098100000, 0x0000000098200000, 0x0000000098200000|100%|HC|  |TAMS 0x0000000098100000| PB 0x0000000098100000| Complete 
| 386|0x0000000098200000, 0x0000000098300000, 0x0000000098300000|100%|HC|  |TAMS 0x0000000098200000| PB 0x0000000098200000| Complete 
| 387|0x0000000098300000, 0x0000000098400000, 0x0000000098400000|100%|HC|  |TAMS 0x0000000098300000| PB 0x0000000098300000| Complete 
| 388|0x0000000098400000, 0x0000000098500000, 0x0000000098500000|100%|HC|  |TAMS 0x0000000098400000| PB 0x0000000098400000| Complete 
| 389|0x0000000098500000, 0x0000000098600000, 0x0000000098600000|100%|HC|  |TAMS 0x0000000098500000| PB 0x0000000098500000| Complete 
| 390|0x0000000098600000, 0x0000000098700000, 0x0000000098700000|100%|HC|  |TAMS 0x0000000098600000| PB 0x0000000098600000| Complete 
| 391|0x0000000098700000, 0x0000000098800000, 0x0000000098800000|100%|HC|  |TAMS 0x0000000098700000| PB 0x0000000098700000| Complete 
| 392|0x0000000098800000, 0x0000000098900000, 0x0000000098900000|100%|HC|  |TAMS 0x0000000098800000| PB 0x0000000098800000| Complete 
| 393|0x0000000098900000, 0x0000000098a00000, 0x0000000098a00000|100%|HC|  |TAMS 0x0000000098900000| PB 0x0000000098900000| Complete 
| 394|0x0000000098a00000, 0x0000000098b00000, 0x0000000098b00000|100%|HC|  |TAMS 0x0000000098a00000| PB 0x0000000098a00000| Complete 
| 395|0x0000000098b00000, 0x0000000098c00000, 0x0000000098c00000|100%|HC|  |TAMS 0x0000000098b00000| PB 0x0000000098b00000| Complete 
| 396|0x0000000098c00000, 0x0000000098d00000, 0x0000000098d00000|100%|HC|  |TAMS 0x0000000098c00000| PB 0x0000000098c00000| Complete 
| 397|0x0000000098d00000, 0x0000000098e00000, 0x0000000098e00000|100%|HC|  |TAMS 0x0000000098d00000| PB 0x0000000098d00000| Complete 
| 398|0x0000000098e00000, 0x0000000098f00000, 0x0000000098f00000|100%|HC|  |TAMS 0x0000000098e00000| PB 0x0000000098e00000| Complete 
| 399|0x0000000098f00000, 0x0000000099000000, 0x0000000099000000|100%|HC|  |TAMS 0x0000000098f00000| PB 0x0000000098f00000| Complete 
| 400|0x0000000099000000, 0x0000000099100000, 0x0000000099100000|100%|HC|  |TAMS 0x0000000099000000| PB 0x0000000099000000| Complete 
| 401|0x0000000099100000, 0x0000000099200000, 0x0000000099200000|100%|HC|  |TAMS 0x0000000099100000| PB 0x0000000099100000| Complete 
| 402|0x0000000099200000, 0x0000000099200000, 0x0000000099300000|  0%| F|  |TAMS 0x0000000099200000| PB 0x0000000099200000| Untracked 
| 403|0x0000000099300000, 0x0000000099400000, 0x0000000099400000|100%| O|  |TAMS 0x0000000099300000| PB 0x0000000099300000| Untracked 
| 404|0x0000000099400000, 0x0000000099400000, 0x0000000099500000|  0%| F|  |TAMS 0x0000000099400000| PB 0x0000000099400000| Untracked 
| 405|0x0000000099500000, 0x0000000099500000, 0x0000000099600000|  0%| F|  |TAMS 0x0000000099500000| PB 0x0000000099500000| Untracked 
| 406|0x0000000099600000, 0x0000000099600000, 0x0000000099700000|  0%| F|  |TAMS 0x0000000099600000| PB 0x0000000099600000| Untracked 
| 407|0x0000000099700000, 0x0000000099700000, 0x0000000099800000|  0%| F|  |TAMS 0x0000000099700000| PB 0x0000000099700000| Untracked 
| 408|0x0000000099800000, 0x0000000099800000, 0x0000000099900000|  0%| F|  |TAMS 0x0000000099800000| PB 0x0000000099800000| Untracked 
| 409|0x0000000099900000, 0x0000000099900000, 0x0000000099a00000|  0%| F|  |TAMS 0x0000000099900000| PB 0x0000000099900000| Untracked 
| 410|0x0000000099a00000, 0x0000000099a00000, 0x0000000099b00000|  0%| F|  |TAMS 0x0000000099a00000| PB 0x0000000099a00000| Untracked 
| 411|0x0000000099b00000, 0x0000000099b00000, 0x0000000099c00000|  0%| F|  |TAMS 0x0000000099b00000| PB 0x0000000099b00000| Untracked 
| 412|0x0000000099c00000, 0x0000000099c00000, 0x0000000099d00000|  0%| F|  |TAMS 0x0000000099c00000| PB 0x0000000099c00000| Untracked 
| 413|0x0000000099d00000, 0x0000000099d00000, 0x0000000099e00000|  0%| F|  |TAMS 0x0000000099d00000| PB 0x0000000099d00000| Untracked 
| 414|0x0000000099e00000, 0x0000000099e00000, 0x0000000099f00000|  0%| F|  |TAMS 0x0000000099e00000| PB 0x0000000099e00000| Untracked 
| 415|0x0000000099f00000, 0x0000000099f00000, 0x000000009a000000|  0%| F|  |TAMS 0x0000000099f00000| PB 0x0000000099f00000| Untracked 
| 416|0x000000009a000000, 0x000000009a000000, 0x000000009a100000|  0%| F|  |TAMS 0x000000009a000000| PB 0x000000009a000000| Untracked 
| 417|0x000000009a100000, 0x000000009a100000, 0x000000009a200000|  0%| F|  |TAMS 0x000000009a100000| PB 0x000000009a100000| Untracked 
| 418|0x000000009a200000, 0x000000009a200000, 0x000000009a300000|  0%| F|  |TAMS 0x000000009a200000| PB 0x000000009a200000| Untracked 
| 419|0x000000009a300000, 0x000000009a300000, 0x000000009a400000|  0%| F|  |TAMS 0x000000009a300000| PB 0x000000009a300000| Untracked 
| 420|0x000000009a400000, 0x000000009a400000, 0x000000009a500000|  0%| F|  |TAMS 0x000000009a400000| PB 0x000000009a400000| Untracked 
| 421|0x000000009a500000, 0x000000009a500000, 0x000000009a600000|  0%| F|  |TAMS 0x000000009a500000| PB 0x000000009a500000| Untracked 
| 422|0x000000009a600000, 0x000000009a600000, 0x000000009a700000|  0%| F|  |TAMS 0x000000009a600000| PB 0x000000009a600000| Untracked 
| 423|0x000000009a700000, 0x000000009a700000, 0x000000009a800000|  0%| F|  |TAMS 0x000000009a700000| PB 0x000000009a700000| Untracked 
| 424|0x000000009a800000, 0x000000009a800000, 0x000000009a900000|  0%| F|  |TAMS 0x000000009a800000| PB 0x000000009a800000| Untracked 
| 425|0x000000009a900000, 0x000000009a900000, 0x000000009aa00000|  0%| F|  |TAMS 0x000000009a900000| PB 0x000000009a900000| Untracked 
| 426|0x000000009aa00000, 0x000000009aa00000, 0x000000009ab00000|  0%| F|  |TAMS 0x000000009aa00000| PB 0x000000009aa00000| Untracked 
| 427|0x000000009ab00000, 0x000000009ab00000, 0x000000009ac00000|  0%| F|  |TAMS 0x000000009ab00000| PB 0x000000009ab00000| Untracked 
| 428|0x000000009ac00000, 0x000000009ac00000, 0x000000009ad00000|  0%| F|  |TAMS 0x000000009ac00000| PB 0x000000009ac00000| Untracked 
| 429|0x000000009ad00000, 0x000000009ad00000, 0x000000009ae00000|  0%| F|  |TAMS 0x000000009ad00000| PB 0x000000009ad00000| Untracked 
| 430|0x000000009ae00000, 0x000000009ae00000, 0x000000009af00000|  0%| F|  |TAMS 0x000000009ae00000| PB 0x000000009ae00000| Untracked 
| 431|0x000000009af00000, 0x000000009af00000, 0x000000009b000000|  0%| F|  |TAMS 0x000000009af00000| PB 0x000000009af00000| Untracked 
| 432|0x000000009b000000, 0x000000009b000000, 0x000000009b100000|  0%| F|  |TAMS 0x000000009b000000| PB 0x000000009b000000| Untracked 
| 433|0x000000009b100000, 0x000000009b100000, 0x000000009b200000|  0%| F|  |TAMS 0x000000009b100000| PB 0x000000009b100000| Untracked 
| 434|0x000000009b200000, 0x000000009b200000, 0x000000009b300000|  0%| F|  |TAMS 0x000000009b200000| PB 0x000000009b200000| Untracked 
| 435|0x000000009b300000, 0x000000009b300000, 0x000000009b400000|  0%| F|  |TAMS 0x000000009b300000| PB 0x000000009b300000| Untracked 
| 436|0x000000009b400000, 0x000000009b400000, 0x000000009b500000|  0%| F|  |TAMS 0x000000009b400000| PB 0x000000009b400000| Untracked 
| 437|0x000000009b500000, 0x000000009b500000, 0x000000009b600000|  0%| F|  |TAMS 0x000000009b500000| PB 0x000000009b500000| Untracked 
| 438|0x000000009b600000, 0x000000009b600000, 0x000000009b700000|  0%| F|  |TAMS 0x000000009b600000| PB 0x000000009b600000| Untracked 
| 439|0x000000009b700000, 0x000000009b700000, 0x000000009b800000|  0%| F|  |TAMS 0x000000009b700000| PB 0x000000009b700000| Untracked 
| 440|0x000000009b800000, 0x000000009b800000, 0x000000009b900000|  0%| F|  |TAMS 0x000000009b800000| PB 0x000000009b800000| Untracked 
| 441|0x000000009b900000, 0x000000009b900000, 0x000000009ba00000|  0%| F|  |TAMS 0x000000009b900000| PB 0x000000009b900000| Untracked 
| 442|0x000000009ba00000, 0x000000009ba00000, 0x000000009bb00000|  0%| F|  |TAMS 0x000000009ba00000| PB 0x000000009ba00000| Untracked 
| 443|0x000000009bb00000, 0x000000009bb00000, 0x000000009bc00000|  0%| F|  |TAMS 0x000000009bb00000| PB 0x000000009bb00000| Untracked 
| 444|0x000000009bc00000, 0x000000009bc00000, 0x000000009bd00000|  0%| F|  |TAMS 0x000000009bc00000| PB 0x000000009bc00000| Untracked 
| 445|0x000000009bd00000, 0x000000009bd00000, 0x000000009be00000|  0%| F|  |TAMS 0x000000009bd00000| PB 0x000000009bd00000| Untracked 
| 446|0x000000009be00000, 0x000000009be00000, 0x000000009bf00000|  0%| F|  |TAMS 0x000000009be00000| PB 0x000000009be00000| Untracked 
| 447|0x000000009bf00000, 0x000000009bf00000, 0x000000009c000000|  0%| F|  |TAMS 0x000000009bf00000| PB 0x000000009bf00000| Untracked 
| 448|0x000000009c000000, 0x000000009c000000, 0x000000009c100000|  0%| F|  |TAMS 0x000000009c000000| PB 0x000000009c000000| Untracked 
| 449|0x000000009c100000, 0x000000009c100000, 0x000000009c200000|  0%| F|  |TAMS 0x000000009c100000| PB 0x000000009c100000| Untracked 
| 450|0x000000009c200000, 0x000000009c200000, 0x000000009c300000|  0%| F|  |TAMS 0x000000009c200000| PB 0x000000009c200000| Untracked 
| 451|0x000000009c300000, 0x000000009c300000, 0x000000009c400000|  0%| F|  |TAMS 0x000000009c300000| PB 0x000000009c300000| Untracked 
| 452|0x000000009c400000, 0x000000009c400000, 0x000000009c500000|  0%| F|  |TAMS 0x000000009c400000| PB 0x000000009c400000| Untracked 
| 453|0x000000009c500000, 0x000000009c500000, 0x000000009c600000|  0%| F|  |TAMS 0x000000009c500000| PB 0x000000009c500000| Untracked 
| 454|0x000000009c600000, 0x000000009c600000, 0x000000009c700000|  0%| F|  |TAMS 0x000000009c600000| PB 0x000000009c600000| Untracked 
| 455|0x000000009c700000, 0x000000009c700000, 0x000000009c800000|  0%| F|  |TAMS 0x000000009c700000| PB 0x000000009c700000| Untracked 
| 456|0x000000009c800000, 0x000000009c800000, 0x000000009c900000|  0%| F|  |TAMS 0x000000009c800000| PB 0x000000009c800000| Untracked 
| 457|0x000000009c900000, 0x000000009c900000, 0x000000009ca00000|  0%| F|  |TAMS 0x000000009c900000| PB 0x000000009c900000| Untracked 
| 458|0x000000009ca00000, 0x000000009ca00000, 0x000000009cb00000|  0%| F|  |TAMS 0x000000009ca00000| PB 0x000000009ca00000| Untracked 
| 459|0x000000009cb00000, 0x000000009cb00000, 0x000000009cc00000|  0%| F|  |TAMS 0x000000009cb00000| PB 0x000000009cb00000| Untracked 
| 460|0x000000009cc00000, 0x000000009cc00000, 0x000000009cd00000|  0%| F|  |TAMS 0x000000009cc00000| PB 0x000000009cc00000| Untracked 
| 461|0x000000009cd00000, 0x000000009cd00000, 0x000000009ce00000|  0%| F|  |TAMS 0x000000009cd00000| PB 0x000000009cd00000| Untracked 
| 462|0x000000009ce00000, 0x000000009ce00000, 0x000000009cf00000|  0%| F|  |TAMS 0x000000009ce00000| PB 0x000000009ce00000| Untracked 
| 463|0x000000009cf00000, 0x000000009cf00000, 0x000000009d000000|  0%| F|  |TAMS 0x000000009cf00000| PB 0x000000009cf00000| Untracked 
| 464|0x000000009d000000, 0x000000009d000000, 0x000000009d100000|  0%| F|  |TAMS 0x000000009d000000| PB 0x000000009d000000| Untracked 
| 465|0x000000009d100000, 0x000000009d100000, 0x000000009d200000|  0%| F|  |TAMS 0x000000009d100000| PB 0x000000009d100000| Untracked 
| 466|0x000000009d200000, 0x000000009d200000, 0x000000009d300000|  0%| F|  |TAMS 0x000000009d200000| PB 0x000000009d200000| Untracked 
| 467|0x000000009d300000, 0x000000009d300000, 0x000000009d400000|  0%| F|  |TAMS 0x000000009d300000| PB 0x000000009d300000| Untracked 
| 468|0x000000009d400000, 0x000000009d400000, 0x000000009d500000|  0%| F|  |TAMS 0x000000009d400000| PB 0x000000009d400000| Untracked 
| 469|0x000000009d500000, 0x000000009d500000, 0x000000009d600000|  0%| F|  |TAMS 0x000000009d500000| PB 0x000000009d500000| Untracked 
| 470|0x000000009d600000, 0x000000009d600000, 0x000000009d700000|  0%| F|  |TAMS 0x000000009d600000| PB 0x000000009d600000| Untracked 
| 471|0x000000009d700000, 0x000000009d700000, 0x000000009d800000|  0%| F|  |TAMS 0x000000009d700000| PB 0x000000009d700000| Untracked 
| 472|0x000000009d800000, 0x000000009d800000, 0x000000009d900000|  0%| F|  |TAMS 0x000000009d800000| PB 0x000000009d800000| Untracked 
| 473|0x000000009d900000, 0x000000009d900000, 0x000000009da00000|  0%| F|  |TAMS 0x000000009d900000| PB 0x000000009d900000| Untracked 
| 474|0x000000009da00000, 0x000000009da00000, 0x000000009db00000|  0%| F|  |TAMS 0x000000009da00000| PB 0x000000009da00000| Untracked 
| 475|0x000000009db00000, 0x000000009db00000, 0x000000009dc00000|  0%| F|  |TAMS 0x000000009db00000| PB 0x000000009db00000| Untracked 
| 476|0x000000009dc00000, 0x000000009dc00000, 0x000000009dd00000|  0%| F|  |TAMS 0x000000009dc00000| PB 0x000000009dc00000| Untracked 
| 477|0x000000009dd00000, 0x000000009dd00000, 0x000000009de00000|  0%| F|  |TAMS 0x000000009dd00000| PB 0x000000009dd00000| Untracked 
| 478|0x000000009de00000, 0x000000009de00000, 0x000000009df00000|  0%| F|  |TAMS 0x000000009de00000| PB 0x000000009de00000| Untracked 
| 479|0x000000009df00000, 0x000000009df00000, 0x000000009e000000|  0%| F|  |TAMS 0x000000009df00000| PB 0x000000009df00000| Untracked 
| 480|0x000000009e000000, 0x000000009e000000, 0x000000009e100000|  0%| F|  |TAMS 0x000000009e000000| PB 0x000000009e000000| Untracked 
| 481|0x000000009e100000, 0x000000009e100000, 0x000000009e200000|  0%| F|  |TAMS 0x000000009e100000| PB 0x000000009e100000| Untracked 
| 482|0x000000009e200000, 0x000000009e200000, 0x000000009e300000|  0%| F|  |TAMS 0x000000009e200000| PB 0x000000009e200000| Untracked 
| 483|0x000000009e300000, 0x000000009e300000, 0x000000009e400000|  0%| F|  |TAMS 0x000000009e300000| PB 0x000000009e300000| Untracked 
| 484|0x000000009e400000, 0x000000009e400000, 0x000000009e500000|  0%| F|  |TAMS 0x000000009e400000| PB 0x000000009e400000| Untracked 
| 485|0x000000009e500000, 0x000000009e500000, 0x000000009e600000|  0%| F|  |TAMS 0x000000009e500000| PB 0x000000009e500000| Untracked 
| 486|0x000000009e600000, 0x000000009e600000, 0x000000009e700000|  0%| F|  |TAMS 0x000000009e600000| PB 0x000000009e600000| Untracked 
| 487|0x000000009e700000, 0x000000009e700000, 0x000000009e800000|  0%| F|  |TAMS 0x000000009e700000| PB 0x000000009e700000| Untracked 
| 488|0x000000009e800000, 0x000000009e800000, 0x000000009e900000|  0%| F|  |TAMS 0x000000009e800000| PB 0x000000009e800000| Untracked 
| 489|0x000000009e900000, 0x000000009e900000, 0x000000009ea00000|  0%| F|  |TAMS 0x000000009e900000| PB 0x000000009e900000| Untracked 
| 490|0x000000009ea00000, 0x000000009ea00000, 0x000000009eb00000|  0%| F|  |TAMS 0x000000009ea00000| PB 0x000000009ea00000| Untracked 
| 491|0x000000009eb00000, 0x000000009eb00000, 0x000000009ec00000|  0%| F|  |TAMS 0x000000009eb00000| PB 0x000000009eb00000| Untracked 
| 492|0x000000009ec00000, 0x000000009ec00000, 0x000000009ed00000|  0%| F|  |TAMS 0x000000009ec00000| PB 0x000000009ec00000| Untracked 
| 493|0x000000009ed00000, 0x000000009ed00000, 0x000000009ee00000|  0%| F|  |TAMS 0x000000009ed00000| PB 0x000000009ed00000| Untracked 
| 494|0x000000009ee00000, 0x000000009ee00000, 0x000000009ef00000|  0%| F|  |TAMS 0x000000009ee00000| PB 0x000000009ee00000| Untracked 
| 495|0x000000009ef00000, 0x000000009ef00000, 0x000000009f000000|  0%| F|  |TAMS 0x000000009ef00000| PB 0x000000009ef00000| Untracked 
| 496|0x000000009f000000, 0x000000009f000000, 0x000000009f100000|  0%| F|  |TAMS 0x000000009f000000| PB 0x000000009f000000| Untracked 
| 497|0x000000009f100000, 0x000000009f100000, 0x000000009f200000|  0%| F|  |TAMS 0x000000009f100000| PB 0x000000009f100000| Untracked 
| 498|0x000000009f200000, 0x000000009f200000, 0x000000009f300000|  0%| F|  |TAMS 0x000000009f200000| PB 0x000000009f200000| Untracked 
| 499|0x000000009f300000, 0x000000009f300000, 0x000000009f400000|  0%| F|  |TAMS 0x000000009f300000| PB 0x000000009f300000| Untracked 
| 500|0x000000009f400000, 0x000000009f400000, 0x000000009f500000|  0%| F|  |TAMS 0x000000009f400000| PB 0x000000009f400000| Untracked 
| 501|0x000000009f500000, 0x000000009f500000, 0x000000009f600000|  0%| F|  |TAMS 0x000000009f500000| PB 0x000000009f500000| Untracked 
| 502|0x000000009f600000, 0x000000009f600000, 0x000000009f700000|  0%| F|  |TAMS 0x000000009f600000| PB 0x000000009f600000| Untracked 
| 503|0x000000009f700000, 0x000000009f700000, 0x000000009f800000|  0%| F|  |TAMS 0x000000009f700000| PB 0x000000009f700000| Untracked 
| 504|0x000000009f800000, 0x000000009f800000, 0x000000009f900000|  0%| F|  |TAMS 0x000000009f800000| PB 0x000000009f800000| Untracked 
| 505|0x000000009f900000, 0x000000009f900000, 0x000000009fa00000|  0%| F|  |TAMS 0x000000009f900000| PB 0x000000009f900000| Untracked 
| 506|0x000000009fa00000, 0x000000009fa00000, 0x000000009fb00000|  0%| F|  |TAMS 0x000000009fa00000| PB 0x000000009fa00000| Untracked 
| 507|0x000000009fb00000, 0x000000009fb00000, 0x000000009fc00000|  0%| F|  |TAMS 0x000000009fb00000| PB 0x000000009fb00000| Untracked 
| 508|0x000000009fc00000, 0x000000009fc00000, 0x000000009fd00000|  0%| F|  |TAMS 0x000000009fc00000| PB 0x000000009fc00000| Untracked 
| 509|0x000000009fd00000, 0x000000009fd00000, 0x000000009fe00000|  0%| F|  |TAMS 0x000000009fd00000| PB 0x000000009fd00000| Untracked 
| 510|0x000000009fe00000, 0x000000009fe00000, 0x000000009ff00000|  0%| F|  |TAMS 0x000000009fe00000| PB 0x000000009fe00000| Untracked 
| 511|0x000000009ff00000, 0x000000009ff00000, 0x00000000a0000000|  0%| F|  |TAMS 0x000000009ff00000| PB 0x000000009ff00000| Untracked 
| 512|0x00000000a0000000, 0x00000000a0000000, 0x00000000a0100000|  0%| F|  |TAMS 0x00000000a0000000| PB 0x00000000a0000000| Untracked 
| 513|0x00000000a0100000, 0x00000000a0100000, 0x00000000a0200000|  0%| F|  |TAMS 0x00000000a0100000| PB 0x00000000a0100000| Untracked 
| 514|0x00000000a0200000, 0x00000000a0200000, 0x00000000a0300000|  0%| F|  |TAMS 0x00000000a0200000| PB 0x00000000a0200000| Untracked 
| 515|0x00000000a0300000, 0x00000000a0300000, 0x00000000a0400000|  0%| F|  |TAMS 0x00000000a0300000| PB 0x00000000a0300000| Untracked 
| 516|0x00000000a0400000, 0x00000000a0400000, 0x00000000a0500000|  0%| F|  |TAMS 0x00000000a0400000| PB 0x00000000a0400000| Untracked 
| 517|0x00000000a0500000, 0x00000000a0500000, 0x00000000a0600000|  0%| F|  |TAMS 0x00000000a0500000| PB 0x00000000a0500000| Untracked 
| 518|0x00000000a0600000, 0x00000000a0600000, 0x00000000a0700000|  0%| F|  |TAMS 0x00000000a0600000| PB 0x00000000a0600000| Untracked 
| 519|0x00000000a0700000, 0x00000000a0700000, 0x00000000a0800000|  0%| F|  |TAMS 0x00000000a0700000| PB 0x00000000a0700000| Untracked 
| 520|0x00000000a0800000, 0x00000000a0800000, 0x00000000a0900000|  0%| F|  |TAMS 0x00000000a0800000| PB 0x00000000a0800000| Untracked 
| 521|0x00000000a0900000, 0x00000000a0900000, 0x00000000a0a00000|  0%| F|  |TAMS 0x00000000a0900000| PB 0x00000000a0900000| Untracked 
| 522|0x00000000a0a00000, 0x00000000a0a00000, 0x00000000a0b00000|  0%| F|  |TAMS 0x00000000a0a00000| PB 0x00000000a0a00000| Untracked 
| 523|0x00000000a0b00000, 0x00000000a0b00000, 0x00000000a0c00000|  0%| F|  |TAMS 0x00000000a0b00000| PB 0x00000000a0b00000| Untracked 
| 524|0x00000000a0c00000, 0x00000000a0c00000, 0x00000000a0d00000|  0%| F|  |TAMS 0x00000000a0c00000| PB 0x00000000a0c00000| Untracked 
| 525|0x00000000a0d00000, 0x00000000a0d00000, 0x00000000a0e00000|  0%| F|  |TAMS 0x00000000a0d00000| PB 0x00000000a0d00000| Untracked 
| 526|0x00000000a0e00000, 0x00000000a0e00000, 0x00000000a0f00000|  0%| F|  |TAMS 0x00000000a0e00000| PB 0x00000000a0e00000| Untracked 
| 527|0x00000000a0f00000, 0x00000000a0f00000, 0x00000000a1000000|  0%| F|  |TAMS 0x00000000a0f00000| PB 0x00000000a0f00000| Untracked 
| 528|0x00000000a1000000, 0x00000000a1000000, 0x00000000a1100000|  0%| F|  |TAMS 0x00000000a1000000| PB 0x00000000a1000000| Untracked 
| 529|0x00000000a1100000, 0x00000000a1100000, 0x00000000a1200000|  0%| F|  |TAMS 0x00000000a1100000| PB 0x00000000a1100000| Untracked 
| 530|0x00000000a1200000, 0x00000000a1200000, 0x00000000a1300000|  0%| F|  |TAMS 0x00000000a1200000| PB 0x00000000a1200000| Untracked 
| 531|0x00000000a1300000, 0x00000000a1300000, 0x00000000a1400000|  0%| F|  |TAMS 0x00000000a1300000| PB 0x00000000a1300000| Untracked 
| 532|0x00000000a1400000, 0x00000000a1400000, 0x00000000a1500000|  0%| F|  |TAMS 0x00000000a1400000| PB 0x00000000a1400000| Untracked 
| 533|0x00000000a1500000, 0x00000000a1500000, 0x00000000a1600000|  0%| F|  |TAMS 0x00000000a1500000| PB 0x00000000a1500000| Untracked 
| 534|0x00000000a1600000, 0x00000000a1600000, 0x00000000a1700000|  0%| F|  |TAMS 0x00000000a1600000| PB 0x00000000a1600000| Untracked 
| 535|0x00000000a1700000, 0x00000000a1700000, 0x00000000a1800000|  0%| F|  |TAMS 0x00000000a1700000| PB 0x00000000a1700000| Untracked 
| 536|0x00000000a1800000, 0x00000000a1800000, 0x00000000a1900000|  0%| F|  |TAMS 0x00000000a1800000| PB 0x00000000a1800000| Untracked 
| 537|0x00000000a1900000, 0x00000000a1900000, 0x00000000a1a00000|  0%| F|  |TAMS 0x00000000a1900000| PB 0x00000000a1900000| Untracked 
| 538|0x00000000a1a00000, 0x00000000a1a00000, 0x00000000a1b00000|  0%| F|  |TAMS 0x00000000a1a00000| PB 0x00000000a1a00000| Untracked 
| 539|0x00000000a1b00000, 0x00000000a1b00000, 0x00000000a1c00000|  0%| F|  |TAMS 0x00000000a1b00000| PB 0x00000000a1b00000| Untracked 
| 540|0x00000000a1c00000, 0x00000000a1c00000, 0x00000000a1d00000|  0%| F|  |TAMS 0x00000000a1c00000| PB 0x00000000a1c00000| Untracked 
| 541|0x00000000a1d00000, 0x00000000a1d00000, 0x00000000a1e00000|  0%| F|  |TAMS 0x00000000a1d00000| PB 0x00000000a1d00000| Untracked 
| 542|0x00000000a1e00000, 0x00000000a1e00000, 0x00000000a1f00000|  0%| F|  |TAMS 0x00000000a1e00000| PB 0x00000000a1e00000| Untracked 
| 543|0x00000000a1f00000, 0x00000000a1f00000, 0x00000000a2000000|  0%| F|  |TAMS 0x00000000a1f00000| PB 0x00000000a1f00000| Untracked 
| 544|0x00000000a2000000, 0x00000000a2000000, 0x00000000a2100000|  0%| F|  |TAMS 0x00000000a2000000| PB 0x00000000a2000000| Untracked 
| 545|0x00000000a2100000, 0x00000000a2100000, 0x00000000a2200000|  0%| F|  |TAMS 0x00000000a2100000| PB 0x00000000a2100000| Untracked 
| 546|0x00000000a2200000, 0x00000000a2200000, 0x00000000a2300000|  0%| F|  |TAMS 0x00000000a2200000| PB 0x00000000a2200000| Untracked 
| 547|0x00000000a2300000, 0x00000000a2300000, 0x00000000a2400000|  0%| F|  |TAMS 0x00000000a2300000| PB 0x00000000a2300000| Untracked 
| 548|0x00000000a2400000, 0x00000000a2400000, 0x00000000a2500000|  0%| F|  |TAMS 0x00000000a2400000| PB 0x00000000a2400000| Untracked 
| 549|0x00000000a2500000, 0x00000000a2500000, 0x00000000a2600000|  0%| F|  |TAMS 0x00000000a2500000| PB 0x00000000a2500000| Untracked 
| 550|0x00000000a2600000, 0x00000000a2600000, 0x00000000a2700000|  0%| F|  |TAMS 0x00000000a2600000| PB 0x00000000a2600000| Untracked 
| 551|0x00000000a2700000, 0x00000000a2700000, 0x00000000a2800000|  0%| F|  |TAMS 0x00000000a2700000| PB 0x00000000a2700000| Untracked 
| 552|0x00000000a2800000, 0x00000000a2800000, 0x00000000a2900000|  0%| F|  |TAMS 0x00000000a2800000| PB 0x00000000a2800000| Untracked 
| 553|0x00000000a2900000, 0x00000000a2900000, 0x00000000a2a00000|  0%| F|  |TAMS 0x00000000a2900000| PB 0x00000000a2900000| Untracked 
| 554|0x00000000a2a00000, 0x00000000a2a00000, 0x00000000a2b00000|  0%| F|  |TAMS 0x00000000a2a00000| PB 0x00000000a2a00000| Untracked 
| 555|0x00000000a2b00000, 0x00000000a2b00000, 0x00000000a2c00000|  0%| F|  |TAMS 0x00000000a2b00000| PB 0x00000000a2b00000| Untracked 
| 556|0x00000000a2c00000, 0x00000000a2c00000, 0x00000000a2d00000|  0%| F|  |TAMS 0x00000000a2c00000| PB 0x00000000a2c00000| Untracked 
| 557|0x00000000a2d00000, 0x00000000a2d00000, 0x00000000a2e00000|  0%| F|  |TAMS 0x00000000a2d00000| PB 0x00000000a2d00000| Untracked 
| 558|0x00000000a2e00000, 0x00000000a2e00000, 0x00000000a2f00000|  0%| F|  |TAMS 0x00000000a2e00000| PB 0x00000000a2e00000| Untracked 
| 559|0x00000000a2f00000, 0x00000000a2f00000, 0x00000000a3000000|  0%| F|  |TAMS 0x00000000a2f00000| PB 0x00000000a2f00000| Untracked 
| 560|0x00000000a3000000, 0x00000000a3000000, 0x00000000a3100000|  0%| F|  |TAMS 0x00000000a3000000| PB 0x00000000a3000000| Untracked 
| 561|0x00000000a3100000, 0x00000000a3100000, 0x00000000a3200000|  0%| F|  |TAMS 0x00000000a3100000| PB 0x00000000a3100000| Untracked 
| 562|0x00000000a3200000, 0x00000000a3200000, 0x00000000a3300000|  0%| F|  |TAMS 0x00000000a3200000| PB 0x00000000a3200000| Untracked 
| 563|0x00000000a3300000, 0x00000000a3300000, 0x00000000a3400000|  0%| F|  |TAMS 0x00000000a3300000| PB 0x00000000a3300000| Untracked 
| 564|0x00000000a3400000, 0x00000000a3400000, 0x00000000a3500000|  0%| F|  |TAMS 0x00000000a3400000| PB 0x00000000a3400000| Untracked 
| 565|0x00000000a3500000, 0x00000000a3500000, 0x00000000a3600000|  0%| F|  |TAMS 0x00000000a3500000| PB 0x00000000a3500000| Untracked 
| 566|0x00000000a3600000, 0x00000000a3600000, 0x00000000a3700000|  0%| F|  |TAMS 0x00000000a3600000| PB 0x00000000a3600000| Untracked 
| 567|0x00000000a3700000, 0x00000000a3700000, 0x00000000a3800000|  0%| F|  |TAMS 0x00000000a3700000| PB 0x00000000a3700000| Untracked 
| 568|0x00000000a3800000, 0x00000000a3800000, 0x00000000a3900000|  0%| F|  |TAMS 0x00000000a3800000| PB 0x00000000a3800000| Untracked 
| 569|0x00000000a3900000, 0x00000000a3900000, 0x00000000a3a00000|  0%| F|  |TAMS 0x00000000a3900000| PB 0x00000000a3900000| Untracked 
| 570|0x00000000a3a00000, 0x00000000a3a00000, 0x00000000a3b00000|  0%| F|  |TAMS 0x00000000a3a00000| PB 0x00000000a3a00000| Untracked 
| 571|0x00000000a3b00000, 0x00000000a3b00000, 0x00000000a3c00000|  0%| F|  |TAMS 0x00000000a3b00000| PB 0x00000000a3b00000| Untracked 
| 572|0x00000000a3c00000, 0x00000000a3c00000, 0x00000000a3d00000|  0%| F|  |TAMS 0x00000000a3c00000| PB 0x00000000a3c00000| Untracked 
| 573|0x00000000a3d00000, 0x00000000a3d00000, 0x00000000a3e00000|  0%| F|  |TAMS 0x00000000a3d00000| PB 0x00000000a3d00000| Untracked 
| 574|0x00000000a3e00000, 0x00000000a3e00000, 0x00000000a3f00000|  0%| F|  |TAMS 0x00000000a3e00000| PB 0x00000000a3e00000| Untracked 
| 575|0x00000000a3f00000, 0x00000000a3f00000, 0x00000000a4000000|  0%| F|  |TAMS 0x00000000a3f00000| PB 0x00000000a3f00000| Untracked 
| 576|0x00000000a4000000, 0x00000000a4000000, 0x00000000a4100000|  0%| F|  |TAMS 0x00000000a4000000| PB 0x00000000a4000000| Untracked 
| 577|0x00000000a4100000, 0x00000000a4100000, 0x00000000a4200000|  0%| F|  |TAMS 0x00000000a4100000| PB 0x00000000a4100000| Untracked 
| 578|0x00000000a4200000, 0x00000000a4200000, 0x00000000a4300000|  0%| F|  |TAMS 0x00000000a4200000| PB 0x00000000a4200000| Untracked 
| 579|0x00000000a4300000, 0x00000000a4300000, 0x00000000a4400000|  0%| F|  |TAMS 0x00000000a4300000| PB 0x00000000a4300000| Untracked 
| 580|0x00000000a4400000, 0x00000000a4400000, 0x00000000a4500000|  0%| F|  |TAMS 0x00000000a4400000| PB 0x00000000a4400000| Untracked 
| 581|0x00000000a4500000, 0x00000000a4500000, 0x00000000a4600000|  0%| F|  |TAMS 0x00000000a4500000| PB 0x00000000a4500000| Untracked 
| 582|0x00000000a4600000, 0x00000000a4600000, 0x00000000a4700000|  0%| F|  |TAMS 0x00000000a4600000| PB 0x00000000a4600000| Untracked 
| 583|0x00000000a4700000, 0x00000000a4700000, 0x00000000a4800000|  0%| F|  |TAMS 0x00000000a4700000| PB 0x00000000a4700000| Untracked 
| 584|0x00000000a4800000, 0x00000000a4800000, 0x00000000a4900000|  0%| F|  |TAMS 0x00000000a4800000| PB 0x00000000a4800000| Untracked 
| 585|0x00000000a4900000, 0x00000000a4900000, 0x00000000a4a00000|  0%| F|  |TAMS 0x00000000a4900000| PB 0x00000000a4900000| Untracked 
| 586|0x00000000a4a00000, 0x00000000a4a00000, 0x00000000a4b00000|  0%| F|  |TAMS 0x00000000a4a00000| PB 0x00000000a4a00000| Untracked 
| 587|0x00000000a4b00000, 0x00000000a4b00000, 0x00000000a4c00000|  0%| F|  |TAMS 0x00000000a4b00000| PB 0x00000000a4b00000| Untracked 
| 588|0x00000000a4c00000, 0x00000000a4c00000, 0x00000000a4d00000|  0%| F|  |TAMS 0x00000000a4c00000| PB 0x00000000a4c00000| Untracked 
| 589|0x00000000a4d00000, 0x00000000a4d00000, 0x00000000a4e00000|  0%| F|  |TAMS 0x00000000a4d00000| PB 0x00000000a4d00000| Untracked 
| 590|0x00000000a4e00000, 0x00000000a4e00000, 0x00000000a4f00000|  0%| F|  |TAMS 0x00000000a4e00000| PB 0x00000000a4e00000| Untracked 
| 591|0x00000000a4f00000, 0x00000000a4f80000, 0x00000000a5000000| 50%| S|CS|TAMS 0x00000000a4f00000| PB 0x00000000a4f00000| Complete 
| 592|0x00000000a5000000, 0x00000000a5100000, 0x00000000a5100000|100%| S|CS|TAMS 0x00000000a5000000| PB 0x00000000a5000000| Complete 
| 593|0x00000000a5100000, 0x00000000a5200000, 0x00000000a5200000|100%| S|CS|TAMS 0x00000000a5100000| PB 0x00000000a5100000| Complete 
| 594|0x00000000a5200000, 0x00000000a5300000, 0x00000000a5300000|100%| S|CS|TAMS 0x00000000a5200000| PB 0x00000000a5200000| Complete 
| 595|0x00000000a5300000, 0x00000000a5400000, 0x00000000a5400000|100%| S|CS|TAMS 0x00000000a5300000| PB 0x00000000a5300000| Complete 
| 596|0x00000000a5400000, 0x00000000a5500000, 0x00000000a5500000|100%| S|CS|TAMS 0x00000000a5400000| PB 0x00000000a5400000| Complete 
| 597|0x00000000a5500000, 0x00000000a5600000, 0x00000000a5600000|100%| S|CS|TAMS 0x00000000a5500000| PB 0x00000000a5500000| Complete 
| 598|0x00000000a5600000, 0x00000000a5700000, 0x00000000a5700000|100%| S|CS|TAMS 0x00000000a5600000| PB 0x00000000a5600000| Complete 
| 599|0x00000000a5700000, 0x00000000a5800000, 0x00000000a5800000|100%| S|CS|TAMS 0x00000000a5700000| PB 0x00000000a5700000| Complete 
| 600|0x00000000a5800000, 0x00000000a5900000, 0x00000000a5900000|100%| S|CS|TAMS 0x00000000a5800000| PB 0x00000000a5800000| Complete 
| 601|0x00000000a5900000, 0x00000000a5a00000, 0x00000000a5a00000|100%| S|CS|TAMS 0x00000000a5900000| PB 0x00000000a5900000| Complete 
| 602|0x00000000a5a00000, 0x00000000a5b00000, 0x00000000a5b00000|100%| S|CS|TAMS 0x00000000a5a00000| PB 0x00000000a5a00000| Complete 
| 603|0x00000000a5b00000, 0x00000000a5c00000, 0x00000000a5c00000|100%| S|CS|TAMS 0x00000000a5b00000| PB 0x00000000a5b00000| Complete 
| 604|0x00000000a5c00000, 0x00000000a5d00000, 0x00000000a5d00000|100%| S|CS|TAMS 0x00000000a5c00000| PB 0x00000000a5c00000| Complete 
| 605|0x00000000a5d00000, 0x00000000a5e00000, 0x00000000a5e00000|100%| S|CS|TAMS 0x00000000a5d00000| PB 0x00000000a5d00000| Complete 
| 606|0x00000000a5e00000, 0x00000000a5f00000, 0x00000000a5f00000|100%| S|CS|TAMS 0x00000000a5e00000| PB 0x00000000a5e00000| Complete 
| 607|0x00000000a5f00000, 0x00000000a6000000, 0x00000000a6000000|100%| S|CS|TAMS 0x00000000a5f00000| PB 0x00000000a5f00000| Complete 
| 608|0x00000000a6000000, 0x00000000a6100000, 0x00000000a6100000|100%| S|CS|TAMS 0x00000000a6000000| PB 0x00000000a6000000| Complete 
| 609|0x00000000a6100000, 0x00000000a6200000, 0x00000000a6200000|100%| S|CS|TAMS 0x00000000a6100000| PB 0x00000000a6100000| Complete 
| 610|0x00000000a6200000, 0x00000000a6300000, 0x00000000a6300000|100%| S|CS|TAMS 0x00000000a6200000| PB 0x00000000a6200000| Complete 
| 611|0x00000000a6300000, 0x00000000a6400000, 0x00000000a6400000|100%| S|CS|TAMS 0x00000000a6300000| PB 0x00000000a6300000| Complete 
| 612|0x00000000a6400000, 0x00000000a6500000, 0x00000000a6500000|100%| S|CS|TAMS 0x00000000a6400000| PB 0x00000000a6400000| Complete 
| 613|0x00000000a6500000, 0x00000000a6600000, 0x00000000a6600000|100%| S|CS|TAMS 0x00000000a6500000| PB 0x00000000a6500000| Complete 
| 614|0x00000000a6600000, 0x00000000a6600000, 0x00000000a6700000|  0%| F|  |TAMS 0x00000000a6600000| PB 0x00000000a6600000| Untracked 
| 615|0x00000000a6700000, 0x00000000a6700000, 0x00000000a6800000|  0%| F|  |TAMS 0x00000000a6700000| PB 0x00000000a6700000| Untracked 
| 616|0x00000000a6800000, 0x00000000a6800000, 0x00000000a6900000|  0%| F|  |TAMS 0x00000000a6800000| PB 0x00000000a6800000| Untracked 
| 617|0x00000000a6900000, 0x00000000a6900000, 0x00000000a6a00000|  0%| F|  |TAMS 0x00000000a6900000| PB 0x00000000a6900000| Untracked 
| 618|0x00000000a6a00000, 0x00000000a6a00000, 0x00000000a6b00000|  0%| F|  |TAMS 0x00000000a6a00000| PB 0x00000000a6a00000| Untracked 
| 619|0x00000000a6b00000, 0x00000000a6b00000, 0x00000000a6c00000|  0%| F|  |TAMS 0x00000000a6b00000| PB 0x00000000a6b00000| Untracked 
| 620|0x00000000a6c00000, 0x00000000a6c00000, 0x00000000a6d00000|  0%| F|  |TAMS 0x00000000a6c00000| PB 0x00000000a6c00000| Untracked 
| 621|0x00000000a6d00000, 0x00000000a6d00000, 0x00000000a6e00000|  0%| F|  |TAMS 0x00000000a6d00000| PB 0x00000000a6d00000| Untracked 
| 622|0x00000000a6e00000, 0x00000000a6e00000, 0x00000000a6f00000|  0%| F|  |TAMS 0x00000000a6e00000| PB 0x00000000a6e00000| Untracked 
| 623|0x00000000a6f00000, 0x00000000a6f00000, 0x00000000a7000000|  0%| F|  |TAMS 0x00000000a6f00000| PB 0x00000000a6f00000| Untracked 
| 624|0x00000000a7000000, 0x00000000a7000000, 0x00000000a7100000|  0%| F|  |TAMS 0x00000000a7000000| PB 0x00000000a7000000| Untracked 
| 625|0x00000000a7100000, 0x00000000a7100000, 0x00000000a7200000|  0%| F|  |TAMS 0x00000000a7100000| PB 0x00000000a7100000| Untracked 
| 626|0x00000000a7200000, 0x00000000a7200000, 0x00000000a7300000|  0%| F|  |TAMS 0x00000000a7200000| PB 0x00000000a7200000| Untracked 
| 627|0x00000000a7300000, 0x00000000a7300000, 0x00000000a7400000|  0%| F|  |TAMS 0x00000000a7300000| PB 0x00000000a7300000| Untracked 
| 628|0x00000000a7400000, 0x00000000a7400000, 0x00000000a7500000|  0%| F|  |TAMS 0x00000000a7400000| PB 0x00000000a7400000| Untracked 
| 629|0x00000000a7500000, 0x00000000a7500000, 0x00000000a7600000|  0%| F|  |TAMS 0x00000000a7500000| PB 0x00000000a7500000| Untracked 
| 630|0x00000000a7600000, 0x00000000a7600000, 0x00000000a7700000|  0%| F|  |TAMS 0x00000000a7600000| PB 0x00000000a7600000| Untracked 
| 631|0x00000000a7700000, 0x00000000a7700000, 0x00000000a7800000|  0%| F|  |TAMS 0x00000000a7700000| PB 0x00000000a7700000| Untracked 
| 632|0x00000000a7800000, 0x00000000a7800000, 0x00000000a7900000|  0%| F|  |TAMS 0x00000000a7800000| PB 0x00000000a7800000| Untracked 
| 633|0x00000000a7900000, 0x00000000a7900000, 0x00000000a7a00000|  0%| F|  |TAMS 0x00000000a7900000| PB 0x00000000a7900000| Untracked 
| 634|0x00000000a7a00000, 0x00000000a7a00000, 0x00000000a7b00000|  0%| F|  |TAMS 0x00000000a7a00000| PB 0x00000000a7a00000| Untracked 
| 635|0x00000000a7b00000, 0x00000000a7b00000, 0x00000000a7c00000|  0%| F|  |TAMS 0x00000000a7b00000| PB 0x00000000a7b00000| Untracked 
| 636|0x00000000a7c00000, 0x00000000a7c00000, 0x00000000a7d00000|  0%| F|  |TAMS 0x00000000a7c00000| PB 0x00000000a7c00000| Untracked 
| 637|0x00000000a7d00000, 0x00000000a7d00000, 0x00000000a7e00000|  0%| F|  |TAMS 0x00000000a7d00000| PB 0x00000000a7d00000| Untracked 
| 638|0x00000000a7e00000, 0x00000000a7e00000, 0x00000000a7f00000|  0%| F|  |TAMS 0x00000000a7e00000| PB 0x00000000a7e00000| Untracked 
| 639|0x00000000a7f00000, 0x00000000a7f00000, 0x00000000a8000000|  0%| F|  |TAMS 0x00000000a7f00000| PB 0x00000000a7f00000| Untracked 
| 640|0x00000000a8000000, 0x00000000a8000000, 0x00000000a8100000|  0%| F|  |TAMS 0x00000000a8000000| PB 0x00000000a8000000| Untracked 
| 641|0x00000000a8100000, 0x00000000a8100000, 0x00000000a8200000|  0%| F|  |TAMS 0x00000000a8100000| PB 0x00000000a8100000| Untracked 
| 642|0x00000000a8200000, 0x00000000a8200000, 0x00000000a8300000|  0%| F|  |TAMS 0x00000000a8200000| PB 0x00000000a8200000| Untracked 
| 643|0x00000000a8300000, 0x00000000a8300000, 0x00000000a8400000|  0%| F|  |TAMS 0x00000000a8300000| PB 0x00000000a8300000| Untracked 
| 644|0x00000000a8400000, 0x00000000a8400000, 0x00000000a8500000|  0%| F|  |TAMS 0x00000000a8400000| PB 0x00000000a8400000| Untracked 
| 645|0x00000000a8500000, 0x00000000a8500000, 0x00000000a8600000|  0%| F|  |TAMS 0x00000000a8500000| PB 0x00000000a8500000| Untracked 
| 646|0x00000000a8600000, 0x00000000a8600000, 0x00000000a8700000|  0%| F|  |TAMS 0x00000000a8600000| PB 0x00000000a8600000| Untracked 
| 647|0x00000000a8700000, 0x00000000a8700000, 0x00000000a8800000|  0%| F|  |TAMS 0x00000000a8700000| PB 0x00000000a8700000| Untracked 
| 648|0x00000000a8800000, 0x00000000a8800000, 0x00000000a8900000|  0%| F|  |TAMS 0x00000000a8800000| PB 0x00000000a8800000| Untracked 
| 649|0x00000000a8900000, 0x00000000a8900000, 0x00000000a8a00000|  0%| F|  |TAMS 0x00000000a8900000| PB 0x00000000a8900000| Untracked 
| 650|0x00000000a8a00000, 0x00000000a8a00000, 0x00000000a8b00000|  0%| F|  |TAMS 0x00000000a8a00000| PB 0x00000000a8a00000| Untracked 
| 651|0x00000000a8b00000, 0x00000000a8b00000, 0x00000000a8c00000|  0%| F|  |TAMS 0x00000000a8b00000| PB 0x00000000a8b00000| Untracked 
| 652|0x00000000a8c00000, 0x00000000a8c00000, 0x00000000a8d00000|  0%| F|  |TAMS 0x00000000a8c00000| PB 0x00000000a8c00000| Untracked 
| 653|0x00000000a8d00000, 0x00000000a8d00000, 0x00000000a8e00000|  0%| F|  |TAMS 0x00000000a8d00000| PB 0x00000000a8d00000| Untracked 
| 654|0x00000000a8e00000, 0x00000000a8e00000, 0x00000000a8f00000|  0%| F|  |TAMS 0x00000000a8e00000| PB 0x00000000a8e00000| Untracked 
| 655|0x00000000a8f00000, 0x00000000a8f00000, 0x00000000a9000000|  0%| F|  |TAMS 0x00000000a8f00000| PB 0x00000000a8f00000| Untracked 
| 656|0x00000000a9000000, 0x00000000a9000000, 0x00000000a9100000|  0%| F|  |TAMS 0x00000000a9000000| PB 0x00000000a9000000| Untracked 
| 657|0x00000000a9100000, 0x00000000a9100000, 0x00000000a9200000|  0%| F|  |TAMS 0x00000000a9100000| PB 0x00000000a9100000| Untracked 
| 658|0x00000000a9200000, 0x00000000a9200000, 0x00000000a9300000|  0%| F|  |TAMS 0x00000000a9200000| PB 0x00000000a9200000| Untracked 
| 659|0x00000000a9300000, 0x00000000a9300000, 0x00000000a9400000|  0%| F|  |TAMS 0x00000000a9300000| PB 0x00000000a9300000| Untracked 
| 660|0x00000000a9400000, 0x00000000a9400000, 0x00000000a9500000|  0%| F|  |TAMS 0x00000000a9400000| PB 0x00000000a9400000| Untracked 
| 661|0x00000000a9500000, 0x00000000a9500000, 0x00000000a9600000|  0%| F|  |TAMS 0x00000000a9500000| PB 0x00000000a9500000| Untracked 
| 662|0x00000000a9600000, 0x00000000a9600000, 0x00000000a9700000|  0%| F|  |TAMS 0x00000000a9600000| PB 0x00000000a9600000| Untracked 
| 663|0x00000000a9700000, 0x00000000a9700000, 0x00000000a9800000|  0%| F|  |TAMS 0x00000000a9700000| PB 0x00000000a9700000| Untracked 
| 664|0x00000000a9800000, 0x00000000a9800000, 0x00000000a9900000|  0%| F|  |TAMS 0x00000000a9800000| PB 0x00000000a9800000| Untracked 
| 665|0x00000000a9900000, 0x00000000a9900000, 0x00000000a9a00000|  0%| F|  |TAMS 0x00000000a9900000| PB 0x00000000a9900000| Untracked 
| 666|0x00000000a9a00000, 0x00000000a9a00000, 0x00000000a9b00000|  0%| F|  |TAMS 0x00000000a9a00000| PB 0x00000000a9a00000| Untracked 
| 667|0x00000000a9b00000, 0x00000000a9b00000, 0x00000000a9c00000|  0%| F|  |TAMS 0x00000000a9b00000| PB 0x00000000a9b00000| Untracked 
| 668|0x00000000a9c00000, 0x00000000a9c00000, 0x00000000a9d00000|  0%| F|  |TAMS 0x00000000a9c00000| PB 0x00000000a9c00000| Untracked 
| 669|0x00000000a9d00000, 0x00000000a9d00000, 0x00000000a9e00000|  0%| F|  |TAMS 0x00000000a9d00000| PB 0x00000000a9d00000| Untracked 
| 670|0x00000000a9e00000, 0x00000000a9e00000, 0x00000000a9f00000|  0%| F|  |TAMS 0x00000000a9e00000| PB 0x00000000a9e00000| Untracked 
| 671|0x00000000a9f00000, 0x00000000a9f00000, 0x00000000aa000000|  0%| F|  |TAMS 0x00000000a9f00000| PB 0x00000000a9f00000| Untracked 
| 672|0x00000000aa000000, 0x00000000aa000000, 0x00000000aa100000|  0%| F|  |TAMS 0x00000000aa000000| PB 0x00000000aa000000| Untracked 
| 673|0x00000000aa100000, 0x00000000aa100000, 0x00000000aa200000|  0%| F|  |TAMS 0x00000000aa100000| PB 0x00000000aa100000| Untracked 
| 674|0x00000000aa200000, 0x00000000aa200000, 0x00000000aa300000|  0%| F|  |TAMS 0x00000000aa200000| PB 0x00000000aa200000| Untracked 
| 675|0x00000000aa300000, 0x00000000aa300000, 0x00000000aa400000|  0%| F|  |TAMS 0x00000000aa300000| PB 0x00000000aa300000| Untracked 
| 676|0x00000000aa400000, 0x00000000aa400000, 0x00000000aa500000|  0%| F|  |TAMS 0x00000000aa400000| PB 0x00000000aa400000| Untracked 
| 677|0x00000000aa500000, 0x00000000aa500000, 0x00000000aa600000|  0%| F|  |TAMS 0x00000000aa500000| PB 0x00000000aa500000| Untracked 
| 678|0x00000000aa600000, 0x00000000aa600000, 0x00000000aa700000|  0%| F|  |TAMS 0x00000000aa600000| PB 0x00000000aa600000| Untracked 
| 679|0x00000000aa700000, 0x00000000aa700000, 0x00000000aa800000|  0%| F|  |TAMS 0x00000000aa700000| PB 0x00000000aa700000| Untracked 
| 680|0x00000000aa800000, 0x00000000aa800000, 0x00000000aa900000|  0%| F|  |TAMS 0x00000000aa800000| PB 0x00000000aa800000| Untracked 
| 681|0x00000000aa900000, 0x00000000aa900000, 0x00000000aaa00000|  0%| F|  |TAMS 0x00000000aa900000| PB 0x00000000aa900000| Untracked 
| 682|0x00000000aaa00000, 0x00000000aaa00000, 0x00000000aab00000|  0%| F|  |TAMS 0x00000000aaa00000| PB 0x00000000aaa00000| Untracked 
| 683|0x00000000aab00000, 0x00000000aab00000, 0x00000000aac00000|  0%| F|  |TAMS 0x00000000aab00000| PB 0x00000000aab00000| Untracked 
| 684|0x00000000aac00000, 0x00000000aac00000, 0x00000000aad00000|  0%| F|  |TAMS 0x00000000aac00000| PB 0x00000000aac00000| Untracked 
| 685|0x00000000aad00000, 0x00000000aad00000, 0x00000000aae00000|  0%| F|  |TAMS 0x00000000aad00000| PB 0x00000000aad00000| Untracked 
| 686|0x00000000aae00000, 0x00000000aae00000, 0x00000000aaf00000|  0%| F|  |TAMS 0x00000000aae00000| PB 0x00000000aae00000| Untracked 
| 687|0x00000000aaf00000, 0x00000000aaf00000, 0x00000000ab000000|  0%| F|  |TAMS 0x00000000aaf00000| PB 0x00000000aaf00000| Untracked 
| 688|0x00000000ab000000, 0x00000000ab000000, 0x00000000ab100000|  0%| F|  |TAMS 0x00000000ab000000| PB 0x00000000ab000000| Untracked 
|1958|0x00000000fa600000, 0x00000000fa600000, 0x00000000fa700000|  0%| F|  |TAMS 0x00000000fa600000| PB 0x00000000fa600000| Untracked 
|1959|0x00000000fa700000, 0x00000000fa800000, 0x00000000fa800000|100%| O|Cm|TAMS 0x00000000fa700000| PB 0x00000000fa700000| Complete 
|1960|0x00000000fa800000, 0x00000000fa900000, 0x00000000fa900000|100%| O|  |TAMS 0x00000000fa800000| PB 0x00000000fa800000| Untracked 
|1961|0x00000000fa900000, 0x00000000faa00000, 0x00000000faa00000|100%| O|Cm|TAMS 0x00000000fa900000| PB 0x00000000fa900000| Complete 
|1962|0x00000000faa00000, 0x00000000faa00000, 0x00000000fab00000|  0%| F|  |TAMS 0x00000000faa00000| PB 0x00000000faa00000| Untracked 
|1963|0x00000000fab00000, 0x00000000fac00000, 0x00000000fac00000|100%| O|Cm|TAMS 0x00000000fab00000| PB 0x00000000fab00000| Complete 
|1964|0x00000000fac00000, 0x00000000fac00000, 0x00000000fad00000|  0%| F|  |TAMS 0x00000000fac00000| PB 0x00000000fac00000| Untracked 
|1965|0x00000000fad00000, 0x00000000fad00000, 0x00000000fae00000|  0%| F|  |TAMS 0x00000000fad00000| PB 0x00000000fad00000| Untracked 
|1966|0x00000000fae00000, 0x00000000faf00000, 0x00000000faf00000|100%| O|Cm|TAMS 0x00000000fae00000| PB 0x00000000fae00000| Complete 
|1967|0x00000000faf00000, 0x00000000faf00000, 0x00000000fb000000|  0%| F|  |TAMS 0x00000000faf00000| PB 0x00000000faf00000| Untracked 
|1968|0x00000000fb000000, 0x00000000fb000000, 0x00000000fb100000|  0%| F|  |TAMS 0x00000000fb000000| PB 0x00000000fb000000| Untracked 
|1969|0x00000000fb100000, 0x00000000fb200000, 0x00000000fb200000|100%| O|Cm|TAMS 0x00000000fb100000| PB 0x00000000fb100000| Complete 
|1970|0x00000000fb200000, 0x00000000fb200000, 0x00000000fb300000|  0%| F|  |TAMS 0x00000000fb200000| PB 0x00000000fb200000| Untracked 
|1971|0x00000000fb300000, 0x00000000fb400000, 0x00000000fb400000|100%| O|Cm|TAMS 0x00000000fb300000| PB 0x00000000fb300000| Complete 
|1972|0x00000000fb400000, 0x00000000fb400000, 0x00000000fb500000|  0%| F|  |TAMS 0x00000000fb400000| PB 0x00000000fb400000| Untracked 
|1973|0x00000000fb500000, 0x00000000fb500000, 0x00000000fb600000|  0%| F|  |TAMS 0x00000000fb500000| PB 0x00000000fb500000| Untracked 
|1974|0x00000000fb600000, 0x00000000fb600000, 0x00000000fb700000|  0%| F|  |TAMS 0x00000000fb600000| PB 0x00000000fb600000| Untracked 
|1975|0x00000000fb700000, 0x00000000fb700000, 0x00000000fb800000|  0%| F|  |TAMS 0x00000000fb700000| PB 0x00000000fb700000| Untracked 
|1976|0x00000000fb800000, 0x00000000fb800000, 0x00000000fb900000|  0%| F|  |TAMS 0x00000000fb800000| PB 0x00000000fb800000| Untracked 
|1977|0x00000000fb900000, 0x00000000fb900000, 0x00000000fba00000|  0%| F|  |TAMS 0x00000000fb900000| PB 0x00000000fb900000| Untracked 
|1978|0x00000000fba00000, 0x00000000fba00000, 0x00000000fbb00000|  0%| F|  |TAMS 0x00000000fba00000| PB 0x00000000fba00000| Untracked 
|1979|0x00000000fbb00000, 0x00000000fbb00000, 0x00000000fbc00000|  0%| F|  |TAMS 0x00000000fbb00000| PB 0x00000000fbb00000| Untracked 
|1980|0x00000000fbc00000, 0x00000000fbc00000, 0x00000000fbd00000|  0%| F|  |TAMS 0x00000000fbc00000| PB 0x00000000fbc00000| Untracked 
|1981|0x00000000fbd00000, 0x00000000fbd00000, 0x00000000fbe00000|  0%| F|  |TAMS 0x00000000fbd00000| PB 0x00000000fbd00000| Untracked 
|1982|0x00000000fbe00000, 0x00000000fbe00000, 0x00000000fbf00000|  0%| F|  |TAMS 0x00000000fbe00000| PB 0x00000000fbe00000| Untracked 
|1983|0x00000000fbf00000, 0x00000000fbf00000, 0x00000000fc000000|  0%| F|  |TAMS 0x00000000fbf00000| PB 0x00000000fbf00000| Untracked 
|1984|0x00000000fc000000, 0x00000000fc000000, 0x00000000fc100000|  0%| F|  |TAMS 0x00000000fc000000| PB 0x00000000fc000000| Untracked 
|1985|0x00000000fc100000, 0x00000000fc100000, 0x00000000fc200000|  0%| F|  |TAMS 0x00000000fc100000| PB 0x00000000fc100000| Untracked 
|1986|0x00000000fc200000, 0x00000000fc200000, 0x00000000fc300000|  0%| F|  |TAMS 0x00000000fc200000| PB 0x00000000fc200000| Untracked 
|1987|0x00000000fc300000, 0x00000000fc300000, 0x00000000fc400000|  0%| F|  |TAMS 0x00000000fc300000| PB 0x00000000fc300000| Untracked 
|1988|0x00000000fc400000, 0x00000000fc400000, 0x00000000fc500000|  0%| F|  |TAMS 0x00000000fc400000| PB 0x00000000fc400000| Untracked 
|1989|0x00000000fc500000, 0x00000000fc500000, 0x00000000fc600000|  0%| F|  |TAMS 0x00000000fc500000| PB 0x00000000fc500000| Untracked 
|1990|0x00000000fc600000, 0x00000000fc600000, 0x00000000fc700000|  0%| F|  |TAMS 0x00000000fc600000| PB 0x00000000fc600000| Untracked 
|1991|0x00000000fc700000, 0x00000000fc71fae0, 0x00000000fc800000| 12%| E|  |TAMS 0x00000000fc700000| PB 0x00000000fc700000| Complete 
|1992|0x00000000fc800000, 0x00000000fc900000, 0x00000000fc900000|100%| E|CS|TAMS 0x00000000fc800000| PB 0x00000000fc800000| Complete 
|1993|0x00000000fc900000, 0x00000000fca00000, 0x00000000fca00000|100%| E|CS|TAMS 0x00000000fc900000| PB 0x00000000fc900000| Complete 
|1994|0x00000000fca00000, 0x00000000fcb00000, 0x00000000fcb00000|100%| E|CS|TAMS 0x00000000fca00000| PB 0x00000000fca00000| Complete 
|1995|0x00000000fcb00000, 0x00000000fcc00000, 0x00000000fcc00000|100%| E|  |TAMS 0x00000000fcb00000| PB 0x00000000fcb00000| Complete 
|1996|0x00000000fcc00000, 0x00000000fcd00000, 0x00000000fcd00000|100%| E|CS|TAMS 0x00000000fcc00000| PB 0x00000000fcc00000| Complete 
|1997|0x00000000fcd00000, 0x00000000fce00000, 0x00000000fce00000|100%| E|CS|TAMS 0x00000000fcd00000| PB 0x00000000fcd00000| Complete 
|1998|0x00000000fce00000, 0x00000000fcf00000, 0x00000000fcf00000|100%| E|CS|TAMS 0x00000000fce00000| PB 0x00000000fce00000| Complete 
|1999|0x00000000fcf00000, 0x00000000fd000000, 0x00000000fd000000|100%| E|CS|TAMS 0x00000000fcf00000| PB 0x00000000fcf00000| Complete 
|2000|0x00000000fd000000, 0x00000000fd100000, 0x00000000fd100000|100%| E|CS|TAMS 0x00000000fd000000| PB 0x00000000fd000000| Complete 
|2001|0x00000000fd100000, 0x00000000fd200000, 0x00000000fd200000|100%| E|CS|TAMS 0x00000000fd100000| PB 0x00000000fd100000| Complete 
|2002|0x00000000fd200000, 0x00000000fd300000, 0x00000000fd300000|100%| E|CS|TAMS 0x00000000fd200000| PB 0x00000000fd200000| Complete 
|2003|0x00000000fd300000, 0x00000000fd400000, 0x00000000fd400000|100%| E|CS|TAMS 0x00000000fd300000| PB 0x00000000fd300000| Complete 
|2004|0x00000000fd400000, 0x00000000fd500000, 0x00000000fd500000|100%| E|CS|TAMS 0x00000000fd400000| PB 0x00000000fd400000| Complete 
|2005|0x00000000fd500000, 0x00000000fd600000, 0x00000000fd600000|100%| E|CS|TAMS 0x00000000fd500000| PB 0x00000000fd500000| Complete 
|2006|0x00000000fd600000, 0x00000000fd700000, 0x00000000fd700000|100%| E|CS|TAMS 0x00000000fd600000| PB 0x00000000fd600000| Complete 
|2007|0x00000000fd700000, 0x00000000fd800000, 0x00000000fd800000|100%| E|CS|TAMS 0x00000000fd700000| PB 0x00000000fd700000| Complete 
|2008|0x00000000fd800000, 0x00000000fd900000, 0x00000000fd900000|100%| E|CS|TAMS 0x00000000fd800000| PB 0x00000000fd800000| Complete 
|2009|0x00000000fd900000, 0x00000000fda00000, 0x00000000fda00000|100%| E|CS|TAMS 0x00000000fd900000| PB 0x00000000fd900000| Complete 
|2010|0x00000000fda00000, 0x00000000fdb00000, 0x00000000fdb00000|100%| E|CS|TAMS 0x00000000fda00000| PB 0x00000000fda00000| Complete 
|2011|0x00000000fdb00000, 0x00000000fdc00000, 0x00000000fdc00000|100%| E|CS|TAMS 0x00000000fdb00000| PB 0x00000000fdb00000| Complete 
|2012|0x00000000fdc00000, 0x00000000fdd00000, 0x00000000fdd00000|100%| E|CS|TAMS 0x00000000fdc00000| PB 0x00000000fdc00000| Complete 
|2013|0x00000000fdd00000, 0x00000000fde00000, 0x00000000fde00000|100%| E|CS|TAMS 0x00000000fdd00000| PB 0x00000000fdd00000| Complete 
|2014|0x00000000fde00000, 0x00000000fdf00000, 0x00000000fdf00000|100%| E|CS|TAMS 0x00000000fde00000| PB 0x00000000fde00000| Complete 
|2015|0x00000000fdf00000, 0x00000000fe000000, 0x00000000fe000000|100%| E|CS|TAMS 0x00000000fdf00000| PB 0x00000000fdf00000| Complete 
|2016|0x00000000fe000000, 0x00000000fe100000, 0x00000000fe100000|100%| E|CS|TAMS 0x00000000fe000000| PB 0x00000000fe000000| Complete 
|2017|0x00000000fe100000, 0x00000000fe200000, 0x00000000fe200000|100%| E|CS|TAMS 0x00000000fe100000| PB 0x00000000fe100000| Complete 
|2018|0x00000000fe200000, 0x00000000fe300000, 0x00000000fe300000|100%| E|CS|TAMS 0x00000000fe200000| PB 0x00000000fe200000| Complete 
|2019|0x00000000fe300000, 0x00000000fe400000, 0x00000000fe400000|100%| E|CS|TAMS 0x00000000fe300000| PB 0x00000000fe300000| Complete 
|2020|0x00000000fe400000, 0x00000000fe500000, 0x00000000fe500000|100%| E|CS|TAMS 0x00000000fe400000| PB 0x00000000fe400000| Complete 
|2021|0x00000000fe500000, 0x00000000fe600000, 0x00000000fe600000|100%| O|  |TAMS 0x00000000fe500000| PB 0x00000000fe500000| Untracked 
|2022|0x00000000fe600000, 0x00000000fe700000, 0x00000000fe700000|100%| O|  |TAMS 0x00000000fe600000| PB 0x00000000fe600000| Untracked 
|2023|0x00000000fe700000, 0x00000000fe800000, 0x00000000fe800000|100%| O|Cm|TAMS 0x00000000fe700000| PB 0x00000000fe700000| Complete 
|2024|0x00000000fe800000, 0x00000000fe900000, 0x00000000fe900000|100%| E|CS|TAMS 0x00000000fe800000| PB 0x00000000fe800000| Complete 
|2025|0x00000000fe900000, 0x00000000fea00000, 0x00000000fea00000|100%| E|CS|TAMS 0x00000000fe900000| PB 0x00000000fe900000| Complete 
|2026|0x00000000fea00000, 0x00000000feb00000, 0x00000000feb00000|100%| E|CS|TAMS 0x00000000fea00000| PB 0x00000000fea00000| Complete 
|2027|0x00000000feb00000, 0x00000000fec00000, 0x00000000fec00000|100%| E|CS|TAMS 0x00000000feb00000| PB 0x00000000feb00000| Complete 
|2028|0x00000000fec00000, 0x00000000fed00000, 0x00000000fed00000|100%| E|CS|TAMS 0x00000000fec00000| PB 0x00000000fec00000| Complete 
|2029|0x00000000fed00000, 0x00000000fee00000, 0x00000000fee00000|100%| E|CS|TAMS 0x00000000fed00000| PB 0x00000000fed00000| Complete 
|2030|0x00000000fee00000, 0x00000000fef00000, 0x00000000fef00000|100%| O|Cm|TAMS 0x00000000fee00000| PB 0x00000000fee00000| Complete 
|2031|0x00000000fef00000, 0x00000000ff000000, 0x00000000ff000000|100%| E|CS|TAMS 0x00000000fef00000| PB 0x00000000fef00000| Complete 
|2032|0x00000000ff000000, 0x00000000ff100000, 0x00000000ff100000|100%| E|CS|TAMS 0x00000000ff000000| PB 0x00000000ff000000| Complete 
|2033|0x00000000ff100000, 0x00000000ff200000, 0x00000000ff200000|100%| O|  |TAMS 0x00000000ff100000| PB 0x00000000ff100000| Untracked 
|2034|0x00000000ff200000, 0x00000000ff300000, 0x00000000ff300000|100%| O|  |TAMS 0x00000000ff200000| PB 0x00000000ff200000| Untracked 
|2035|0x00000000ff300000, 0x00000000ff400000, 0x00000000ff400000|100%| E|CS|TAMS 0x00000000ff300000| PB 0x00000000ff300000| Complete 
|2036|0x00000000ff400000, 0x00000000ff500000, 0x00000000ff500000|100%| E|CS|TAMS 0x00000000ff400000| PB 0x00000000ff400000| Complete 
|2037|0x00000000ff500000, 0x00000000ff600000, 0x00000000ff600000|100%| O|  |TAMS 0x00000000ff500000| PB 0x00000000ff500000| Untracked 
|2038|0x00000000ff600000, 0x00000000ff700000, 0x00000000ff700000|100%| O|  |TAMS 0x00000000ff600000| PB 0x00000000ff600000| Untracked 
|2039|0x00000000ff700000, 0x00000000ff800000, 0x00000000ff800000|100%| O|  |TAMS 0x00000000ff700000| PB 0x00000000ff700000| Untracked 
|2040|0x00000000ff800000, 0x00000000ff900000, 0x00000000ff900000|100%| O|  |TAMS 0x00000000ff800000| PB 0x00000000ff800000| Untracked 
|2041|0x00000000ff900000, 0x00000000ffa00000, 0x00000000ffa00000|100%| O|  |TAMS 0x00000000ff900000| PB 0x00000000ff900000| Untracked 
|2042|0x00000000ffa00000, 0x00000000ffb00000, 0x00000000ffb00000|100%| O|  |TAMS 0x00000000ffa00000| PB 0x00000000ffa00000| Untracked 
|2043|0x00000000ffb00000, 0x00000000ffc00000, 0x00000000ffc00000|100%| E|CS|TAMS 0x00000000ffb00000| PB 0x00000000ffb00000| Complete 
|2044|0x00000000ffc00000, 0x00000000ffd00000, 0x00000000ffd00000|100%| E|CS|TAMS 0x00000000ffc00000| PB 0x00000000ffc00000| Complete 
|2045|0x00000000ffd00000, 0x00000000ffe00000, 0x00000000ffe00000|100%| O|  |TAMS 0x00000000ffd00000| PB 0x00000000ffd00000| Untracked 
|2046|0x00000000ffe00000, 0x00000000fff00000, 0x00000000fff00000|100%| O|  |TAMS 0x00000000ffe00000| PB 0x00000000ffe00000| Untracked 
|2047|0x00000000fff00000, 0x0000000100000000, 0x0000000100000000|100%| O|  |TAMS 0x00000000fff00000| PB 0x00000000fff00000| Untracked 

Card table byte_map: [0x000002989d500000,0x000002989d900000] _byte_map_base: 0x000002989d100000

Marking Bits: (CMBitMap*) 0x000002988b0031b0
 Bits: [0x000002989d900000, 0x000002989f900000)

Polling page: 0x0000029888fa0000

Metaspace:

Usage:
  Non-class:    206.23 MB used.
      Class:     30.10 MB used.
       Both:    236.33 MB used.

Virtual space:
  Non-class space:      256.00 MB reserved,     207.62 MB ( 81%) committed,  4 nodes.
      Class space:        1.00 GB reserved,      31.56 MB (  3%) committed,  1 nodes.
             Both:        1.25 GB reserved,     239.19 MB ( 19%) committed. 

Chunk freelists:
   Non-Class:  48.00 KB
       Class:  482.00 KB
        Both:  530.00 KB

MaxMetaspaceSize: unlimited
CompressedClassSpaceSize: 1.00 GB
Initial GC threshold: 21.00 MB
Current GC threshold: 392.62 MB
CDS: off
 - commit_granule_bytes: 65536.
 - commit_granule_words: 8192.
 - virtual_space_node_default_size: 8388608.
 - enlarge_chunks_in_place: 1.
 - use_allocation_guard: 0.


Internal statistics:

num_allocs_failed_limit: 6.
num_arena_births: 5826.
num_arena_deaths: 30.
num_vsnodes_births: 5.
num_vsnodes_deaths: 0.
num_space_committed: 3821.
num_space_uncommitted: 0.
num_chunks_returned_to_freelist: 43.
num_chunks_taken_from_freelist: 15576.
num_chunk_merges: 8.
num_chunk_splits: 10843.
num_chunks_enlarged: 7609.
num_inconsistent_stats: 0.

CodeHeap 'non-profiled nmethods': size=120000Kb used=19632Kb max_used=22145Kb free=100367Kb
 bounds [0x0000029895bd0000, 0x0000029897180000, 0x000002989d100000]
CodeHeap 'profiled nmethods': size=120000Kb used=26137Kb max_used=50931Kb free=93862Kb
 bounds [0x000002988e100000, 0x0000029891300000, 0x0000029895630000]
CodeHeap 'non-nmethods': size=5760Kb used=3725Kb max_used=3783Kb free=2034Kb
 bounds [0x0000029895630000, 0x0000029895a00000, 0x0000029895bd0000]
 total_blobs=16596 nmethods=15251 adapters=1247
 compilation: enabled
              stopped_count=0, restarted_count=0
 full_count=0

Compilation events (20 events):
Event: 443.441 Thread 0x00000298a607fa60 nmethod 43846 0x000002988e8c9890 code [0x000002988e8c9a40, 0x000002988e8c9b60]
Event: 443.441 Thread 0x00000298a607fa60 43847       3       java.lang.Integer::formatUnsignedInt (40 bytes)
Event: 443.441 Thread 0x00000298a607fa60 nmethod 43847 0x000002988f19bd90 code [0x000002988f19bf40, 0x000002988f19c138]
Event: 443.442 Thread 0x00000298a607fa60 43848       3       java.lang.Class$1::<init> (10 bytes)
Event: 443.443 Thread 0x00000298a607fa60 nmethod 43848 0x000002988f36d590 code [0x000002988f36d740, 0x000002988f36d908]
Event: 443.443 Thread 0x00000298a607fa60 43851       1       java.lang.reflect.Constructor::getSignature (5 bytes)
Event: 443.443 Thread 0x00000298a607fa60 nmethod 43851 0x0000029896443410 code [0x00000298964435a0, 0x0000029896443668]
Event: 443.443 Thread 0x00000298a607fa60 43849       3       java.lang.Class$1::run (5 bytes)
Event: 443.443 Thread 0x00000298a607fa60 nmethod 43849 0x000002988e665390 code [0x000002988e665580, 0x000002988e665a20]
Event: 443.443 Thread 0x00000298a607fa60 43850       3       java.lang.Class$1::run (10 bytes)
Event: 443.443 Thread 0x00000298a607fa60 nmethod 43850 0x000002988e8fe210 code [0x000002988e8fe420, 0x000002988e8fea20]
Event: 443.443 Thread 0x00000298bb2112a0 43852       4       org.gradle.internal.io.StreamByteBuffer::allocateSpace (73 bytes)
Event: 443.444 Thread 0x00000298a607fa60 43854   !   3       org.gradle.internal.serialize.ExceptionReplacingObjectOutputStream$1::transform (15 bytes)
Event: 443.444 Thread 0x00000298a607fa60 nmethod 43854 0x000002988e1de010 code [0x000002988e1de220, 0x000002988e1de960]
Event: 443.447 Thread 0x00000298bb2112a0 nmethod 43852 0x0000029895c8db90 code [0x0000029895c8dd60, 0x0000029895c8e208]
Event: 443.447 Thread 0x00000298bb2112a0 43853       4       org.gradle.internal.io.StreamByteBuffer$StreamByteBufferOutputStream::write (115 bytes)
Event: 443.454 Thread 0x00000298bb2112a0 nmethod 43853 0x00000298969e5f10 code [0x00000298969e6100, 0x00000298969e6880]
Event: 443.457 Thread 0x00000298a607fa60 43855       3       org.gradle.internal.event.DefaultListenerManager$EventBroadcast::maybeRemove (27 bytes)
Event: 443.457 Thread 0x00000298a607fa60 nmethod 43855 0x000002988f741c10 code [0x000002988f741de0, 0x000002988f742118]
Event: 443.457 Thread 0x00000298bb2112a0 43856   !   4       java.util.concurrent.ArrayBlockingQueue::put (58 bytes)

GC Heap History (20 events):
Event: 395.778 GC heap before
{Heap before GC invocations=103 (full 0):
 garbage-first heap   total 763904K, used 643584K [0x0000000080000000, 0x0000000100000000)
  region size 1024K, 244 young (249856K), 4 survivors (4096K)
 Metaspace       used 225667K, committed 228480K, reserved 1310720K
  class space    used 29073K, committed 30464K, reserved 1048576K
}
Event: 395.806 GC heap after
{Heap after GC invocations=104 (full 0):
 garbage-first heap   total 763904K, used 406784K [0x0000000080000000, 0x0000000100000000)
  region size 1024K, 11 young (11264K), 11 survivors (11264K)
 Metaspace       used 225667K, committed 228480K, reserved 1310720K
  class space    used 29073K, committed 30464K, reserved 1048576K
}
Event: 398.183 GC heap before
{Heap before GC invocations=104 (full 0):
 garbage-first heap   total 763904K, used 723200K [0x0000000080000000, 0x0000000100000000)
  region size 1024K, 266 young (272384K), 11 survivors (11264K)
 Metaspace       used 228442K, committed 231232K, reserved 1310720K
  class space    used 29245K, committed 30592K, reserved 1048576K
}
Event: 398.231 GC heap after
{Heap after GC invocations=105 (full 0):
 garbage-first heap   total 763904K, used 464384K [0x0000000080000000, 0x0000000100000000)
  region size 1024K, 34 young (34816K), 34 survivors (34816K)
 Metaspace       used 228442K, committed 231232K, reserved 1310720K
  class space    used 29245K, committed 30592K, reserved 1048576K
}
Event: 398.241 GC heap before
{Heap before GC invocations=105 (full 0):
 garbage-first heap   total 763904K, used 466432K [0x0000000080000000, 0x0000000100000000)
  region size 1024K, 37 young (37888K), 34 survivors (34816K)
 Metaspace       used 228444K, committed 231232K, reserved 1310720K
  class space    used 29245K, committed 30592K, reserved 1048576K
}
Event: 398.279 GC heap after
{Heap after GC invocations=106 (full 0):
 garbage-first heap   total 763904K, used 466362K [0x0000000080000000, 0x0000000100000000)
  region size 1024K, 2 young (2048K), 2 survivors (2048K)
 Metaspace       used 228444K, committed 231232K, reserved 1310720K
  class space    used 29245K, committed 30592K, reserved 1048576K
}
Event: 400.416 GC heap before
{Heap before GC invocations=107 (full 0):
 garbage-first heap   total 797696K, used 729530K [0x0000000080000000, 0x0000000100000000)
  region size 1024K, 207 young (211968K), 2 survivors (2048K)
 Metaspace       used 230761K, committed 233600K, reserved 1310720K
  class space    used 29458K, committed 30848K, reserved 1048576K
}
Event: 400.421 GC heap after
{Heap after GC invocations=108 (full 0):
 garbage-first heap   total 797696K, used 496700K [0x0000000080000000, 0x0000000100000000)
  region size 1024K, 6 young (6144K), 6 survivors (6144K)
 Metaspace       used 230761K, committed 233600K, reserved 1310720K
  class space    used 29458K, committed 30848K, reserved 1048576K
}
Event: 401.640 GC heap before
{Heap before GC invocations=108 (full 0):
 garbage-first heap   total 797696K, used 720956K [0x0000000080000000, 0x0000000100000000)
  region size 1024K, 224 young (229376K), 6 survivors (6144K)
 Metaspace       used 230972K, committed 233792K, reserved 1310720K
  class space    used 29471K, committed 30848K, reserved 1048576K
}
Event: 401.655 GC heap after
{Heap after GC invocations=109 (full 0):
 garbage-first heap   total 797696K, used 460997K [0x0000000080000000, 0x0000000100000000)
  region size 1024K, 6 young (6144K), 6 survivors (6144K)
 Metaspace       used 230972K, committed 233792K, reserved 1310720K
  class space    used 29471K, committed 30848K, reserved 1048576K
}
Event: 411.844 GC heap before
{Heap before GC invocations=109 (full 0):
 garbage-first heap   total 797696K, used 719045K [0x0000000080000000, 0x0000000100000000)
  region size 1024K, 259 young (265216K), 6 survivors (6144K)
 Metaspace       used 231778K, committed 234560K, reserved 1310720K
  class space    used 29539K, committed 30912K, reserved 1048576K
}
Event: 411.851 GC heap after
{Heap after GC invocations=110 (full 0):
 garbage-first heap   total 797696K, used 462836K [0x0000000080000000, 0x0000000100000000)
  region size 1024K, 8 young (8192K), 8 survivors (8192K)
 Metaspace       used 231778K, committed 234560K, reserved 1310720K
  class space    used 29539K, committed 30912K, reserved 1048576K
}
Event: 413.050 GC heap before
{Heap before GC invocations=111 (full 0):
 garbage-first heap   total 797696K, used 658420K [0x0000000080000000, 0x0000000100000000)
  region size 1024K, 271 young (277504K), 8 survivors (8192K)
 Metaspace       used 231804K, committed 234560K, reserved 1310720K
  class space    used 29539K, committed 30912K, reserved 1048576K
}
Event: 413.055 GC heap after
{Heap after GC invocations=112 (full 0):
 garbage-first heap   total 797696K, used 386288K [0x0000000080000000, 0x0000000100000000)
  region size 1024K, 4 young (4096K), 4 survivors (4096K)
 Metaspace       used 231804K, committed 234560K, reserved 1310720K
  class space    used 29539K, committed 30912K, reserved 1048576K
}
Event: 413.884 GC heap before
{Heap before GC invocations=112 (full 0):
 garbage-first heap   total 797696K, used 736496K [0x0000000080000000, 0x0000000100000000)
  region size 1024K, 340 young (348160K), 4 survivors (4096K)
 Metaspace       used 231805K, committed 234560K, reserved 1310720K
  class space    used 29539K, committed 30912K, reserved 1048576K
}
Event: 413.918 GC heap after
{Heap after GC invocations=113 (full 0):
 garbage-first heap   total 797696K, used 328510K [0x0000000080000000, 0x0000000100000000)
  region size 1024K, 5 young (5120K), 5 survivors (5120K)
 Metaspace       used 231805K, committed 234560K, reserved 1310720K
  class space    used 29539K, committed 30912K, reserved 1048576K
}
Event: 435.677 GC heap before
{Heap before GC invocations=113 (full 0):
 garbage-first heap   total 797696K, used 730942K [0x0000000080000000, 0x0000000100000000)
  region size 1024K, 399 young (408576K), 5 survivors (5120K)
 Metaspace       used 237854K, committed 240768K, reserved 1310720K
  class space    used 30342K, committed 31808K, reserved 1048576K
}
Event: 435.735 GC heap after
{Heap after GC invocations=114 (full 0):
 garbage-first heap   total 797696K, used 302592K [0x0000000080000000, 0x0000000100000000)
  region size 1024K, 13 young (13312K), 13 survivors (13312K)
 Metaspace       used 237854K, committed 240768K, reserved 1310720K
  class space    used 30342K, committed 31808K, reserved 1048576K
}
Event: 438.155 GC heap before
{Heap before GC invocations=114 (full 0):
 garbage-first heap   total 797696K, used 446976K [0x0000000080000000, 0x0000000100000000)
  region size 1024K, 156 young (159744K), 13 survivors (13312K)
 Metaspace       used 238208K, committed 241088K, reserved 1310720K
  class space    used 30390K, committed 31808K, reserved 1048576K
}
Event: 438.173 GC heap after
{Heap after GC invocations=115 (full 0):
 garbage-first heap   total 797696K, used 312320K [0x0000000080000000, 0x0000000100000000)
  region size 1024K, 23 young (23552K), 23 survivors (23552K)
 Metaspace       used 238208K, committed 241088K, reserved 1310720K
  class space    used 30390K, committed 31808K, reserved 1048576K
}

Dll operation events (3 events):
Event: 0.041 Loaded shared library D:\Android\jbr\bin\java.dll
Event: 0.045 Loaded shared library D:\Android\jbr\bin\zip.dll
Event: 0.437 Loaded shared library D:\Android\jbr\bin\verify.dll

Deoptimization events (20 events):
Event: 443.397 Thread 0x00000298a7cdb0b0 Uncommon trap: trap_request=0xffffff45 fr.pc=0x0000029896fb6100 relative=0x0000000000000380
Event: 443.397 Thread 0x00000298a7cdb0b0 Uncommon trap: reason=unstable_if action=reinterpret pc=0x0000029896fb6100 method=java.io.ObjectStreamClass$FieldReflector.getPrimFieldValues(Ljava/lang/Object;[B)V @ 44 c2
Event: 443.397 Thread 0x00000298a7cdb0b0 DEOPT PACKING pc=0x0000029896fb6100 sp=0x000000b17fefcfd0
Event: 443.397 Thread 0x00000298a7cdb0b0 DEOPT UNPACKING pc=0x0000029895687da2 sp=0x000000b17fefcf58 mode 2
Event: 443.397 Thread 0x00000298a7cdb0b0 Uncommon trap: trap_request=0xffffffde fr.pc=0x00000298966e47ac relative=0x000000000000018c
Event: 443.397 Thread 0x00000298a7cdb0b0 Uncommon trap: reason=class_check action=maybe_recompile pc=0x00000298966e47ac method=java.lang.String.equals(Ljava/lang/Object;)Z @ 8 c2
Event: 443.397 Thread 0x00000298a7cdb0b0 DEOPT PACKING pc=0x00000298966e47ac sp=0x000000b17fefcd20
Event: 443.397 Thread 0x00000298a7cdb0b0 DEOPT UNPACKING pc=0x0000029895687da2 sp=0x000000b17fefccb8 mode 2
Event: 443.397 Thread 0x00000298a7cdb0b0 Uncommon trap: trap_request=0xffffffde fr.pc=0x00000298966e47ac relative=0x000000000000018c
Event: 443.397 Thread 0x00000298a7cdb0b0 Uncommon trap: reason=class_check action=maybe_recompile pc=0x00000298966e47ac method=java.lang.String.equals(Ljava/lang/Object;)Z @ 8 c2
Event: 443.397 Thread 0x00000298a7cdb0b0 DEOPT PACKING pc=0x00000298966e47ac sp=0x000000b17fefcd20
Event: 443.397 Thread 0x00000298a7cdb0b0 DEOPT UNPACKING pc=0x0000029895687da2 sp=0x000000b17fefccb8 mode 2
Event: 443.397 Thread 0x00000298a7cdb0b0 Uncommon trap: trap_request=0xffffffde fr.pc=0x00000298966e47ac relative=0x000000000000018c
Event: 443.397 Thread 0x00000298a7cdb0b0 Uncommon trap: reason=class_check action=maybe_recompile pc=0x00000298966e47ac method=java.lang.String.equals(Ljava/lang/Object;)Z @ 8 c2
Event: 443.397 Thread 0x00000298a7cdb0b0 DEOPT PACKING pc=0x00000298966e47ac sp=0x000000b17fefcd20
Event: 443.397 Thread 0x00000298a7cdb0b0 DEOPT UNPACKING pc=0x0000029895687da2 sp=0x000000b17fefccb8 mode 2
Event: 443.397 Thread 0x00000298a7cdb0b0 Uncommon trap: trap_request=0xffffffde fr.pc=0x00000298966e47ac relative=0x000000000000018c
Event: 443.397 Thread 0x00000298a7cdb0b0 Uncommon trap: reason=class_check action=maybe_recompile pc=0x00000298966e47ac method=java.lang.String.equals(Ljava/lang/Object;)Z @ 8 c2
Event: 443.397 Thread 0x00000298a7cdb0b0 DEOPT PACKING pc=0x00000298966e47ac sp=0x000000b17fefcd20
Event: 443.397 Thread 0x00000298a7cdb0b0 DEOPT UNPACKING pc=0x0000029895687da2 sp=0x000000b17fefccb8 mode 2

Classes loaded (20 events):
Event: 443.022 Loading class java/time/temporal/TemporalQueries$1
Event: 443.022 Loading class java/time/temporal/TemporalQueries$1 done
Event: 443.022 Loading class java/time/temporal/TemporalQueries$2
Event: 443.022 Loading class java/time/temporal/TemporalQueries$2 done
Event: 443.022 Loading class java/time/temporal/TemporalQueries$3
Event: 443.022 Loading class java/time/temporal/TemporalQueries$3 done
Event: 443.022 Loading class java/time/temporal/TemporalQueries$4
Event: 443.022 Loading class java/time/temporal/TemporalQueries$4 done
Event: 443.022 Loading class java/time/temporal/TemporalQueries$5
Event: 443.022 Loading class java/time/temporal/TemporalQueries$5 done
Event: 443.022 Loading class java/time/temporal/TemporalQueries$6
Event: 443.022 Loading class java/time/temporal/TemporalQueries$6 done
Event: 443.022 Loading class java/time/temporal/TemporalQueries$7
Event: 443.022 Loading class java/time/temporal/TemporalQueries$7 done
Event: 443.022 Loading class java/time/LocalDate$1
Event: 443.023 Loading class java/time/LocalDate$1 done
Event: 443.080 Loading class java/util/concurrent/ConcurrentHashMap$EntrySpliterator
Event: 443.081 Loading class java/util/concurrent/ConcurrentHashMap$EntrySpliterator done
Event: 443.432 Loading class java/util/Collections$EmptyListIterator
Event: 443.434 Loading class java/util/Collections$EmptyListIterator done

Classes unloaded (15 events):
Event: 362.509 Thread 0x00000298a1dee3d0 Unloading class 0x00000001019a9000 'jdk/internal/reflect/GeneratedSerializationConstructorAccessor76'
Event: 370.531 Thread 0x00000298a1dee3d0 Unloading class 0x0000000101b9c400 'java/lang/invoke/LambdaForm$DMH+0x0000000101b9c400'
Event: 372.086 Thread 0x00000298a1dee3d0 Unloading class 0x0000000101d2b000 'java/lang/invoke/LambdaForm$MH+0x0000000101d2b000'
Event: 372.086 Thread 0x00000298a1dee3d0 Unloading class 0x0000000101d2a800 'java/lang/invoke/LambdaForm$MH+0x0000000101d2a800'
Event: 372.086 Thread 0x00000298a1dee3d0 Unloading class 0x0000000101d2a000 'java/lang/invoke/LambdaForm$MH+0x0000000101d2a000'
Event: 372.086 Thread 0x00000298a1dee3d0 Unloading class 0x0000000101d29800 'java/lang/invoke/LambdaForm$MH+0x0000000101d29800'
Event: 372.086 Thread 0x00000298a1dee3d0 Unloading class 0x0000000101d29400 'java/lang/invoke/LambdaForm$MH+0x0000000101d29400'
Event: 372.086 Thread 0x00000298a1dee3d0 Unloading class 0x0000000101d29000 'java/lang/invoke/LambdaForm$DMH+0x0000000101d29000'
Event: 372.086 Thread 0x00000298a1dee3d0 Unloading class 0x0000000101d28000 'java/lang/invoke/LambdaForm$DMH+0x0000000101d28000'
Event: 372.086 Thread 0x00000298a1dee3d0 Unloading class 0x0000000101cd8800 'java/lang/invoke/LambdaForm$DMH+0x0000000101cd8800'
Event: 372.086 Thread 0x00000298a1dee3d0 Unloading class 0x0000000101cd8400 'java/lang/invoke/LambdaForm$DMH+0x0000000101cd8400'
Event: 372.086 Thread 0x00000298a1dee3d0 Unloading class 0x0000000101bf8000 'java/lang/invoke/LambdaForm$DMH+0x0000000101bf8000'
Event: 393.189 Thread 0x00000298a1dee3d0 Unloading class 0x0000000101de0c00 'java/lang/invoke/LambdaForm$DMH+0x0000000101de0c00'
Event: 393.189 Thread 0x00000298a1dee3d0 Unloading class 0x0000000101de0400 'java/lang/invoke/LambdaForm$DMH+0x0000000101de0400'
Event: 393.189 Thread 0x00000298a1dee3d0 Unloading class 0x0000000101de0800 'java/lang/invoke/LambdaForm$DMH+0x0000000101de0800'

Classes redefined (0 events):
No events

Internal exceptions (20 events):
Event: 442.178 Thread 0x00000298bbe189c0 Exception <a 'sun/nio/fs/WindowsException'{0x00000000ff38c4a8}> (0x00000000ff38c4a8) 
thrown [s\src\hotspot\share\prims\jni.cpp, line 537]
Event: 442.178 Thread 0x00000298bbe189c0 Exception <a 'sun/nio/fs/WindowsException'{0x00000000ff38e2d8}> (0x00000000ff38e2d8) 
thrown [s\src\hotspot\share\prims\jni.cpp, line 537]
Event: 442.178 Thread 0x00000298bbe189c0 Exception <a 'sun/nio/fs/WindowsException'{0x00000000ff38fd28}> (0x00000000ff38fd28) 
thrown [s\src\hotspot\share\prims\jni.cpp, line 537]
Event: 442.218 Thread 0x00000298bbe189c0 Exception <a 'sun/nio/fs/WindowsException'{0x00000000fed77c00}> (0x00000000fed77c00) 
thrown [s\src\hotspot\share\prims\jni.cpp, line 537]
Event: 442.218 Thread 0x00000298bbe189c0 Exception <a 'sun/nio/fs/WindowsException'{0x00000000fed78d98}> (0x00000000fed78d98) 
thrown [s\src\hotspot\share\prims\jni.cpp, line 537]
Event: 442.218 Thread 0x00000298bbe189c0 Exception <a 'sun/nio/fs/WindowsException'{0x00000000fed78ec8}> (0x00000000fed78ec8) 
thrown [s\src\hotspot\share\prims\jni.cpp, line 537]
Event: 442.364 Thread 0x00000298bb780e10 Exception <a 'java/lang/NoSuchMethodError'{0x00000000fe87d380}: 'java.lang.Object java.lang.invoke.DirectMethodHandle$Holder.invokeSpecial(java.lang.Object, java.lang.Object, java.lang.Object, java.lang.Object, java.lang.Object, int, java.lang.Object, java.lang.Object)'> (0x00000000fe87d380) 
thrown [s\src\hotspot\share\interpreter\linkResolver.cpp, line 784]
Event: 442.376 Thread 0x00000298bb780e10 Implicit null exception at 0x000002989628d7a7 to 0x000002989628d86c
Event: 442.461 Thread 0x00000298bb780e10 Exception <a 'sun/nio/fs/WindowsException'{0x00000000fe2836b0}> (0x00000000fe2836b0) 
thrown [s\src\hotspot\share\prims\jni.cpp, line 537]
Event: 442.468 Thread 0x00000298bb780e10 Implicit null exception at 0x0000029895ebc1dc to 0x0000029895ebcac0
Event: 442.838 Thread 0x00000298bb780e10 Exception <a 'java/lang/ClassNotFoundException'{0x00000000fde6d880}: sun/misc/SharedSecrets> (0x00000000fde6d880) 
thrown [s\src\hotspot\share\classfile\systemDictionary.cpp, line 312]
Event: 442.894 Thread 0x00000298a7e104f0 Exception <a 'java/lang/NoSuchMethodError'{0x00000000fda96650}: static Lorg/gradle/internal/build/event/types/DefaultTaskFailureResult;.<clinit>()V> (0x00000000fda96650) 
thrown [s\src\hotspot\share\prims\jni.cpp, line 1144]
Event: 442.895 Thread 0x00000298a7e104f0 Exception <a 'java/lang/NoSuchMethodError'{0x00000000fdaaebb0}: static Lorg/gradle/internal/build/event/types/DefaultFailure;.<clinit>()V> (0x00000000fdaaebb0) 
thrown [s\src\hotspot\share\prims\jni.cpp, line 1144]
Event: 442.994 Thread 0x00000298a7cdb0b0 Exception <a 'sun/nio/fs/WindowsException'{0x00000000fd828d38}> (0x00000000fd828d38) 
thrown [s\src\hotspot\share\prims\jni.cpp, line 537]
Event: 443.032 Thread 0x00000298b2ce5e60 Exception <a 'sun/nio/fs/WindowsException'{0x00000000fd74da98}> (0x00000000fd74da98) 
thrown [s\src\hotspot\share\prims\jni.cpp, line 537]
Event: 443.053 Thread 0x00000298a7cdb0b0 Exception <a 'java/lang/IncompatibleClassChangeError'{0x00000000fd7e57a0}: Found class java.lang.Object, but interface was expected> (0x00000000fd7e57a0) 
thrown [s\src\hotspot\share\interpreter\linkResolver.cpp, line 851]
Event: 443.095 Thread 0x00000298a7cdb0b0 Exception <a 'java/lang/NoSuchMethodError'{0x00000000fd5bc0d0}: 'void java.lang.invoke.DirectMethodHandle$Holder.invokeStatic(java.lang.Object, int, java.lang.Object)'> (0x00000000fd5bc0d0) 
thrown [s\src\hotspot\share\interpreter\linkResolver.cpp, line 784]
Event: 443.292 Thread 0x00000298a7cdb0b0 Exception <a 'java/lang/IncompatibleClassChangeError'{0x00000000fd0c62f0}: Found class java.lang.Object, but interface was expected> (0x00000000fd0c62f0) 
thrown [s\src\hotspot\share\interpreter\linkResolver.cpp, line 851]
Event: 443.353 Thread 0x00000298a7cdb0b0 Implicit null exception at 0x000002989607f1bd to 0x000002989607f21c
Event: 443.354 Thread 0x00000298a7cdb0b0 Exception <a 'java/lang/IncompatibleClassChangeError'{0x00000000fd0f2cb0}: Found class java.lang.Object, but interface was expected> (0x00000000fd0f2cb0) 
thrown [s\src\hotspot\share\interpreter\linkResolver.cpp, line 851]

ZGC Phase Switch (0 events):
No events

VM Operations (20 events):
Event: 438.155 Executing VM operation: G1TryInitiateConcMark (G1 Humongous Allocation)
Event: 438.173 Executing VM operation: G1TryInitiateConcMark (G1 Humongous Allocation) done
Event: 438.606 Executing VM operation: G1PauseRemark
Event: 438.625 Executing VM operation: G1PauseRemark done
Event: 438.868 Executing VM operation: G1PauseCleanup
Event: 438.868 Executing VM operation: G1PauseCleanup done
Event: 442.811 Executing VM operation: HandshakeAllThreads (Deoptimize)
Event: 442.811 Executing VM operation: HandshakeAllThreads (Deoptimize) done
Event: 442.811 Executing VM operation: Cleanup
Event: 442.813 Executing VM operation: Cleanup done
Event: 442.813 Executing VM operation: HandshakeAllThreads (Deoptimize)
Event: 442.814 Executing VM operation: HandshakeAllThreads (Deoptimize) done
Event: 443.098 Executing VM operation: HandshakeAllThreads (Deoptimize)
Event: 443.098 Executing VM operation: HandshakeAllThreads (Deoptimize) done
Event: 443.227 Executing VM operation: ICBufferFull
Event: 443.227 Executing VM operation: ICBufferFull done
Event: 443.367 Executing VM operation: HandshakeAllThreads (Deoptimize)
Event: 443.367 Executing VM operation: HandshakeAllThreads (Deoptimize) done
Event: 443.389 Executing VM operation: HandshakeAllThreads (Deoptimize)
Event: 443.391 Executing VM operation: HandshakeAllThreads (Deoptimize) done

Memory protections (0 events):
No events

Nmethod flushes (20 events):
Event: 438.623 Thread 0x00000298a1dee3d0 flushing  nmethod 0x0000029890f7d390
Event: 438.623 Thread 0x00000298a1dee3d0 flushing  nmethod 0x0000029890f9ed90
Event: 438.623 Thread 0x00000298a1dee3d0 flushing  nmethod 0x0000029890f9ff10
Event: 438.623 Thread 0x00000298a1dee3d0 flushing  nmethod 0x0000029890fa0690
Event: 438.623 Thread 0x00000298a1dee3d0 flushing  nmethod 0x0000029890fa0b10
Event: 438.623 Thread 0x00000298a1dee3d0 flushing  nmethod 0x000002989104f410
Event: 438.623 Thread 0x00000298a1dee3d0 flushing  nmethod 0x000002989104f790
Event: 438.623 Thread 0x00000298a1dee3d0 flushing  nmethod 0x000002989104fc10
Event: 438.623 Thread 0x00000298a1dee3d0 flushing  nmethod 0x000002989104ff90
Event: 438.623 Thread 0x00000298a1dee3d0 flushing  nmethod 0x0000029891050590
Event: 438.623 Thread 0x00000298a1dee3d0 flushing  nmethod 0x0000029891051210
Event: 438.623 Thread 0x00000298a1dee3d0 flushing  nmethod 0x0000029891052710
Event: 438.623 Thread 0x00000298a1dee3d0 flushing  nmethod 0x00000298910c7790
Event: 438.623 Thread 0x00000298a1dee3d0 flushing  nmethod 0x00000298910f5210
Event: 438.623 Thread 0x00000298a1dee3d0 flushing  nmethod 0x00000298910f5590
Event: 438.623 Thread 0x00000298a1dee3d0 flushing  nmethod 0x0000029891177d90
Event: 438.623 Thread 0x00000298a1dee3d0 flushing  nmethod 0x000002989117c010
Event: 438.623 Thread 0x00000298a1dee3d0 flushing  nmethod 0x000002989117d410
Event: 438.623 Thread 0x00000298a1dee3d0 flushing  nmethod 0x00000298911f0890
Event: 438.623 Thread 0x00000298a1dee3d0 flushing  nmethod 0x00000298912ab210

Events (20 events):
Event: 442.469 Thread 0x00000298bd441f20 Thread added: 0x00000298b2767f90
Event: 442.469 Thread 0x00000298b2767f90 Thread added: 0x00000298bd4432d0
Event: 442.751 Thread 0x00000298bb20e2f0 Thread exited: 0x00000298bb20e2f0
Event: 442.935 Thread 0x00000298b17d3c40 Thread exited: 0x00000298b17d3c40
Event: 442.936 Thread 0x00000298b17cfaa0 Thread exited: 0x00000298b17cfaa0
Event: 442.938 Thread 0x00000298b17d0e50 Thread exited: 0x00000298b17d0e50
Event: 443.012 Thread 0x00000298a607fa60 Thread added: 0x00000298bb2112a0
Event: 443.025 Thread 0x00000298a7cdb0b0 Thread added: 0x00000298b2ce5e60
Event: 443.029 Thread 0x00000298bb77fa60 Thread exited: 0x00000298bb77fa60
Event: 443.043 Thread 0x00000298bb77f3d0 Thread exited: 0x00000298bb77f3d0
Event: 443.043 Thread 0x00000298bb7800f0 Thread exited: 0x00000298bb7800f0
Event: 443.296 Thread 0x00000298a7e160d0 Thread exited: 0x00000298a7e160d0
Event: 443.300 Thread 0x00000298a7e118a0 Thread exited: 0x00000298a7e118a0
Event: 443.317 Thread 0x00000298b155e090 Thread exited: 0x00000298b155e090
Event: 443.328 Thread 0x00000298a7e15a40 Thread exited: 0x00000298a7e15a40
Event: 443.328 Thread 0x00000298a6663b60 Thread exited: 0x00000298a6663b60
Event: 443.331 Thread 0x00000298b155fa10 Thread exited: 0x00000298b155fa10
Event: 443.332 Thread 0x00000298b15600a0 Thread exited: 0x00000298b15600a0
Event: 443.332 Thread 0x00000298b155ecf0 Thread exited: 0x00000298b155ecf0
Event: 443.458 Thread 0x00000298a7e12c50 Thread exited: 0x00000298a7e12c50


Dynamic libraries:
0x00007ff7d41d0000 - 0x00007ff7d41da000 	D:\Android\jbr\bin\java.exe
0x00007ffdb2c70000 - 0x00007ffdb2e88000 	C:\WINDOWS\SYSTEM32\ntdll.dll
0x00007ffdb1760000 - 0x00007ffdb1824000 	C:\WINDOWS\System32\KERNEL32.DLL
0x00007ffdb0500000 - 0x00007ffdb08d3000 	C:\WINDOWS\System32\KERNELBASE.dll
0x00007ffdafef0000 - 0x00007ffdb0001000 	C:\WINDOWS\System32\ucrtbase.dll
0x00007ffd96be0000 - 0x00007ffd96bfb000 	D:\Android\jbr\bin\VCRUNTIME140.dll
0x00007ffda6cc0000 - 0x00007ffda6cd8000 	D:\Android\jbr\bin\jli.dll
0x00007ffdb1a30000 - 0x00007ffdb1be2000 	C:\WINDOWS\System32\USER32.dll
0x00007ffdb08e0000 - 0x00007ffdb0906000 	C:\WINDOWS\System32\win32u.dll
0x00007ffd9abd0000 - 0x00007ffd9ae6c000 	C:\WINDOWS\WinSxS\amd64_microsoft.windows.common-controls_6595b64144ccf1df_6.0.22621.6060_none_2712eda17382d24b\COMCTL32.dll
0x00007ffdb1bf0000 - 0x00007ffdb1c97000 	C:\WINDOWS\System32\msvcrt.dll
0x00007ffdb1560000 - 0x00007ffdb1589000 	C:\WINDOWS\System32\GDI32.dll
0x00007ffdb0010000 - 0x00007ffdb012b000 	C:\WINDOWS\System32\gdi32full.dll
0x00007ffdb0460000 - 0x00007ffdb04fa000 	C:\WINDOWS\System32\msvcp_win.dll
0x00007ffdb1ed0000 - 0x00007ffdb1f01000 	C:\WINDOWS\System32\IMM32.DLL
0x00007ffda9500000 - 0x00007ffda950c000 	D:\Android\jbr\bin\vcruntime140_1.dll
0x00007ffd6fa10000 - 0x00007ffd6fa9d000 	D:\Android\jbr\bin\msvcp140.dll
0x00007ffd052a0000 - 0x00007ffd05f2e000 	D:\Android\jbr\bin\server\jvm.dll
0x00007ffdb0910000 - 0x00007ffdb09c1000 	C:\WINDOWS\System32\ADVAPI32.dll
0x00007ffdb15a0000 - 0x00007ffdb1648000 	C:\WINDOWS\System32\sechost.dll
0x00007ffdb0330000 - 0x00007ffdb0358000 	C:\WINDOWS\System32\bcrypt.dll
0x00007ffdb1900000 - 0x00007ffdb1a18000 	C:\WINDOWS\System32\RPCRT4.dll
0x00007ffdb0bc0000 - 0x00007ffdb0c31000 	C:\WINDOWS\System32\WS2_32.dll
0x00007ffdaf530000 - 0x00007ffdaf57d000 	C:\WINDOWS\SYSTEM32\POWRPROF.dll
0x00007ffda70b0000 - 0x00007ffda70e4000 	C:\WINDOWS\SYSTEM32\WINMM.dll
0x00007ffda53e0000 - 0x00007ffda53ea000 	C:\WINDOWS\SYSTEM32\VERSION.dll
0x00007ffdaf3b0000 - 0x00007ffdaf3c3000 	C:\WINDOWS\SYSTEM32\UMPDC.dll
0x00007ffdaed60000 - 0x00007ffdaed78000 	C:\WINDOWS\SYSTEM32\kernel.appcore.dll
0x00007ffda6ca0000 - 0x00007ffda6caa000 	D:\Android\jbr\bin\jimage.dll
0x00007ffdad780000 - 0x00007ffdad9b3000 	C:\WINDOWS\SYSTEM32\DBGHELP.DLL
0x00007ffdb0ef0000 - 0x00007ffdb1281000 	C:\WINDOWS\System32\combase.dll
0x00007ffdb0e00000 - 0x00007ffdb0ed8000 	C:\WINDOWS\System32\OLEAUT32.dll
0x00007ffd8a800000 - 0x00007ffd8a832000 	C:\WINDOWS\SYSTEM32\dbgcore.DLL
0x00007ffdb0360000 - 0x00007ffdb03db000 	C:\WINDOWS\System32\bcryptPrimitives.dll
0x00007ffd98870000 - 0x00007ffd9887e000 	D:\Android\jbr\bin\instrument.dll
0x00007ffd96bc0000 - 0x00007ffd96be0000 	D:\Android\jbr\bin\java.dll
0x00007ffd96ba0000 - 0x00007ffd96bb8000 	D:\Android\jbr\bin\zip.dll
0x00007ffdb1f10000 - 0x00007ffdb27ac000 	C:\WINDOWS\System32\SHELL32.dll
0x00007ffdb0130000 - 0x00007ffdb026f000 	C:\WINDOWS\System32\wintypes.dll
0x00007ffdadc80000 - 0x00007ffdae59a000 	C:\WINDOWS\SYSTEM32\windows.storage.dll
0x00007ffdb1ca0000 - 0x00007ffdb1da4000 	C:\WINDOWS\System32\SHCORE.dll
0x00007ffdb1e60000 - 0x00007ffdb1ec9000 	C:\WINDOWS\System32\shlwapi.dll
0x00007ffdafcb0000 - 0x00007ffdafcd5000 	C:\WINDOWS\SYSTEM32\profapi.dll
0x00007ffda4730000 - 0x00007ffda4740000 	D:\Android\jbr\bin\net.dll
0x00007ffda9d10000 - 0x00007ffda9e3c000 	C:\WINDOWS\SYSTEM32\WINHTTP.dll
0x00007ffdaf2b0000 - 0x00007ffdaf319000 	C:\WINDOWS\system32\mswsock.dll
0x00007ffd96b10000 - 0x00007ffd96b26000 	D:\Android\jbr\bin\nio.dll
0x00007ffda40e0000 - 0x00007ffda40f0000 	D:\Android\jbr\bin\verify.dll
0x00007ffd858b0000 - 0x00007ffd858d7000 	C:\Users\USER\.gradle\native\1def1411415f61bf3af743bc5b6707747c0891f09f0c88961ee8f79bc544acac\windows-amd64\native-platform.dll
0x0000000063020000 - 0x0000000063093000 	C:\Users\USER\.gradle\native\0.2.5\x86_64-windows-gnu\gradle-fileevents.dll
0x00007ffda3fa0000 - 0x00007ffda3fa9000 	D:\Android\jbr\bin\management.dll
0x00007ffd9a9e0000 - 0x00007ffd9a9eb000 	D:\Android\jbr\bin\management_ext.dll
0x00007ffdb1590000 - 0x00007ffdb1598000 	C:\WINDOWS\System32\PSAPI.DLL
0x00007ffdaf580000 - 0x00007ffdaf59b000 	C:\WINDOWS\SYSTEM32\CRYPTSP.dll
0x00007ffdaecc0000 - 0x00007ffdaecf7000 	C:\WINDOWS\system32\rsaenh.dll
0x00007ffdaf3d0000 - 0x00007ffdaf3f8000 	C:\WINDOWS\SYSTEM32\USERENV.dll
0x00007ffdaf5a0000 - 0x00007ffdaf5ac000 	C:\WINDOWS\SYSTEM32\CRYPTBASE.dll
0x00007ffdae7f0000 - 0x00007ffdae81d000 	C:\WINDOWS\SYSTEM32\IPHLPAPI.DLL
0x00007ffdb0ee0000 - 0x00007ffdb0ee9000 	C:\WINDOWS\System32\NSI.dll
0x00007ffda4090000 - 0x00007ffda4099000 	D:\Android\jbr\bin\extnet.dll
0x00007ffd283b0000 - 0x00007ffd283b8000 	C:\WINDOWS\system32\wshunix.dll
0x0000000062f20000 - 0x0000000062f93000 	C:\Users\USER\AppData\Local\Temp\native-platform9738371684075318803dir\gradle-fileevents.dll
0x00007ffdae820000 - 0x00007ffdae918000 	C:\WINDOWS\SYSTEM32\DNSAPI.dll
0x00007ffda4ae0000 - 0x00007ffda4aea000 	C:\Windows\System32\rasadhlp.dll
0x00007ffda4af0000 - 0x00007ffda4b74000 	C:\WINDOWS\System32\fwpuclnt.dll
0x00007ffdaeee0000 - 0x00007ffdaef14000 	C:\WINDOWS\SYSTEM32\ntmarta.dll
0x00007ffd96b00000 - 0x00007ffd96b07000 	D:\Android\jbr\bin\rmi.dll

dbghelp: loaded successfully - version: 4.0.5 - missing functions: none
symbol engine: initialized successfully - sym options: 0x614 - pdb path: .;D:\Android\jbr\bin;C:\WINDOWS\SYSTEM32;C:\WINDOWS\WinSxS\amd64_microsoft.windows.common-controls_6595b64144ccf1df_6.0.22621.6060_none_2712eda17382d24b;D:\Android\jbr\bin\server;C:\Users\USER\.gradle\native\1def1411415f61bf3af743bc5b6707747c0891f09f0c88961ee8f79bc544acac\windows-amd64;C:\Users\USER\.gradle\native\0.2.5\x86_64-windows-gnu;C:\Users\USER\AppData\Local\Temp\native-platform9738371684075318803dir

VM Arguments:
jvm_args: --add-opens=java.base/java.lang=ALL-UNNAMED --add-opens=java.base/java.lang.invoke=ALL-UNNAMED --add-opens=java.base/java.util=ALL-UNNAMED --add-opens=java.prefs/java.util.prefs=ALL-UNNAMED --add-exports=jdk.compiler/com.sun.tools.javac.api=ALL-UNNAMED --add-exports=jdk.compiler/com.sun.tools.javac.util=ALL-UNNAMED --add-opens=java.base/java.util=ALL-UNNAMED --add-opens=java.prefs/java.util.prefs=ALL-UNNAMED --add-opens=java.base/java.nio.charset=ALL-UNNAMED --add-opens=java.base/java.net=ALL-UNNAMED --add-opens=java.base/java.util.concurrent.atomic=ALL-UNNAMED --add-opens=java.xml/javax.xml.namespace=ALL-UNNAMED -Xmx2048m -Dfile.encoding=UTF-8 -Duser.country=US -Duser.language=en -Duser.variant -javaagent:C:\Users\USER\.gradle\wrapper\dists\gradle-8.12-bin\cetblhg4pflnnks72fxwobvgv\gradle-8.12\lib\agents\gradle-instrumentation-agent-8.12.jar 
java_command: org.gradle.launcher.daemon.bootstrap.GradleDaemon 8.12
java_class_path (initial): C:\Users\USER\.gradle\wrapper\dists\gradle-8.12-bin\cetblhg4pflnnks72fxwobvgv\gradle-8.12\lib\gradle-daemon-main-8.12.jar
Launcher Type: SUN_STANDARD

[Global flags]
     intx CICompilerCount                          = 3                                         {product} {ergonomic}
     uint ConcGCThreads                            = 1                                         {product} {ergonomic}
     uint G1ConcRefinementThreads                  = 4                                         {product} {ergonomic}
   size_t G1HeapRegionSize                         = 1048576                                   {product} {ergonomic}
    uintx GCDrainStackTargetSize                   = 64                                        {product} {ergonomic}
   size_t InitialHeapSize                          = 130023424                                 {product} {ergonomic}
   size_t MarkStackSize                            = 4194304                                   {product} {ergonomic}
   size_t MaxHeapSize                              = 2147483648                                {product} {command line}
   size_t MaxNewSize                               = 1287651328                                {product} {ergonomic}
   size_t MinHeapDeltaBytes                        = 1048576                                   {product} {ergonomic}
   size_t MinHeapSize                              = 8388608                                   {product} {ergonomic}
    uintx NonNMethodCodeHeapSize                   = 5832780                                {pd product} {ergonomic}
    uintx NonProfiledCodeHeapSize                  = 122912730                              {pd product} {ergonomic}
    uintx ProfiledCodeHeapSize                     = 122912730                              {pd product} {ergonomic}
    uintx ReservedCodeCacheSize                    = 251658240                              {pd product} {ergonomic}
     bool SegmentedCodeCache                       = true                                      {product} {ergonomic}
   size_t SoftMaxHeapSize                          = 2147483648                             {manageable} {ergonomic}
     bool UseCompressedOops                        = true                           {product lp64_product} {ergonomic}
     bool UseG1GC                                  = true                                      {product} {ergonomic}
     bool UseLargePagesIndividualAllocation        = false                                  {pd product} {ergonomic}

Logging:
Log output configuration:
 #0: stdout all=warning uptime,level,tags foldmultilines=false
 #1: stderr all=off uptime,level,tags foldmultilines=false

Environment Variables:
JAVA_HOME=C:\Program Files\Java\jdk-17
PATH=C:\Program Files\Common Files\Oracle\Java\javapath;C:\Program Files (x86)\Common Files\Intel\Shared Files\cpp\bin\Intel64;C:\WINDOWS\system32;C:\WINDOWS;C:\WINDOWS\System32\Wbem;C:\WINDOWS\System32\WindowsPowerShell\v1.0\;C:\WINDOWS\System32\OpenSSH\;C:\Program Files\Microsoft\Web Platform Installer\;C:\Program Files (x86)\Microsoft ASP.NET\ASP.NET Web Pages\v1.0\;C:\Program Files\Microsoft SQL Server\110\Tools\Binn\;C:\ProgramData\ComposerSetup\bin;C:\Program Files\Git\cmd;C:\Program Files\Java\jdk-1.8\bin;D:\laragon\bin\php;C:\laragon\bin\nginx\nginx-1.19.10;C:\ngrok;D:\kotlin-compiler-2.2.20\kotlinc\bin;C:\Program Files\nodejs\;C:\Program Files\Go\bin;C:\Users\USER\.local\bin;C:\laragon\bin;C:\laragon\bin\apache\httpd-2.4.47-win64-VS16\bin;C:\laragon\bin\composer;C:\laragon\bin\git\bin;C:\laragon\bin\git\cmd;C:\laragon\bin\git\mingw64\bin;C:\laragon\bin\git\usr\bin;C:\laragon\bin\laragon\utils;C:\laragon\bin\mysql\mysql-5.7.33-winx64\bin;C:\laragon\bin\nginx\nginx-1.19.10;C:\laragon\bin\ngrok;C:\laragon\bin\nodejs\node-v14;C:\laragon\bin\notepad++;C:\laragon\bin\php\php-8.4.4-Win32-vs17-x64;C:\laragon\bin\redis\redis-x64-3.2.100;C:\laragon\bin\telnet;C:\laragon\usr\bin;C:\Users\USER\AppData\Local\Yarn\config\global\node_modules\.bin;C:\Users\USER\AppData\Roaming\Composer\vendor\bin;C:\Users\USER\AppData\Roaming\npm;C:\Users\USER\.config\herd-lite\bin;C:\Users\USER\AppData\Local\Microsoft\WindowsApps;C:\Users\USER\AppData\Local\Programs\Microsoft VS Code\bin;C:\Users\USER\AppData\Local\Microsoft\WinGet\Packages\Genymobile.scrcpy_Microsoft.Winget.Source_8wekyb3d8bbwe\scrcpy-win64-v3.3.2;C:\Users\USER\AppData\Local\Python\bin;C:\Users\USER\AppData\Local\Programs\Antigravity\bin;C:\Users\USER\go\bin
USERNAME=Ardhana Syah Hidayat
OS=Windows_NT
PROCESSOR_IDENTIFIER=Intel64 Family 6 Model 140 Stepping 2, GenuineIntel
TMP=C:\Users\USER\AppData\Local\Temp
TEMP=C:\Users\USER\AppData\Local\Temp




Periodic native trim disabled

JNI global refs:
JNI global refs: 30, weak refs: 0

JNI global refs memory usage: 835, weak refs: 833

Process memory usage:
Resident Set Size: 1175512K (14% of 8083660K total physical memory with 535132K free physical memory)

OOME stack traces (most recent first):
Classloader memory used:
